date,open,high,low,close,volume
2014-01-02,97.962927,97.988468,96.728711,97.128769,44247700
2014-01-03,97.486267,97.801208,97.128770,97.622459,26468000
2014-01-06,98.073602,98.116157,96.788310,96.830872,36198000
2014-01-07,97.196875,98.022526,97.128778,97.639488,28545300
2014-01-08,97.699093,97.954451,97.094752,97.767189,30763600
2014-01-09,98.099114,98.218279,97.171325,97.792686,29872800
2014-01-10,97.818224,98.337447,97.375610,98.328934,29174600
2014-01-13,98.141667,98.303388,96.405248,96.984055,45370800
2014-01-14,97.409659,98.320427,97.188349,98.175720,39125300
2014-01-15,98.431114,98.984386,98.363018,98.907776,31644100
2014-01-16,98.780056,99.060942,98.592794,99.026894,23091900
2014-01-17,99.001396,99.103541,98.473665,98.677948,28722300
2014-01-21,99.358874,99.478040,98.550244,99.265244,29828700
2014-01-22,99.324850,99.903656,99.163123,99.767464,24011500
2014-01-23,99.350367,99.401436,98.448113,99.095009,36057500
2014-01-24,98.473646,98.516202,96.371217,96.566986,53591900
2014-01-27,96.847879,96.898948,94.609264,95.154022,60368200
2014-01-28,95.273168,96.175422,95.154003,96.158401,43722200
2014-01-29,95.230637,95.826471,94.498617,94.770996,61904600
2014-01-30,95.613652,96.737216,95.366808,96.183945,40851600
2014-01-31,94.694389,96.183964,94.626293,95.468971,49293400
2014-02-03,95.222134,95.503021,92.055723,92.481316,91686000
2014-02-04,92.940960,93.587856,92.268522,93.179291,53138100
2014-02-05,92.617502,92.906908,91.306675,92.481316,60644600
2014-02-06,92.677105,93.604901,92.651570,93.213356,57611700
2014-02-07,93.604875,94.345402,93.204817,94.268799,44068600
2014-02-10,94.302829,94.558180,93.596343,94.515625,38211600
2014-02-11,94.583716,95.622157,94.370920,95.358292,44394100
2014-02-12,95.503025,96.192490,95.307256,95.732849,42307500
2014-02-13,94.805014,97.094705,94.787993,96.950005,42082400
2014-02-14,96.728701,97.213876,96.303108,97.086197,32428200
2014-02-18,97.375600,98.269340,97.154290,98.099106,33630400
2014-02-19,97.801197,98.431072,97.018108,97.094711,44024300
2014-02-20,97.205407,98.345999,96.958568,98.141716,35919600
2014-02-21,98.414087,98.831166,98.226825,98.448135,34814100
2014-02-24,98.601309,99.852552,98.533219,99.171608,43102800
2014-02-25,99.299268,99.792951,98.890697,99.273727,28474200
2014-02-26,99.341854,100.533515,99.103523,99.886612,40794800
2014-02-27,99.554646,100.490949,99.384412,100.431366,29906200
2014-02-28,100.405835,101.044224,99.418463,100.031311,47362700
2014-03-03,99.180108,99.809989,98.379998,99.495049,50892800
2014-03-04,100.610100,102.635925,100.593079,101.997536,112793900
2014-03-05,102.023090,102.108208,101.691128,101.937973,34691300
2014-03-06,102.244399,102.355051,101.648565,101.920944,35087600
2014-03-07,102.491242,102.542311,101.316602,101.886894,36931800
2014-03-10,101.597456,101.784718,100.856922,101.546387,32089000
2014-03-11,101.640057,101.980526,100.022803,100.490952,50359500
2014-03-12,99.920659,100.814406,99.520600,100.797379,37159100
2014-03-13,101.163401,101.257032,99.060972,99.631271,53542800
2014-03-14,99.273758,100.329233,99.265251,100.048340,46888100
2014-03-17,100.627144,101.376185,100.337738,100.490952,41561600
2014-03-18,100.627132,102.040096,100.524987,101.954979,41606600
2014-03-19,101.869891,101.920960,100.525016,101.291084,47423000
2014-03-20,101.061244,101.750702,100.576068,101.427254,33212900
2014-03-21,101.903923,102.363564,100.916545,100.959106,47110800
2014-03-24,101.350656,101.486849,98.899245,99.810013,66747000
2014-03-25,100.417604,100.963769,99.111929,99.786102,47699700
2014-03-26,100.383454,100.426125,97.840376,97.874512,69052500
2014-03-27,97.891591,98.463357,97.021143,97.627045,65234900
2014-03-28,97.695318,98.992457,97.268626,97.533173,50558000
2014-03-31,98.173199,99.572746,97.823308,99.282593,44599200
2014-04-01,99.530087,100.750426,99.495951,100.588287,47906600
2014-04-02,100.946693,101.108838,100.451729,101.040565,33856500
2014-04-03,101.040597,101.074733,99.572776,100.016533,38473500
2014-04-04,100.665075,100.801620,97.302743,97.703835,86345900
2014-04-07,97.243023,97.490504,95.647200,96.278702,68537700
2014-04-08,96.270156,97.456359,95.749592,96.952866,60087900
2014-04-09,97.285688,98.352417,96.858996,98.352417,42744900
2014-04-10,98.224431,98.232967,95.066915,95.544807,74860200
2014-04-11,94.759675,95.783732,93.752683,94.222046,70998200
2014-04-14,95.194928,95.553347,93.573498,94.486618,62657700
2014-04-15,94.751153,95.339990,92.728639,94.853561,76968000
2014-04-16,95.519184,95.954411,94.921818,95.886139,49353800
2014-04-17,95.570382,96.782191,95.339972,96.364029,50275100
2014-04-21,96.543232,96.884587,95.817858,96.816315,31970700
2014-04-22,96.969927,98.156129,96.833389,97.814781,40541900
2014-04-23,97.695312,97.942787,97.089404,97.200348,33859500
2014-04-24,97.789177,97.857450,96.159219,96.952866,44318900
2014-04-25,96.577377,96.611513,94.904747,95.246101,58386300
2014-04-28,95.587446,96.039738,93.291843,94.691391,66050100
2014-04-29,95.083953,95.561852,94.640196,94.930344,34487600
2014-04-30,94.623132,95.630125,93.829486,95.561859,43929700
2014-05-01,95.365573,96.236021,94.332980,95.527718,78690900
2014-05-02,95.655739,96.534729,95.305855,95.604538,43450300
2014-05-05,94.827967,95.732551,94.324467,95.485069,28108400
2014-05-06,95.075414,95.331425,93.863605,93.931877,45354700
2014-05-07,94.068446,94.256185,92.532353,93.991638,64243800
2014-05-08,93.897763,94.930357,92.754233,93.044380,58520300
2014-05-09,92.754243,93.923374,92.404353,93.897774,48409900
2014-05-12,94.452484,96.466470,94.307411,96.031242,76291700
2014-05-13,95.903187,96.304278,95.015668,95.092476,58122800
2014-05-14,94.810893,94.827965,93.377209,93.547890,65720700
2014-05-15,93.078511,93.197985,91.687499,92.916367,75870500
2014-05-16,92.959054,93.547890,92.191007,93.505219,44666200
2014-05-19,93.249204,94.759697,92.976122,94.512215,35336900
2014-05-20,94.281801,94.307402,92.523827,93.069992,89567900
2014-05-21,93.573490,93.983111,92.634770,93.547890,55278500
2014-05-22,93.838035,94.768226,93.547888,94.520744,41295000
2014-05-23,94.461015,95.596010,94.307406,95.553345,42643800
2014-05-27,96.184816,97.149136,96.133615,96.927261,46373900
2014-05-28,96.713951,96.824889,96.031242,96.423798,37055400
2014-05-29,96.713934,96.935809,96.176298,96.748070,25556800
2014-05-30,96.713942,96.799279,95.869088,96.312851,38856000
2014-06-02,96.492072,96.517672,95.032787,95.792297,40369700
2014-06-03,95.271705,95.886142,94.819413,95.561859,31143700
2014-06-04,95.135149,96.065333,94.862067,95.937325,28835500
2014-06-05,96.193357,98.036661,95.655722,97.951324,67182000
2014-06-06,98.369504,99.197287,98.232966,98.890068,45854000
2014-06-09,98.890066,100.255485,98.702327,99.760521,44025700
2014-06-10,99.530096,99.700776,98.958330,99.564232,39799900
2014-06-11,99.009540,99.274093,98.480446,99.077812,30144700
2014-06-12,98.804720,98.924193,98.062281,98.471901,39481200
2014-06-13,98.710835,98.915652,97.848923,98.642563,33779400
2014-06-16,98.557247,99.120483,98.224428,99.120483,30051100
2014-06-17,99.026612,100.229879,98.804731,99.820259,62573000
2014-06-18,99.760528,100.537103,99.419173,100.494438,37448900
2014-06-19,100.844312,100.895520,99.931192,100.579765,30915900
2014-06-20,100.588299,100.955254,100.323746,100.912582,30104400
2014-06-23,101.125920,101.168592,100.434682,100.716293,21388700
2014-06-24,100.477349,101.475812,99.547164,99.641037,41788300
2014-06-25,99.043673,100.520029,99.035144,100.485893,34620800
2014-06-26,100.520034,100.545634,99.495970,100.315224,28018300
2014-06-27,99.897058,101.134468,99.871457,100.989388,38525100
2014-06-30,100.835771,101.450201,100.554153,101.390465,34195600
2014-07-01,101.774514,103.233799,101.723306,102.423080,65733200
2014-07-02,102.422215,102.764880,101.848255,102.028152,30796700
2014-07-03,102.439324,102.722023,102.156625,102.644920,15933900
2014-07-07,102.319405,102.345104,100.828813,100.888779,32279000
2014-07-08,100.666062,100.828822,99.115503,99.663765,52537600
2014-07-09,99.946466,100.306261,99.389636,99.792267,27891700
2014-07-10,97.770520,99.415310,97.633458,98.729980,50834300
2014-07-11,98.670051,98.841380,98.096091,98.601517,33923700
2014-07-14,99.732291,99.766558,98.858502,99.106934,28823400
2014-07-15,98.995547,99.372479,97.547797,98.130325,49534700
2014-07-16,98.558675,98.592936,97.504981,97.864777,63433000
2014-07-17,97.247976,97.890470,96.117186,96.357056,62221500
2014-07-18,96.536983,98.044699,96.339948,97.856239,46164100
2014-07-21,97.239439,97.650632,96.811109,97.462166,32720500
2014-07-22,98.061820,98.730014,97.821957,98.284554,31326500
2014-07-23,98.524397,98.892760,98.096067,98.404465,26417600
2014-07-24,98.704300,99.072663,97.950435,98.207436,31905100
2014-07-25,97.462144,97.667747,96.982416,97.316513,46514500
2014-07-28,97.539245,97.556376,96.142893,96.828217,37373400
2014-07-29,97.136601,97.753397,96.828203,97.093765,30574500
2014-07-30,97.813391,97.924754,97.068094,97.479294,30219000
2014-07-31,96.485569,96.793967,95.132052,95.251984,61507700
2014-08-01,95.226271,95.688861,94.112611,94.815071,67805300
2014-08-04,95.226280,95.774541,94.138319,95.654610,34646200
2014-08-05,95.183423,96.142884,94.712258,95.414719,44375000
2014-08-06,94.806506,96.348495,94.772238,95.714569,33658300
2014-08-07,96.022972,96.391336,94.892182,95.251984,40852200
2014-08-08,95.371892,96.288517,95.080624,96.177147,32667200
2014-08-11,96.708271,97.847630,96.476976,97.093765,31000700
2014-08-12,96.751133,97.205161,95.980138,96.425598,31188400
2014-08-13,96.733969,97.359333,96.545503,97.179436,23122900
2014-08-14,97.247978,97.427882,96.999553,97.325081,20882100
2014-08-15,98.044661,98.044661,96.168582,97.136604,53713800
2014-08-18,98.087513,98.635775,97.736279,98.550110,33287300
2014-08-19,98.627215,99.141216,98.567249,98.892784,22692600
2014-08-20,98.387350,98.704317,98.010424,98.473015,26266900
2014-08-21,98.413041,98.858508,97.522114,98.687172,33018200
2014-08-22,98.550117,99.055543,98.181753,98.695747,30100100
2014-08-25,99.338231,99.723731,98.789969,99.158333,27808600
2014-08-26,99.269699,100.160626,99.201171,100.057831,34831700
2014-08-27,100.134923,100.177759,99.620929,99.809395,19070100
2014-08-28,99.398205,99.569541,98.952745,99.295410,22817800
2014-08-29,99.509552,100.066376,99.072654,99.852211,26231100
2014-09-02,100.212038,100.657498,99.800838,100.400497,38816400
2014-09-03,100.880216,100.914483,99.603788,99.766556,33266600
2014-09-04,100.040675,100.648902,99.132618,99.381050,26523500
2014-09-05,99.184057,99.732319,98.661494,99.698051,26935300
2014-09-08,99.595217,100.057814,99.226853,99.852211,20347300
2014-09-09,99.680887,99.706586,98.515830,98.670029,36390100
2014-09-10,98.652920,99.312545,98.267419,99.252579,23060600
2014-09-11,98.661481,99.997874,98.635782,99.895073,27075600
2014-09-12,99.843653,99.852214,98.490129,98.832794,32892900
2014-09-15,98.824242,98.858510,97.410753,97.753418,41644400
2014-09-16,97.470705,98.310234,97.145176,98.027534,51365900
2014-09-17,98.078951,98.918480,97.821957,98.284554,45543000
2014-09-18,98.721426,98.969858,98.438733,98.884193,24714600
2014-09-19,99.278276,99.295413,97.325094,97.633492,52459600
2014-09-22,97.179443,97.256539,95.988687,96.262817,45800600
2014-09-23,95.860168,96.476964,95.251941,95.363304,51616800
2014-09-24,95.479294,96.303946,95.006834,96.226631,34323100
2014-09-25,95.977507,96.063406,94.276658,94.603081,49733600
2014-09-26,94.963885,95.539422,94.663225,95.453522,26473300
2014-09-29,94.336808,95.651097,94.250908,95.376213,30619000
2014-09-30,95.281710,95.376202,93.898698,93.933060,55596900
2014-10-01,93.881559,93.967459,92.283794,92.601631,88621100
2014-10-02,92.593007,93.872935,91.862848,93.486382,71825900
2014-10-03,94.276681,94.766318,93.701143,94.190781,44034600
2014-10-06,94.448460,94.551544,93.211486,93.383286,35571200
2014-10-07,92.790586,93.202915,91.785542,91.845673,40271900
2014-10-08,91.639511,93.666782,90.849220,93.606651,51589200
2014-10-09,93.537932,93.546524,91.063976,91.081154,60783400
2014-10-10,90.857805,91.819902,89.844169,89.973022,66579500
2014-10-13,90.058920,91.149870,89.217091,89.612236,72054300
2014-10-14,90.393971,91.905830,90.076134,90.660263,70034800
2014-10-15,89.500560,91.914384,88.942200,91.570778,117497300
2014-10-16,90.325245,93.263068,90.153438,92.601631,100532300
2014-10-17,93.769863,93.821402,91.948753,92.326721,72675000
2014-10-20,91.922992,93.409081,91.914400,93.409081,34914400
2014-10-21,93.915903,94.998255,93.641019,94.946716,44748100
2014-10-22,95.178649,95.401988,93.512162,93.589470,48798300
2014-10-23,94.525792,95.848673,94.293855,95.247360,60795100
2014-10-24,95.281715,95.625321,94.869392,95.410568,41927400
2014-10-27,94.852203,95.427740,94.070505,95.359024,31133700
2014-10-28,95.788553,98.107886,95.608161,98.073524,84912900
2014-10-29,98.236736,98.692012,97.051300,97.841591,67133500
2014-10-30,97.489378,99.112912,97.188725,98.674820,59046200
2014-10-31,100.427193,100.470140,99.542405,100.126534,53133300
2014-11-03,100.289772,100.822363,99.559612,99.954758,39729600
2014-11-04,99.559621,100.075027,99.027030,99.490898,37347600
2014-11-05,100.221040,100.281171,99.258950,99.671272,31073500
2014-11-06,99.628354,100.100807,99.267563,100.100807,31720900
2014-11-07,99.980525,100.255409,99.387804,100.255409,28657700
2014-11-10,100.229641,100.770817,100.040657,100.753639,29371800
2014-11-11,100.607619,100.882503,100.392866,100.822372,23536800
2014-11-12,100.238251,101.432279,100.212482,101.277657,34594700
2014-11-13,101.312007,101.578299,100.178110,100.418633,25135200
2014-11-14,100.452989,100.684919,99.963352,100.238235,23321400
2014-11-17,100.152336,100.444404,99.370637,99.404999,29847300
2014-11-18,99.782960,100.607612,99.430762,99.980530,33717200
2014-11-19,99.860288,99.860288,98.245345,98.915375,38258700
2014-11-20,98.460087,100.040668,98.460087,100.023491,26555000
2014-11-21,101.432250,101.466611,99.782946,100.143730,43240400
2014-11-24,100.281187,101.406499,100.143749,101.337776,24573200
2014-11-25,101.552538,102.033583,100.959817,101.415092,26745900
2014-11-26,101.423661,101.793037,101.226085,101.750084,14640700
2014-11-28,101.775870,101.810224,100.135152,100.238235,21110700
2014-12-01,99.920386,100.049239,98.623275,98.674820,36244100
2014-12-02,98.777887,100.195259,98.769301,99.860245,31812100
2014-12-03,99.886045,101.114434,99.662699,100.822372,29148000
2014-12-04,100.667722,100.762214,99.834479,100.341293,28631900
2014-12-05,100.719276,101.346359,100.470162,101.097244,30261400
2014-12-08,100.736463,101.681383,99.516666,99.834503,32295000
2014-12-09,98.752136,101.595467,98.563152,101.509567,52645900
2014-12-10,101.140173,101.500964,99.267525,99.353432,45413600
2014-12-11,99.825919,101.088670,99.533858,99.748611,36021800
2014-12-12,98.597522,99.636927,98.442900,98.537392,44816000
2014-12-15,99.009820,99.422142,97.205894,97.540909,66361200
2014-12-16,97.343358,99.078561,97.094243,97.403488,62849700
2014-12-17,97.618242,100.495934,97.489389,100.410034,70379400
2014-12-18,101.758671,101.999193,100.908250,101.904701,54315600
2014-12-19,101.921897,102.634879,101.483798,102.136650,49041800
2014-12-22,102.394337,102.832436,102.050737,102.832436,27043400
2014-12-23,103.459525,103.459525,102.609098,102.961296,34533000
2014-12-24,103.146689,103.526066,102.827674,103.258781,19175400
2014-12-26,103.586426,104.181355,103.526071,103.931313,18261900
2014-12-29,104.008875,104.655535,103.991634,104.371010,27692500
2014-12-30,104.146827,104.534821,103.698472,103.758827,23996000
2014-12-31,104.155459,104.681410,103.069068,103.138046,35688700
2015-01-02,103.526068,103.948551,101.646441,102.543144,46133100
2015-01-05,101.939587,102.353447,100.697997,101.172211,51141900
2015-01-06,101.413609,101.542936,98.602790,99.421890,67446000
2015-01-07,100.068567,100.672121,99.568488,100.646255,32252100
2015-01-08,101.448111,102.474141,101.267040,102.353432,28361700
2015-01-09,102.439665,102.465531,101.146344,101.370522,26975200
2015-01-12,101.482604,101.749895,100.215155,101.034256,27316800
2015-01-13,101.818862,102.939743,99.861639,101.111847,49991400
2015-01-14,99.999604,100.965280,99.628852,100.706619,34224200
2015-01-15,101.077372,101.206699,98.706283,99.008057,46199400
2015-01-16,98.645920,100.827320,98.464849,100.620384,41895700
2015-01-20,100.749731,100.948043,99.292593,100.197914,36444400
2015-01-21,99.844408,100.723864,99.404677,99.878891,27333500
2015-01-22,100.499681,101.948201,99.240849,101.913712,37877000
2015-01-23,101.948203,102.405176,101.353280,101.844742,28173400
2015-01-26,101.637800,102.836277,100.939409,102.827660,23006800
2015-01-27,101.620588,102.819065,101.413658,102.336227,26919100
2015-01-28,102.758690,102.991485,100.292757,100.611778,38086100
2015-01-29,100.896314,102.017196,100.094455,101.999954,39299900
2015-01-30,101.292925,101.706785,99.671959,99.758179,49739800
2015-02-02,100.120325,100.741114,98.620068,100.672142,44819100
2015-02-03,101.163589,102.603485,101.111852,102.474152,43920000
2015-02-04,102.103413,102.810428,101.827504,102.094795,28597100
2015-02-05,102.405160,103.681240,102.258585,103.413956,32337100
2015-02-06,103.551930,104.172726,102.905270,103.301888,31694900
2015-02-09,102.948377,103.655392,102.362071,102.482780,32367900
2015-02-10,103.060444,103.327728,101.827477,103.138046,28960800
2015-02-11,102.922475,103.310469,102.275815,102.991447,23794200
2015-02-12,103.603644,104.258922,103.327729,104.164078,27854600
2015-02-13,104.250298,104.922824,104.026120,104.784866,20446900
2015-02-17,104.896965,105.241845,104.552078,105.112518,16868500
2015-02-18,104.810721,105.233210,104.439969,105.224586,20450200
2015-02-19,104.983195,105.517764,104.793507,105.233238,16620500
2015-02-20,105.060789,105.655719,104.241688,105.517761,30331600
2015-02-23,105.276359,105.647112,104.560720,105.621246,25778200
2015-02-24,105.595363,106.095449,105.353944,105.759186,20023600
2015-02-25,105.681586,106.086828,105.388436,105.879898,17059600
2015-02-26,105.785061,106.311012,105.474663,106.267899,24379000
2015-02-27,106.078202,106.362734,105.664343,105.690208,23821700
2015-03-02,105.664353,106.724872,105.647105,106.457588,29683500
2015-03-03,106.216171,106.216171,105.414312,105.828171,23068400
2015-03-04,105.371193,105.716080,104.853866,105.500526,22822500
2015-03-05,105.647106,105.983369,105.112537,105.810928,19725600
2015-03-06,105.172893,105.785064,104.224452,104.474495,37319900
2015-03-09,104.646932,105.121146,104.431378,104.931458,17556300
2015-03-10,103.991657,104.069253,103.319131,103.724373,32440300
2015-03-11,103.870912,104.448593,103.362202,104.362373,20914500
2015-03-12,105.034925,106.181671,104.965946,106.095451,41063300
2015-03-13,106.000620,106.216173,104.508986,105.716087,26371000
2015-03-16,106.147188,106.552429,105.948876,106.336876,19906300
2015-03-17,106.026469,106.724860,105.854022,106.621399,23142600
2015-03-18,106.397216,107.880225,105.922995,107.474983,40292600
2015-03-19,107.224973,107.742301,107.181860,107.681946,34008200
2015-03-20,108.087148,108.776922,108.044035,108.630341,34165600
2015-03-23,108.595870,108.914891,108.457919,108.535515,17132400
2015-03-24,108.440665,108.906261,108.345827,108.509644,30115600
2015-03-25,108.564113,108.624652,105.839847,105.917686,42514000
2015-03-26,105.589069,106.298249,105.113408,105.787987,26899200
2015-03-27,105.839872,106.574997,105.390155,106.462563,23066800
2015-03-30,106.998776,108.097128,106.981475,107.906860,20487000
2015-03-31,107.483081,107.854965,107.154442,107.560921,24507800
2015-04-01,107.439855,107.604172,106.289608,107.604172,31955200
2015-04-02,107.552249,108.330611,107.491710,107.803055,23586400
2015-04-06,107.163072,108.520879,107.137121,108.278717,22045600
2015-04-07,108.079846,108.538213,107.560939,107.586884,20214700
2015-04-08,107.569559,108.676568,107.569559,108.512245,19314400
2015-04-09,108.417098,108.737093,107.041989,108.123047,22325300
2015-04-10,108.486303,108.788998,108.296036,108.641975,14966300
2015-04-13,108.702515,109.307905,108.607381,108.711159,22819200
2015-04-14,108.745743,109.039794,107.915491,108.685204,22600800
2015-04-15,109.108977,109.947872,108.901409,109.446266,37282300
2015-04-16,109.377069,109.619225,109.108969,109.385719,24439900
2015-04-17,108.209539,108.581423,107.085236,107.612793,48283500
2015-04-20,108.148986,108.927342,107.958719,108.667892,24602300
2015-04-21,109.013855,109.186822,108.468998,108.555481,13844600
2015-04-22,108.555480,108.866825,107.647396,108.719803,21991300
2015-04-23,108.520873,109.437607,108.330606,109.212746,18025800
2015-04-24,109.256019,109.368447,108.702518,108.849541,14992500
2015-04-27,109.152246,109.757642,107.275531,107.647415,32924600
2015-04-28,107.707926,108.425750,106.592274,108.244133,35654900
2015-04-29,107.647416,108.019300,106.920941,107.067970,26437900
2015-04-30,106.427964,106.756609,104.352338,104.802055,72393800
2015-05-01,105.096113,105.649621,104.568563,105.485298,47996200
2015-05-04,105.623637,106.678750,105.338242,105.865799,37675100
2015-05-05,105.813932,106.047444,104.023701,104.516663,56891600
2015-05-06,104.741496,105.070135,103.989077,104.879868,34348300
2015-05-07,104.767478,105.710164,104.274516,105.277740,29826100
2015-05-08,106.315511,106.592261,105.857144,106.064705,26357100
2015-05-11,106.030118,106.946859,105.891746,106.125252,28406700
2015-05-12,105.813912,106.306874,104.533944,105.934990,34961600
2015-05-13,106.168502,106.557680,105.511217,105.934990,27214700
2015-05-14,106.445263,107.119842,105.900406,107.059303,23293200
2015-05-15,106.860385,106.998764,106.324185,106.938225,22055600
2015-05-18,106.722035,108.244166,106.523117,108.149033,30846000
2015-05-19,107.932801,108.149013,107.509022,108.001984,23256800
2015-05-20,108.252801,108.503607,107.534977,108.200912,20838500
2015-05-21,108.088439,108.512211,107.656016,108.079788,16229300
2015-05-22,107.898194,108.313316,107.240909,107.612793,22601400
2015-05-26,107.189030,107.275513,105.960943,106.583633,44037800
2015-05-27,106.687421,107.993341,106.194459,107.889557,32086300
2015-05-28,107.630073,107.854934,107.041977,107.794395,18631900
2015-05-29,107.768480,107.872264,106.652828,107.145790,33468900
2015-06-01,107.837660,108.019277,106.402013,107.483070,35649400
2015-06-02,107.067937,108.373850,106.791186,107.690620,29477600
2015-06-03,107.898185,108.910053,107.604134,108.763031,30774800
2015-06-04,108.174937,108.641954,107.310091,107.673325,25820600
2015-06-05,107.439845,108.555491,106.652832,108.451714,36626500
2015-06-08,108.347932,108.641983,107.733892,107.950104,18798700
2015-06-09,107.854943,107.984671,106.808480,107.621437,23928300
2015-06-10,108.045240,109.385755,107.976051,108.961975,42563500
2015-06-11,109.117631,109.437626,108.892775,109.238708,17489400
2015-06-12,108.901422,109.100340,108.477649,108.910072,23578600
2015-06-15,108.200891,108.797637,107.189023,108.564125,30618300
2015-06-16,108.434399,109.532757,108.382510,109.333839,32800900
2015-06-17,109.610577,109.800844,108.944648,109.169510,32467000
2015-06-18,109.679797,110.907884,109.610608,110.631126,39642100
2015-06-19,110.544644,110.838695,110.354377,110.579239,23310900
2015-06-22,111.063522,111.426755,110.830009,111.340279,25230000
2015-06-23,111.288391,111.642981,111.046235,111.573792,23378500
2015-06-24,111.357594,111.651652,110.466810,110.631126,26436800
2015-06-25,111.002979,111.063511,110.051643,110.570549,24100900
2015-06-26,110.786781,110.994336,109.679772,110.267868,38219900
2015-06-29,109.515457,109.895992,107.336048,107.483070,49224900
2015-06-30,108.261431,108.382509,107.491718,107.984680,39631300
2015-07-01,108.771699,109.108995,107.292812,108.304688,28627700
2015-07-02,108.399345,108.529624,107.148688,107.504776,31486400
2015-07-06,106.775224,108.138792,106.671000,107.470032,27852200
2015-07-07,107.591614,107.687151,105.550605,107.591614,39347100
2015-07-08,106.653636,107.131315,105.333489,105.950134,40724500
2015-07-09,107.131307,107.287640,106.193310,106.332275,29770400
2015-07-10,107.556914,107.991172,107.140031,107.808784,28735800
2015-07-13,108.364608,109.120218,108.347240,109.024681,21349900
2015-07-14,108.963869,109.867125,108.911760,109.632629,21009500
2015-07-15,109.702106,109.849759,108.798850,109.050720,22238300
2015-07-16,109.528402,110.075564,109.406811,109.702103,33568400
2015-07-17,109.702113,109.762909,108.877027,109.224434,24739900
2015-07-20,109.241793,109.311275,108.355910,108.633835,23271100
2015-07-21,108.625154,109.259173,107.791381,108.121414,28118700
2015-07-22,107.765339,108.642534,107.591632,108.520943,20654200
2015-07-23,108.555700,108.903108,107.087914,107.322411,39712100
2015-07-24,107.244212,107.443966,105.515863,105.594032,39533000
2015-07-27,105.203209,105.368229,104.456286,104.716843,35627200
2015-07-28,105.020814,105.793792,103.648559,105.611404,53474800
2015-07-29,105.402983,106.245443,105.064262,105.906723,32411300
2015-07-30,105.637470,106.340972,105.098995,106.210693,29383900
2015-07-31,106.349643,107.409232,106.149888,106.792587,31812700
2015-08-03,106.853377,106.966288,105.489809,106.262787,34033200
2015-08-04,106.297560,106.792613,105.620119,106.010948,21728900
2015-08-05,106.471249,107.287655,105.880665,106.254120,25673500
2015-08-06,106.367016,106.532036,104.030708,104.821060,42225300
2015-08-07,104.343377,104.603934,103.414066,104.117561,42261400
2015-08-10,104.508405,105.541933,104.491031,105.316124,28798900
2015-08-11,104.638680,105.168468,103.917811,104.412865,33383800
2015-08-12,103.848337,104.517091,102.458715,104.213112,46500100
2015-08-13,104.308660,104.734230,103.692015,103.865715,35698300
2015-08-14,103.778859,104.647374,103.370656,104.534470,21091500
2015-08-17,104.247866,105.680918,103.874405,105.637489,22328200
2015-08-18,105.489814,105.489814,104.673408,104.795006,26360400
2015-08-19,104.134921,104.656028,103.127441,103.709351,45178900
2015-08-20,102.780050,103.014553,101.086449,101.086449,51879800
2015-08-21,99.992139,101.320973,99.332072,99.905289,79168300
2015-08-24,95.111076,99.809739,94.025433,96.005646,83809200
2015-08-25,99.054128,99.097550,95.154491,95.267403,59240200
2015-08-26,97.126039,97.872962,95.032914,97.690575,51605300
2015-08-27,98.402743,99.983440,97.586337,99.436272,49533700
2015-08-28,99.323409,100.487216,99.193130,100.417740,41601400
2015-08-31,99.966090,100.730388,99.670798,100.052940,29250900
2015-09-01,98.237739,99.114941,96.926279,97.186836,45129200
2015-09-02,98.498299,98.984665,97.343172,98.932556,26865800
2015-09-03,99.080201,99.992138,98.619889,98.776222,33334500
2015-09-04,97.733991,98.750152,97.516862,98.029289,31154600
2015-09-08,99.497057,100.374259,99.106228,100.270035,29916300
2015-09-09,100.895389,101.112517,99.019400,99.114937,40963000
2015-09-10,98.793573,100.122400,98.776206,99.566551,29877900
2015-09-11,99.149648,100.052897,98.715391,100.035530,27949400
2015-09-14,100.330845,100.348219,99.384167,99.575241,22365800
2015-09-15,99.757635,100.912762,99.644731,100.695633,26745300
2015-09-16,100.704298,101.633609,100.565339,101.564133,27127800
2015-09-17,101.546778,103.257753,101.338336,101.911552,50405400
2015-09-18,100.539281,101.477272,100.226615,100.504539,42736100
2015-09-21,101.216736,101.876809,99.948705,100.322166,33021700
2015-09-22,99.401532,99.644722,98.185617,98.802261,35786900
2015-09-23,99.028058,99.375465,98.202972,98.506950,25506800
2015-09-24,97.959786,98.506948,97.160754,98.341934,39810300
2015-09-25,99.138026,99.216420,96.620816,97.047607,43750300
2015-09-28,96.725356,96.812455,93.964258,94.330086,56765300
2015-09-29,94.286527,95.035594,93.189056,93.659401,49980700
2015-09-30,94.486871,95.314325,93.990397,95.113991,50834500
2015-10-01,95.262065,95.532075,93.572309,94.948502,44985900
2015-10-02,94.051379,96.359543,93.302312,96.359543,58019200
2015-10-05,97.256681,98.815778,97.152158,98.658997,45220500
2015-10-06,98.606733,99.007395,97.361192,97.979607,34140000
2015-10-07,98.510934,99.730346,98.101560,99.712929,36371000
2015-10-08,99.625819,100.819102,99.251286,100.610062,43072200
2015-10-09,100.792947,101.158768,100.514225,100.810364,26497200
2015-10-12,100.853938,101.028137,100.226812,100.662315,22984000
2015-10-13,100.261625,101.298126,99.233836,99.286095,37445300
2015-10-14,99.329662,99.948076,98.171221,98.310585,39987400
2015-10-15,98.589320,100.662315,98.127688,100.662315,42503400
2015-10-16,100.862649,100.862649,99.669367,100.531662,33685600
2015-10-19,100.078723,101.219740,99.860971,100.723267,24949500
2015-10-20,100.671015,101.298141,100.191958,100.583916,20531400
2015-10-21,100.967155,101.019420,98.989971,99.050941,34060300
2015-10-22,99.651918,100.531631,99.059633,99.921928,36882600
2015-10-23,100.732013,101.080417,99.930688,100.906212,40172500
2015-10-26,100.688423,100.923599,100.104850,100.218079,19783300
2015-10-27,99.808711,100.052598,98.510912,99.120621,38189200
2015-10-28,99.416763,102.029784,99.225140,102.012367,65529900
2015-10-29,101.681371,102.003646,100.653583,100.923599,27252000
2015-10-30,100.653598,101.062972,100.235518,100.461975,28018700
2015-11-02,100.557784,102.839825,100.531655,102.552391,33836900
2015-11-03,102.421735,103.675987,102.247536,103.083702,28626300
2015-11-04,103.345027,103.649878,102.508861,103.031464,25696000
2015-11-05,102.987892,103.301455,101.986233,103.109833,27141300
2015-11-06,102.787581,103.963440,102.160455,103.841499,35141300
2015-11-09,103.710822,103.902444,102.143006,102.622063,32983100
2015-11-10,102.186586,102.926941,101.873023,102.926941,21892200
2015-11-11,103.048854,103.074983,101.977519,102.029778,22037600
2015-11-12,101.324299,101.463657,99.930689,100.078758,39916100
2015-11-13,99.678057,100.461958,98.998672,99.355782,43883000
2015-11-16,99.259980,100.244216,98.737377,100.209381,28979100
2015-11-17,100.296494,101.167501,99.686785,99.826149,34441000
2015-11-18,100.104873,101.603007,99.747757,101.515907,35554300
2015-11-19,101.420083,101.602994,100.810374,101.089096,25512500
2015-11-20,101.454928,102.221412,101.367822,101.742355,31697700
2015-11-23,101.655243,102.683032,101.629114,102.247528,22716400
2015-11-24,101.803330,103.144682,101.524608,102.996613,24994500
2015-11-25,103.040156,103.928580,102.874662,103.797928,20772600
2015-11-27,103.885030,104.433769,103.545338,104.189888,14129300
2015-11-30,104.538294,104.581847,103.693423,103.736969,30165400
2015-12-01,104.181183,104.442488,103.562769,104.425064,27899900
2015-12-02,104.285710,104.555721,103.170815,103.301468,22238300
2015-12-03,103.588889,104.041810,101.158778,101.559441,39485400
2015-12-04,101.559453,102.717895,101.332989,102.587242,32669900
2015-12-07,102.465295,102.491424,100.610051,101.045555,29621400
2015-12-08,100.130974,101.045535,99.695471,100.488091,30946000
2015-12-09,100.191956,101.184904,98.946416,99.364502,41980400
2015-12-10,99.199022,100.235523,98.989982,99.695496,31278800
2015-12-11,98.658998,98.719968,97.143447,97.474434,52609300
2015-12-14,97.439586,97.883795,96.054681,96.777618,53400400
2015-12-15,97.317643,98.388978,97.204408,98.171227,48273900
2015-12-16,98.850616,99.860988,98.275755,99.669365,44560600
2015-12-17,100.087459,100.113589,98.397703,98.606743,41318000
2015-12-18,98.127688,98.328016,97.065058,97.099899,49876600
2015-12-21,97.700883,98.101545,97.117310,97.831535,26479300
2015-12-22,98.110261,98.876745,97.369907,98.728676,28108700
2015-12-23,99.225153,100.131002,99.059667,99.974220,29609700
2015-12-24,100.110677,100.740525,99.856988,100.163162,13370500
2015-12-28,99.708281,99.787009,98.815994,99.699532,22125500
2015-12-29,100.145694,100.854270,99.787028,100.775536,22841500
2015-12-30,100.644325,100.906758,99.725796,99.760788,21273200
2015-12-31,99.340866,99.699532,98.422343,98.518570,39517700
2016-01-04,96.760269,96.952723,95.421845,96.235397,66665900
2016-01-05,96.585305,96.734017,95.832987,96.445335,28253300
2016-01-06,95.089413,95.876723,94.477064,94.975693,35569200
2016-01-07,93.357334,94.039668,92.281343,92.438805,52482000
2016-01-08,92.613746,93.156110,90.680467,90.846672,60299300
2016-01-11,91.161602,91.660230,89.499504,90.453026,47144800
2016-01-12,91.170333,91.843916,89.175819,90.724190,53702900
2016-01-13,90.899139,91.345275,87.172543,87.811134,70591600
2016-01-14,88.231039,89.849394,86.770146,89.027092,69373400
2016-01-15,86.673968,87.732460,85.300551,87.583748,85759200
2016-01-19,88.414777,88.528497,85.501733,86.402763,51391100
2016-01-20,85.230566,87.767451,83.157316,86.761444,94385800
2016-01-21,86.892627,88.274793,86.061575,86.560204,65798200
2016-01-22,88.047345,88.887140,87.592452,88.677193,46056700
2016-01-25,88.126090,88.423521,86.472742,86.708939,35019600
2016-01-26,87.058851,88.703456,86.761427,88.441017,33349600
2016-01-27,87.994878,88.869665,86.656454,87.225067,47973900
2016-01-28,87.959883,88.309793,86.796414,87.207565,41951100
2016-01-29,87.513723,90.085599,87.443738,90.068100,42245300
2016-02-01,89.350800,90.181846,88.572240,89.656975,33615700
2016-02-02,88.642239,88.764709,87.277566,87.723709,39692700
2016-02-03,88.406009,88.414759,85.851631,87.837402,55262500
2016-02-04,87.478733,89.202066,87.452491,88.178566,51188400
2016-02-05,87.784909,87.863644,85.694168,85.764153,53366600
2016-02-08,84.863152,84.863152,83.052342,84.355774,61107700
2016-02-09,83.218519,84.968094,83.122292,83.787132,55857200
2016-02-10,84.373220,85.659158,83.699637,83.830856,42756100
2016-02-11,82.300014,83.454733,81.915105,82.921112,57923200
2016-02-12,83.682174,84.670681,83.271023,84.495720,40097300
2016-02-16,85.545455,86.691424,85.046827,86.498970,38882100
2016-02-17,87.102564,88.432237,87.067571,87.854881,40940400
2016-02-18,87.924875,88.038595,87.076331,87.434990,35043600
2016-02-19,87.093861,87.968648,86.700209,87.872421,32424800
2016-02-22,88.650976,89.237089,88.563499,88.852180,28867400
2016-02-23,88.563476,88.782173,87.959877,88.038605,29857100
2016-02-24,87.146351,89.070881,86.577738,88.887177,36909600
2016-02-25,89.044631,89.753207,88.694715,89.700722,22612600
2016-02-26,90.155591,90.514257,89.840667,90.269318,27474700
2016-02-29,90.216830,91.004140,89.858171,89.866920,32014400
2016-03-01,90.645475,91.800194,90.164339,91.800194,36422700
2016-03-02,91.668995,92.806215,91.494033,92.744980,24937100
2016-03-03,92.771230,93.733495,92.657504,93.715996,28216300
2016-03-04,93.663488,94.756973,93.313572,94.232101,38180900
2016-03-07,93.785957,95.343077,93.785957,95.255600,38739900
2016-03-08,94.730735,94.730735,92.849941,92.954918,46193900
2016-03-09,93.269853,93.611019,92.788717,93.427315,25627200
2016-03-10,93.689744,94.030911,91.686480,92.666245,47051200
2016-03-11,93.418546,94.765719,93.304826,94.651993,33625000
2016-03-14,94.363339,94.774483,93.952187,94.407074,24422700
2016-03-15,93.785976,93.847211,92.753727,92.937431,34258400
2016-03-16,92.491278,93.890937,92.491278,93.593506,37952200
2016-03-17,93.593517,95.439319,93.016160,95.028168,41724500
2016-03-18,95.150635,96.182884,95.089400,95.885460,36512600
2016-03-21,95.736739,96.174133,95.421815,95.658005,29903700
2016-03-22,95.159380,95.955440,94.888198,95.544289,23602100
2016-03-23,95.234572,95.278439,93.707873,93.778061,39243300
2016-03-24,93.216513,94.076382,92.777806,94.058830,30924300
2016-03-28,94.260630,94.567724,93.488508,94.172890,21096400
2016-03-29,93.918455,96.813919,93.681549,96.787598,46761100
2016-03-30,97.296490,97.498298,96.559465,96.796364,35683500
2016-03-31,96.936737,97.542149,96.813893,97.068344,28555900
2016-04-01,96.173423,97.586062,96.059362,97.498322,29981400
2016-04-04,97.314044,97.673780,96.603334,96.682304,21529400
2016-04-05,95.962814,96.392745,95.497779,95.585526,32515800
2016-04-06,95.576757,96.752489,95.278433,96.664749,28157800
2016-04-07,95.962825,96.410301,94.874826,95.357407,33298400
2016-04-08,96.173410,96.577020,95.313541,95.734703,26151700
2016-04-11,96.287472,96.998182,95.418833,95.436378,25842100
2016-04-12,95.453901,96.673506,95.138031,96.462929,25058700
2016-04-13,97.024489,98.647704,96.963070,98.542412,40534700
2016-04-14,98.498526,98.884584,98.165105,98.419556,25538600
2016-04-15,98.182671,98.823180,98.147574,98.665245,21176100
2016-04-18,98.252855,99.490005,98.156339,99.411041,19428300
2016-04-19,99.595305,100.139298,99.051306,99.490013,23228100
2016-04-20,99.489986,100.209465,99.121474,99.639145,21422500
2016-04-21,99.560192,99.955026,98.849489,99.139030,20535700
2016-04-22,99.130274,100.191945,99.130274,100.121750,29094500
2016-04-25,99.849748,99.946265,98.981103,99.411041,16369600
2016-04-26,99.735688,100.490265,99.296981,100.384979,30564100
2016-04-27,100.446405,100.946531,99.937503,100.735947,24360300
2016-04-28,100.262146,100.902662,99.314544,99.586540,26126500
2016-04-29,99.156603,99.551436,98.024737,98.691574,33284500
2016-05-02,98.998664,99.595306,98.428344,99.568985,21881000
2016-05-03,98.752984,98.761754,97.331571,97.936989,37929600
2016-05-04,97.384219,98.261634,96.840227,97.129768,30767200
2016-05-05,97.524619,97.682554,96.603331,96.743721,26249200
2016-05-06,96.340126,97.331602,96.111996,97.314056,25497400
2016-05-09,97.322800,98.173893,97.068349,97.594803,23427000
2016-05-10,97.972103,98.621388,97.454425,98.577515,18635300
2016-05-11,98.358162,98.507321,97.278946,97.357910,23604600
2016-05-12,97.559705,97.822925,96.076872,96.840225,34803000
2016-05-13,96.568219,97.340348,95.954032,96.199707,24510300
2016-05-16,96.445419,97.849281,96.401552,97.419350,27337000
2016-05-17,97.287730,97.761534,95.436384,95.875092,46676300
2016-05-18,95.471463,97.094685,95.453917,96.375198,35734400
2016-05-19,95.673298,96.313807,94.752010,95.603104,36995600
2016-05-20,95.892604,97.208725,95.839961,97.208725,37404500
2016-05-23,97.191183,97.735182,96.954284,97.094673,23721700
2016-05-24,97.664995,99.340859,97.629897,99.095184,41124300
2016-05-25,99.411050,99.937498,99.218018,99.674271,26202900
2016-05-26,99.823462,100.042816,99.367209,99.560242,15157200
2016-05-27,99.639185,100.551697,99.595318,100.551697,21265100
2016-05-31,100.744714,101.376453,100.463942,100.902649,32764400
2016-06-01,100.560455,101.736187,100.393744,101.587029,26806100
2016-06-02,101.332609,102.367958,101.227323,102.367958,23303300
2016-06-03,102.192469,102.192469,100.902668,101.753761,28733200
2016-06-06,101.850250,103.166372,101.788832,102.850502,26946000
2016-06-07,102.911958,103.517376,102.622410,103.148857,21038500
2016-06-08,103.236595,104.096457,103.227819,103.912201,27999900
2016-06-09,103.482259,103.482259,102.911939,103.245354,23440700
2016-06-10,102.288944,102.552165,101.508046,101.841461,32686800
2016-06-13,101.472978,101.938007,100.542914,100.735947,36169500
2016-06-14,100.367440,100.999180,99.735701,100.446411,34267600
2016-06-15,100.806150,101.394016,100.428861,100.516602,24197700
2016-06-16,99.779565,100.542911,99.051309,100.507820,36306600
2016-06-17,100.385004,100.832481,99.744489,100.077904,30096400
2016-06-20,101.604601,102.174915,101.165894,101.165894,28219800
2016-06-21,101.200978,101.262403,100.314794,100.972855,34706800
2016-06-22,101.165899,101.674794,100.455188,100.578026,27226100
2016-06-23,101.622143,102.578528,101.543179,102.499557,30240300
2016-06-24,98.217778,100.060347,97.831714,98.603836,74945400
2016-06-27,97.454417,97.454417,94.927466,95.366173,58358800
2016-06-28,96.208486,97.287702,96.138291,96.840225,42040600
2016-06-29,98.007207,99.191722,97.858048,99.042557,34031600
2016-06-30,99.253118,100.920200,98.770537,100.885109,42973800
2016-07-01,100.946525,101.736192,100.727171,101.244843,24401900
2016-07-05,100.920160,101.130744,99.209205,99.753204,29347200
2016-07-06,99.286541,100.583425,99.083624,100.477554,24678300
2016-07-07,100.768720,101.448037,100.054113,100.689316,20780600
2016-07-08,101.677393,103.300700,101.589171,103.036034,37964800
2016-07-11,103.715346,104.482892,103.635948,104.227043,26987300
2016-07-12,104.985778,106.238548,104.835800,105.620987,44153000
2016-07-13,106.159166,106.212098,104.941679,105.206352,28050200
2016-07-14,106.132680,106.185612,105.250446,105.312202,19345400
2016-07-15,105.770990,105.903326,105.232827,105.603363,23857300
2016-07-18,105.453356,106.176787,105.276912,105.779785,17422400
2016-07-19,105.656269,105.841537,104.924014,105.250443,19734100
2016-07-20,105.470993,106.256180,104.932830,105.938576,22390500
2016-07-21,105.876847,106.397361,105.206347,105.435730,19018700
2016-07-22,105.497470,106.441460,105.294554,106.220901,17796100
2016-07-25,106.000340,106.273830,105.656269,106.062096,13694600
2016-07-26,106.044469,106.723792,105.797445,106.573814,19551100
2016-07-27,106.750244,107.164895,106.176791,106.873756,21064700
2016-07-28,106.644358,106.961962,106.335578,106.600250,16540100
2016-07-29,106.494400,107.420747,105.912129,106.812004,30267900
2016-08-01,106.926696,107.367813,106.256204,106.900230,34771700
2016-08-02,106.891439,106.935547,105.074033,105.409286,28691000
2016-08-03,105.312223,106.309144,105.074016,106.265030,17830300
2016-08-04,106.264999,106.917857,106.097379,106.362045,17526700
2016-08-05,107.050183,108.144157,106.723761,107.897133,28643400
2016-08-08,107.941254,108.382371,107.658940,107.844208,14625700
2016-08-09,107.870687,108.188292,107.755999,107.958916,12487700
2016-08-10,107.967713,108.161805,106.882570,107.182526,19138100
2016-08-11,107.658939,107.985368,107.253112,107.694229,21144600
2016-08-12,107.482498,108.038302,107.306047,107.800102,12251200
2016-08-15,108.038306,109.123456,108.011840,108.867607,22048000
2016-08-16,108.585286,108.620576,107.861855,107.985367,20244300
2016-08-17,108.020657,108.073589,107.041378,107.667763,20632600
2016-08-18,107.703071,108.488258,107.667780,108.461792,16244600
2016-08-19,108.311807,108.576480,107.879515,108.461792,17379500
2016-08-22,108.232379,108.814650,107.923599,108.708786,16929700
2016-08-23,109.052871,109.802768,109.052871,109.467522,21539400
2016-08-24,109.344007,109.617497,108.311789,108.576462,21533400
2016-08-25,108.179441,109.123430,108.170617,108.788177,17023200
2016-08-26,108.911705,109.758655,107.897142,108.567635,26734400
2016-08-29,108.752910,109.546922,108.726444,109.132271,14013900
2016-08-30,109.246960,109.546916,108.849951,109.335182,14031300
2016-08-31,109.202860,109.299907,108.117717,108.717636,29236300
2016-09-01,108.814654,109.070503,107.650106,108.797012,22964700
2016-09-02,109.405761,109.864520,109.070508,109.846878,23083300
2016-09-06,110.208607,110.252722,109.370488,109.952759,13711000
2016-09-07,109.882163,110.667350,109.820407,110.640884,17830500
2016-09-08,110.552694,110.640923,110.076287,110.420364,16265500
2016-09-09,109.555762,109.582228,106.935527,106.970818,54239000
2016-09-12,106.476767,108.488258,106.379720,108.461792,33408100
2016-09-13,107.685401,107.773630,105.762132,106.379700,47536200
2016-09-14,106.547325,107.164892,106.123856,106.397346,30545500
2016-09-15,106.467925,107.800099,106.317947,107.667763,29499800
2016-09-16,107.667759,107.667759,106.838458,107.508957,31940500
2016-09-19,107.914784,108.999934,107.623645,108.223564,22807000
2016-09-20,108.691188,108.717661,107.764847,107.764847,16877900
2016-09-21,108.144166,109.370469,107.720691,109.326355,30784700
2016-09-22,110.040983,110.984973,109.979227,110.896744,36287700
2016-09-23,110.773217,111.055531,110.111542,110.111542,26118000
2016-09-26,109.522383,109.849707,108.903108,109.018120,20028000
2016-09-27,108.965028,109.593145,108.646546,109.460449,16939500
2016-09-28,109.655059,110.371648,108.876551,110.300873,19426400
2016-09-29,110.247797,110.265488,108.549222,108.690773,26657700
2016-09-30,109.186187,110.389341,108.690773,109.885078,31764500
2016-10-03,109.548911,109.787769,108.929636,109.540062,18674300
2016-10-04,109.716986,109.973542,108.504990,109.000404,26057300
2016-10-05,109.425020,110.300842,109.389632,109.655029,24317300
2016-10-06,109.478135,109.716994,108.655390,109.540062,18937100
2016-10-07,109.734682,109.982389,108.133429,108.664230,28732700
2016-10-10,108.664223,110.353942,108.664223,109.964691,21481700
2016-10-11,109.743515,109.796593,107.346049,107.956474,31931300
2016-10-12,108.009586,108.469619,107.514172,107.868042,20210400
2016-10-13,107.036437,107.408004,106.257928,106.974510,26302500
2016-10-14,107.363745,107.788384,106.514461,106.541000,24554600
2016-10-17,106.673708,106.912566,106.302148,106.417152,17119500
2016-10-18,107.505305,107.558390,106.744493,107.027588,19158900
2016-10-19,107.195650,107.885693,106.602922,107.478745,18477400
2016-10-20,107.169127,107.929945,106.523320,107.160278,20485600
2016-10-21,106.390611,107.372597,106.249060,107.107193,21093700
2016-10-24,107.965345,108.469607,107.443385,107.788406,15421600
2016-10-25,107.761846,107.921087,106.691394,106.983337,16459800
2016-10-26,106.257926,107.045283,105.682888,105.921753,24975300
2016-10-27,106.266779,106.284470,104.470890,104.709755,29525700
2016-10-28,104.665500,105.302465,104.170086,104.417793,35473700
2016-10-31,104.550523,104.957472,104.214351,104.833618,20311800
2016-11-01,104.975118,105.010499,102.869596,103.550797,34147200
2016-11-02,103.391583,103.506588,102.082266,102.232658,29859900
2016-11-03,102.542306,102.834242,101.631088,101.737251,22717500
2016-11-04,102.002648,103.418122,101.781480,102.391899,35237200
2016-11-07,104.391253,105.116683,104.134697,104.895515,32370900
2016-11-08,104.656657,105.682873,104.134697,105.169762,26196800
2016-11-09,104.462042,108.664232,104.435502,108.407677,77416800
2016-11-10,109.929298,110.937823,108.478437,110.141617,83440700
2016-11-11,110.610512,112.990281,110.185873,112.671799,95612800
2016-11-14,114.078401,115.237319,113.582987,114.255333,83119400
2016-11-15,113.989947,114.910000,113.503375,114.609215,38704500
2016-11-16,114.343823,115.007327,114.149195,114.600372,42325500
2016-11-17,114.963110,115.741626,114.786179,115.272751,42576900
2016-11-18,115.617759,115.971623,115.272738,115.883163,41380600
2016-11-21,116.166213,116.776638,115.546946,116.422775,32293100
2016-11-22,116.882822,117.572865,116.484722,117.484406,39681500
2016-11-23,117.201323,118.236388,116.865157,118.218704,37939200
2016-11-25,118.307150,118.634487,118.139060,118.607948,13373400
2016-11-28,118.519457,118.545996,116.909348,117.068596,32505700
2016-11-29,117.227859,117.740970,116.865154,117.006691,27993700
2016-11-30,117.590581,117.740974,116.334349,116.431664,32491200
2016-12-01,116.997850,117.263254,115.263887,115.865471,39815900
2016-12-02,115.838915,116.307790,115.467354,115.803520,24054100
2016-12-05,116.750116,117.953270,116.679340,117.794022,27547100
2016-12-06,118.121401,119.351095,117.431358,119.067993,27820000
2016-12-07,119.067995,120.474621,118.705277,120.226913,31825800
2016-12-08,120.536538,122.270500,120.138438,122.120094,49048900
2016-12-09,122.438557,122.810131,121.863526,122.358940,34313500
2016-12-12,122.040453,122.588958,120.766523,121.067322,34592900
2016-12-13,121.668862,122.128895,120.527642,121.076134,32624600
2016-12-14,120.686907,121.509658,119.262585,119.563370,45923700
2016-12-15,119.758019,121.323891,119.395313,120.456917,41352500
2016-12-16,120.625014,121.668920,119.988049,120.235756,39348200
2016-12-19,120.350712,121.368093,120.235714,121.023071,33393900
2016-12-20,121.447710,122.270461,121.191161,122.049294,31753600
2016-12-21,121.952011,122.217402,121.208877,121.253113,23215900
2016-12-22,121.309067,121.477850,119.754505,120.207558,34737900
2016-12-23,120.331916,120.918197,120.163133,120.847130,17081400
2016-12-27,121.015899,121.966409,120.998143,121.388992,13571700
2016-12-28,121.602200,121.682146,119.772262,120.145355,22712400
2016-12-29,120.180878,121.042550,119.647894,120.251945,21312900
2016-12-30,120.456310,120.482959,119.390314,119.790070,28399300
2017-01-03,121.246896,121.548921,119.479132,120.385223,29792400
2017-01-04,120.856016,122.552712,120.820476,122.392807,34499400
2017-01-05,122.135235,122.375072,120.376350,120.980415,30286900
2017-01-06,121.175832,121.442331,120.527348,120.536240,23436000
2017-01-09,120.402977,120.562882,119.479129,119.745628,24077900
2017-01-10,119.923259,121.149146,119.710057,120.891525,21684900
2017-01-11,121.015906,121.513364,120.296369,121.104744,27428800
2017-01-12,120.953739,121.007036,118.670748,120.172012,41844200
2017-01-13,120.500673,121.673263,120.500673,121.042549,27784500
2017-01-17,120.456289,120.536235,119.150456,119.399185,28197800
2017-01-18,119.710110,119.870015,118.990573,119.790070,21289700
2017-01-19,120.047662,120.314161,118.297669,118.812897,34105900
2017-01-20,118.812899,119.816706,118.812899,119.425842,29286100
2017-01-23,119.061633,119.639036,118.253258,118.928391,20537000
2017-01-24,119.336994,121.060338,119.230399,120.749420,34313800
2017-01-25,121.753249,122.188531,121.655533,121.886505,29127300
2017-01-26,122.001970,122.144105,121.184717,121.397919,22255600
2017-01-27,121.495643,121.735480,120.500715,120.980415,19467800
2017-01-30,120.127603,120.136495,118.359854,119.292580,40464400
2017-01-31,118.919470,120.420734,118.573025,120.127586,32945000
2017-02-01,121.007043,121.584446,119.656792,120.056534,30010500
2017-02-02,120.189760,120.518435,119.470223,119.754478,19935700
2017-02-03,120.802737,121.682166,120.376333,121.584450,24534100
2017-02-06,121.166921,121.504488,120.305249,120.669464,23691500
2017-02-07,120.651725,121.229128,119.718986,120.136497,30342200
2017-02-08,120.136504,120.136504,118.937265,119.923302,32956900
2017-02-09,119.923288,121.922009,119.923288,121.611092,28267600
2017-02-10,122.401694,122.916922,121.877588,122.534950,27287600
2017-02-13,123.272294,123.663157,122.668229,122.854782,23245100
2017-02-14,122.534958,123.432157,122.241811,123.263374,27145000
2017-02-15,122.757066,124.160614,122.650472,124.000710,20253500
2017-02-16,123.885246,124.222799,122.774845,123.654274,24613600
2017-02-17,122.987955,123.618668,122.810293,123.574249,26703200
2017-02-21,123.814133,124.649157,123.814133,124.542549,21353500
2017-02-22,124.364914,124.382685,123.698674,123.991821,14890800
2017-02-23,124.329368,124.373773,122.312876,123.254494,24596200
2017-02-24,122.108620,123.165710,121.966485,123.165710,24512300
2017-02-27,122.890298,124.364914,122.774826,124.364914,28269000
2017-02-28,123.814150,123.902974,122.375062,122.446129,40184100
2017-03-01,124.053941,125.128814,123.938468,124.684654,35719800
2017-03-02,124.658042,124.684691,123.156778,123.254494,25937000
2017-03-03,123.298967,123.849721,122.481713,123.165710,30989800
2017-03-06,122.392845,122.561628,121.691077,122.321777,23892100
2017-03-07,122.055231,122.357271,121.353464,121.522247,29711300
2017-03-08,121.948696,122.250722,120.616215,120.722809,34115100
2017-03-09,120.660615,121.246910,119.825591,120.243103,35223800
2017-03-10,121.069173,121.086943,119.781111,120.776039,39516600
2017-03-13,120.500695,121.513380,120.500695,121.060341,21295000
2017-03-14,120.589527,120.660594,119.532423,120.482933,30037800
2017-03-15,121.069182,122.605986,120.784927,122.348366,31230400
2017-03-16,122.783678,123.041285,122.197383,122.508301,25306600
2017-03-17,122.712626,123.236732,121.975318,122.996895,33324600
2017-03-20,122.836975,123.050177,122.028600,122.463882,19091200
2017-03-21,123.041325,123.121284,118.963935,119.008354,61869000
2017-03-22,118.777358,119.310343,117.951213,119.034966,46332600
2017-03-23,119.034933,120.545074,118.715137,119.727821,37764600
2017-03-24,120.224067,120.687327,119.253012,119.814270,33514400
2017-03-27,118.273053,120.330994,117.952336,120.037003,35596700
2017-03-28,119.627198,121.070417,119.502475,120.972420,26891900
2017-03-29,120.892223,121.596025,120.535877,121.364388,22119500
2017-03-30,121.444591,122.388920,121.391127,122.282005,25792900
2017-03-31,122.424539,123.092698,121.996921,122.477989,29434300
2017-04-03,122.914525,123.030344,120.803147,121.186218,38834900
2017-04-04,121.097121,121.649475,120.580424,121.043671,25642600
2017-04-05,121.898911,122.433430,119.448995,119.671715,44968800
2017-04-06,119.858803,120.829871,119.226287,120.785324,41012100
2017-04-07,120.455702,121.186216,120.045892,120.731873,24300200
2017-04-10,120.687340,121.916757,120.411170,120.999153,22779900
2017-04-11,120.509173,121.979117,120.339904,121.961296,32589200
2017-04-12,121.729641,121.783091,120.197329,120.304230,25700800
2017-04-13,120.161726,120.598248,119.074853,119.128304,30207000
2017-04-17,119.440118,120.553716,119.092662,120.526978,18278800
2017-04-18,120.019171,120.678426,119.520281,120.553703,24553300
2017-04-19,120.883340,122.014760,120.749700,120.972420,34627600
2017-04-20,121.462428,122.647298,121.293159,122.513672,31934400
2017-04-21,122.264228,122.540399,121.792064,122.237503,29386000
2017-04-24,123.903408,124.135032,123.377793,123.760864,33836900
2017-04-25,124.936799,125.506960,124.803159,124.963524,32751700
2017-04-26,124.874453,126.344411,124.838824,125.604980,41669200
2017-04-27,125.916816,126.326627,125.150660,125.569374,23004300
2017-04-28,125.640629,125.765352,123.867776,123.885597,31113900
2017-05-01,124.402318,124.981384,123.636162,124.598312,20925200
2017-05-02,124.705252,125.025969,123.556024,123.965820,17993900
2017-05-03,123.377779,123.618307,122.665074,123.199593,27050300
2017-05-04,123.413421,123.591594,122.148375,123.030350,25799100
2017-05-05,123.555968,123.823235,122.522546,123.823235,23806500
2017-05-08,123.529269,123.814343,122.727470,123.306549,16680000
2017-05-09,123.466900,123.680716,122.745290,123.253098,23988400
2017-05-10,122.976863,124.259731,122.816512,124.019203,19791500
2017-05-11,123.538177,123.680721,122.032589,123.155106,28617300
2017-05-12,122.682932,122.843284,122.192946,122.504745,24111200
2017-05-15,122.923429,124.054849,122.923429,123.457962,31132200
2017-05-16,123.805398,123.867752,122.602706,123.502502,18520900
2017-05-17,121.453491,122.086007,120.045901,120.170624,50791200
2017-05-18,119.885553,121.070410,119.582644,120.607162,44805100
2017-05-19,120.838776,121.836556,120.642782,121.186218,44450500
2017-05-22,121.391136,122.228564,121.302056,122.005844,20062700
2017-05-23,122.308726,122.665085,121.471311,122.406723,16681400
2017-05-24,122.504693,122.967953,121.898902,122.486885,21256000
2017-05-25,123.065967,123.484681,122.228539,122.567078,22804200
2017-05-26,122.388949,122.754199,121.854416,122.531479,20047300
2017-05-30,122.157290,122.442378,121.355505,121.569321,25544100
2017-05-31,121.907827,121.979099,119.947897,121.444580,34345400
2017-06-01,121.800964,123.832167,121.400072,123.787621,44618600
2017-06-02,124.233026,125.631712,123.876680,124.589386,46680200
2017-06-05,124.687371,124.820998,123.787575,123.814301,20808900
2017-06-06,123.039277,124.420142,122.772011,123.698532,25460900
2017-06-07,123.707399,124.304286,123.377779,123.814301,20542200
2017-06-08,123.814326,126.023715,123.600524,125.507004,33956400
2017-06-09,126.023707,127.306561,125.346630,126.157333,56979400
2017-06-12,126.201868,126.495860,125.515888,125.952423,34665500
2017-06-13,126.326598,126.780941,126.032607,126.593864,22046800
2017-06-14,126.531500,126.540404,125.123910,125.845520,33021900
2017-06-15,124.446848,125.596075,124.446848,125.204086,27376800
2017-06-16,124.749760,124.919029,124.081600,124.892303,35608400
2017-06-19,125.221907,126.130607,125.177361,125.818794,25163300
2017-06-20,125.506973,125.587149,124.455729,124.544823,20111900
2017-06-21,124.767565,125.435724,124.028134,124.233032,23351400
2017-06-22,124.161764,125.070464,123.841047,124.705200,17917200
2017-06-23,124.847742,125.685170,124.322126,125.533722,20772500
2017-06-26,125.694054,126.086043,124.901173,125.685150,22988300
2017-06-27,125.702968,126.166215,124.500276,124.580452,24610100
2017-06-28,125.319912,126.736406,125.079371,126.486961,25085400
2017-06-29,126.718581,126.816578,124.411195,125.738609,38794900
2017-06-30,125.836632,126.210800,125.409014,125.542641,22798500
2017-07-03,125.916788,126.950210,125.881159,126.593864,12968200
2017-07-05,126.237508,126.371148,125.346630,126.139511,21865500
2017-07-06,125.199161,125.682321,124.214969,124.492332,30563400
2017-07-07,124.751796,125.870205,124.528114,125.700218,20511000
2017-07-10,125.190194,126.058081,124.698092,125.154411,17206000
2017-07-11,125.064972,125.601814,124.349188,125.521278,16192900
2017-07-12,126.201274,127.248103,126.165477,126.487579,19358600
2017-07-13,126.335424,126.657526,125.601755,126.594902,16559300
2017-07-14,126.245986,127.319655,126.245986,126.809654,15465300
2017-07-17,126.693368,127.462834,126.389150,127.104935,15374600
2017-07-18,126.639670,126.934932,126.192307,126.773888,16653300
2017-07-19,126.943878,128.071229,126.943878,128.035446,16985500
2017-07-20,128.053313,128.411212,127.767008,128.124893,17047800
2017-07-21,127.954902,128.241221,127.274914,127.543335,21662700
2017-07-24,127.328631,127.784950,127.024427,127.722313,16694000
2017-07-25,128.500712,129.064395,128.133885,128.885452,21066400
2017-07-26,128.974865,128.974865,127.990674,128.169617,13574900
2017-07-27,128.375442,128.554385,126.648625,127.355453,24355800
2017-07-28,127.069154,127.373358,126.577051,127.015472,19933300
2017-07-31,127.248070,127.391230,126.129662,126.612808,16417700
2017-08-01,127.203351,127.230192,126.129681,126.854408,19835900
2017-08-02,126.684412,126.890209,125.020219,125.467583,19934300
2017-08-03,125.655483,125.744948,124.510233,124.841278,19624900
2017-08-04,125.181263,125.548105,124.805480,125.449684,16473500
2017-08-07,125.655457,126.022298,125.002310,125.655457,9176200
2017-08-08,125.628621,126.863335,124.984417,125.261780,27248700
2017-08-09,124.474415,124.715995,123.722848,124.179153,26534300
2017-08-10,123.722835,123.722835,121.915482,121.924438,40983500
2017-08-11,121.870769,122.344974,121.477087,122.103394,32779600
2017-08-14,122.810218,124.000206,122.783377,123.955467,21710900
2017-08-15,124.188112,124.206010,122.881804,122.935486,16646000
2017-08-16,123.177082,123.821286,122.765515,122.971298,21858600
2017-08-17,122.559718,123.194981,120.716583,120.725525,32722900
2017-08-18,120.313936,121.199721,120.000776,120.716560,42401900
2017-08-21,120.510794,120.806055,120.018691,120.636055,21504100
2017-08-22,121.020800,122.085527,120.913437,121.942368,25170600
2017-08-23,121.262354,122.192877,120.976048,121.745514,18381900
2017-08-24,122.255503,122.514968,121.700777,122.121300,15726600
2017-08-25,122.470207,122.854933,122.058627,122.470207,17163000
2017-08-28,122.908669,123.123408,122.371840,122.989204,16333300
2017-08-29,122.121272,123.302304,121.888634,123.015999,20277600
2017-08-30,122.899683,123.928614,122.801263,123.803352,15915500
2017-08-31,124.286534,125.208101,124.071794,125.020203,29260600
2017-09-01,125.243921,125.825502,125.020239,125.727081,17412500
2017-09-05,125.825488,126.058112,123.991295,124.519180,21908400
2017-09-06,125.029148,125.261772,124.438625,124.778625,18399700
2017-09-07,124.894919,124.984397,124.000192,124.465454,18159800
2017-09-08,124.304418,125.055999,124.027055,124.563896,21870500
2017-09-11,125.610744,126.084948,125.467584,125.870209,22617700
2017-09-12,126.192293,126.773873,125.995465,126.639656,22679600
2017-09-13,126.523370,127.248097,126.442848,127.015472,25052500
2017-09-14,126.854400,127.194401,126.532298,126.899139,18353800
2017-09-15,126.729155,127.471780,126.648633,127.418098,23184000
2017-09-18,127.605933,128.670660,127.588049,128.285934,24427400
2017-09-19,128.455935,128.563298,128.026456,128.285934,16346300
2017-09-20,128.420116,128.858537,128.178536,128.697479,20244700
2017-09-21,128.858616,129.073342,128.375456,128.563354,17395900
2017-09-22,128.545388,129.440114,128.446967,129.109070,25203000
2017-09-25,129.082242,129.681707,128.563298,129.288025,30012800
2017-09-26,129.412740,130.184069,129.314082,129.699753,28238100
2017-09-27,130.614586,132.614654,130.193045,132.237961,66351700
2017-09-28,132.067523,132.794004,131.645982,132.587723,29291400
2017-09-29,132.668409,133.125819,132.506975,132.901596,21738700
2017-10-02,133.018199,134.533951,132.811918,134.533951,29772400
2017-10-03,134.632654,134.829971,133.933078,134.829971,28372800
2017-10-04,134.614721,135.081109,133.986898,134.399475,22024700
2017-10-05,134.794133,135.099087,134.417439,134.767227,22538500
2017-10-06,134.273887,134.838920,134.148322,134.578827,19350800
2017-10-09,134.704383,135.143852,133.798512,134.022736,13981300
2017-10-10,134.471192,134.794074,134.004818,134.408417,21951900
2017-10-11,134.480181,134.704404,134.049676,134.309769,15137100
2017-10-12,134.049671,134.542951,133.655036,134.211105,17185600
2017-10-13,134.462242,134.525032,133.843384,133.968948,15464400
2017-10-16,134.184187,134.847893,133.663987,133.852341,20653100
2017-10-17,133.879267,134.327714,133.188655,133.466690,18046800
2017-10-18,134.085559,134.453288,133.708865,134.103500,20541700
2017-10-19,133.430812,133.933070,132.892670,133.897186,17164900
2017-10-20,134.812013,134.901708,134.408414,134.516037,25224500
2017-10-23,134.668522,134.668522,133.368029,133.511536,14676400
2017-10-24,133.986868,134.336656,133.672950,133.789551,17527700
2017-10-25,133.583297,133.637108,132.040639,133.143814,27235300
2017-10-26,133.583247,133.941998,133.197575,133.421799,15205900
2017-10-27,133.529540,134.453340,133.009340,134.345703,32744100
2017-10-30,133.529460,134.040682,132.193084,132.928543,30524800
2017-10-31,133.448744,134.381521,133.314216,133.870285,22449400
2017-11-01,134.982475,135.009381,132.237983,132.982407,31585500
2017-11-02,132.955488,133.843404,132.489100,133.377029,28176600
2017-11-03,133.170661,133.601180,132.793968,133.287262,22312700
2017-11-06,133.412868,133.977915,133.089986,133.439774,15576800
2017-11-07,133.457718,133.502565,131.430731,131.843307,29549300
2017-11-08,131.538373,132.246913,130.802914,132.022690,30682500
2017-11-09,131.188574,132.193090,130.300645,131.556290,40144400
2017-11-10,131.583191,131.932979,131.260309,131.457626,17823700
2017-11-13,130.883621,131.681869,130.497963,131.493515,14680000
2017-11-14,131.000223,131.385895,130.578683,131.134766,19682200
2017-11-15,130.363464,131.134793,129.601100,130.614594,23925200
2017-11-16,131.134754,133.098938,131.116812,132.533905,25889000
2017-11-17,132.067545,133.664014,131.995792,133.143814,25816700
2017-11-20,133.421830,134.157289,133.036173,134.112442,22793000
2017-11-21,134.713362,135.690973,134.587798,135.511597,29392300
2017-11-22,135.682048,136.121531,135.305354,135.332260,14136600
2017-11-24,135.619233,135.762726,135.224598,135.386032,6816300
2017-11-27,135.699900,135.986899,134.928572,134.973419,18416900
2017-11-28,135.448780,137.197719,135.125898,137.099060,35898300
2017-11-29,137.529582,138.309889,137.179795,137.556488,38234200
2017-11-30,138.211276,138.614875,137.475817,137.807663,32230700
2017-12-01,137.242599,137.861458,133.412862,137.242599,62734800
2017-12-04,138.928755,139.386179,136.596841,136.731369,36366800
2017-12-05,135.789598,137.188763,135.359093,135.368057,29667200
2017-12-06,134.865867,135.601326,134.489173,134.731339,21273800
2017-12-07,135.708920,136.229119,134.551933,135.673050,29675200
2017-12-08,136.462307,136.578907,135.682014,135.798615,20832400
2017-12-11,135.816536,136.444372,135.448820,135.744797,26654100
2017-12-12,136.058718,136.265000,135.269461,135.323273,25854800
2017-12-13,135.260475,136.964581,135.260475,136.130463,30082600
2017-12-14,136.193158,136.507063,134.211020,134.623596,32882600
2017-12-15,135.475679,137.448841,135.054138,136.542984,42851600
2017-12-18,137.825593,138.767334,137.637253,138.390640,22714300
2017-12-19,138.794196,138.812138,137.063199,137.296387,24313600
2017-12-20,137.897367,138.067779,137.081191,137.565521,19042800
2017-12-21,137.960722,138.662949,137.816672,138.167786,16772600
2017-12-22,138.086783,138.095781,137.564612,137.915726,13599400
2017-12-26,137.744669,138.131788,137.654635,137.996750,11949600
2017-12-27,137.933765,138.599973,137.573640,137.861740,15949900
2017-12-28,137.960706,138.419850,137.753629,138.401840,10167300
2017-12-29,138.779981,138.779981,137.195472,137.258499,21006500
2018-01-02,137.924669,138.617898,137.258462,138.554871,20489600
2018-01-03,138.527871,139.059054,138.212777,138.698929,21836600
2018-01-04,139.518215,139.680261,138.662941,139.068069,14207100
2018-01-05,139.437162,139.527182,138.590885,139.356125,19883900
2018-01-08,139.302145,139.788310,138.194790,139.572235,18457300
2018-01-09,139.761284,139.995355,139.302127,139.383163,16571300
2018-01-10,139.068035,139.698236,138.572872,139.401138,18516800
2018-01-11,139.608272,141.940025,139.527235,141.795975,26522400
2018-01-12,141.958017,143.020369,141.768964,142.390167,24089800
2018-01-16,143.020343,143.515506,140.265453,140.571548,27704700
2018-01-17,141.165775,142.192107,140.697619,141.904007,18571600
2018-01-18,141.543877,141.795957,140.796633,140.931671,17903600
2018-01-19,141.102715,142.867293,140.940669,142.786270,31040900
2018-01-22,142.606174,143.551483,142.525151,143.551483,12702400
2018-01-23,143.362424,144.316731,142.849252,144.010635,16904600
2018-01-24,144.370774,144.613857,142.606197,143.119370,20340900
2018-01-25,143.722595,143.974675,142.435184,143.173416,20290900
2018-01-26,143.623481,143.767531,142.939265,143.686508,16120300
2018-01-29,143.200387,143.920623,142.804257,142.876282,18293300
2018-01-30,141.940008,142.444169,141.102730,141.507858,24533800
2018-01-31,142.012014,142.624206,140.373477,140.769608,27468900
2018-02-01,140.202403,141.534845,140.022348,141.210739,21413000
2018-02-02,140.562572,140.580568,138.203798,138.491898,33314100
2018-02-05,137.447560,138.455882,133.117158,133.171173,52622200
2018-02-06,131.019388,135.376794,129.858018,134.764603,69232400
2018-02-07,134.692641,135.754978,133.792349,134.899704,37101000
2018-02-08,135.034808,135.043806,130.938477,130.938477,44704500
2018-02-09,132.126853,133.189204,128.291613,132.135864,53315300
2018-02-12,132.270886,134.071470,130.974463,133.387253,36213900
2018-02-13,132.685011,133.954412,132.252861,133.675323,25021200
2018-02-14,132.910040,136.412173,132.504897,136.079056,36286900
2018-02-15,137.042450,137.627634,135.547962,137.564621,23773600
2018-02-16,137.393526,138.906010,137.330499,138.050735,27973900
2018-02-20,137.339520,138.437877,136.547259,136.916382,24046200
2018-02-21,137.222455,139.374152,136.853333,137.060410,26735500
2018-02-22,137.573564,138.671921,136.763307,136.844330,16340000
2018-02-23,137.726661,138.662972,136.979417,138.626953,18065200
2018-02-26,139.122115,139.779324,138.167807,139.536255,15267700
2018-02-27,139.707253,140.337469,137.519551,137.528549,18125500
2018-02-28,137.870695,138.284835,135.322867,135.358887,29951800
2018-03-01,135.088768,136.457215,133.585283,134.998734,38943200
2018-03-02,133.882408,137.519581,133.603306,137.159470,31842300
2018-03-05,136.682314,138.879015,136.367207,138.383865,19603700
2018-03-06,139.032050,139.896336,137.564584,139.878326,17304000
2018-03-07,139.059061,141.282769,138.842986,141.111725,22684600
2018-03-08,141.255760,141.768933,139.995357,140.823624,23391300
2018-03-09,141.624916,143.146412,141.228785,143.074387,24927200
2018-03-12,143.371479,143.731590,142.687262,143.326462,15310100
2018-03-13,144.046645,144.316735,142.372102,142.660202,17757200
2018-03-14,143.344451,143.497499,141.714926,141.985016,18097500
2018-03-15,142.336171,142.372176,140.778656,141.273819,14172100
2018-03-16,141.327855,142.489239,141.120792,142.066101,36000300
2018-03-19,141.498891,141.534911,139.050096,140.697632,25663000
2018-03-20,141.048740,141.363848,140.238483,140.661621,11418500
2018-03-21,140.733620,142.480175,140.625576,141.480850,22213500
2018-03-22,140.462968,141.329235,138.342392,138.378494,29774800
2018-03-23,138.568043,138.910948,135.355605,135.400726,35744100
2018-03-26,137.241529,138.405595,135.743591,138.360474,28442400
2018-03-27,138.658230,138.694318,135.093869,135.680405,32820600
2018-03-28,136.023372,136.573819,134.805166,135.635345,26510900
2018-03-29,136.330104,138.152896,136.032320,137.006882,22617700
2018-04-02,136.727203,137.223510,132.810904,133.668167,35040700
2018-04-03,134.471219,135.896966,133.821512,135.581131,29857800
2018-04-04,134.002083,137.683758,133.794541,137.304764,29619700
2018-04-05,138.098715,138.613072,137.449021,138.441620,17301600
2018-04-06,137.494164,138.423604,134.588530,135.680405,25762700
2018-04-09,136.618874,137.701729,135.734554,135.842834,18997000
2018-04-10,137.286634,138.919923,136.862519,138.405579,23420000
2018-04-11,137.864112,139.244737,137.728762,138.703323,14884600
2018-04-12,139.353034,140.237367,138.901849,139.650818,14413200
2018-04-13,140.129110,140.165213,138.522892,138.919937,19813600
2018-04-16,139.722993,140.607326,139.064267,140.201248,18846900
2018-04-17,140.959296,142.114330,140.733704,141.726303,18624200
2018-04-18,142.141403,142.917443,141.816550,142.105301,16974200
2018-04-19,141.798482,142.159425,140.661500,141.121704,16174500
2018-04-20,140.814894,141.419480,140.002752,140.363708,21480600
2018-04-23,140.571287,141.031491,139.479426,140.156204,13268200
2018-04-24,140.679559,141.338299,138.234142,139.353073,24859700
2018-04-25,139.289921,139.686966,138.026608,139.145538,21981400
2018-04-26,139.344058,140.237410,138.910924,139.786224,14862900
2018-04-27,139.759130,140.201282,138.766517,139.587677,17734300
2018-04-30,139.885483,140.453967,138.324372,138.351456,15624600
2018-05-01,138.071674,139.226707,136.898604,139.028198,24977500
2018-05-02,138.766532,140.571273,138.676289,139.551590,16786800
2018-05-03,139.064324,139.416247,137.304704,138.793610,20985900
2018-05-04,138.297297,141.220983,137.882215,140.526154,17927900
2018-05-07,140.941216,142.448172,140.860006,141.717255,16303500
2018-05-08,141.599967,142.421127,141.446566,142.421127,17281200
2018-05-09,142.583524,143.567118,142.015040,143.188110,15758500
2018-05-10,143.386626,144.532640,143.260295,143.955124,15828700
2018-05-11,143.973182,144.496558,143.512964,144.234863,14413600
2018-05-14,144.397359,145.001946,143.522059,143.684479,15028500
2018-05-15,143.215164,144.009240,142.727876,143.711456,17544900
2018-05-16,143.919014,145.570353,143.900962,145.209396,21004400
2018-05-17,145.281645,146.184015,145.056052,145.877213,18639700
2018-05-18,146.138826,146.472713,145.777884,146.066635,17579800
2018-05-21,146.517884,147.302956,146.508865,147.032242,15667300
2018-05-22,147.321024,147.384197,145.850169,145.967468,13212000
2018-05-23,145.579420,146.436669,145.398949,146.156937,14235700
2018-05-24,146.111875,146.499901,144.938790,146.211136,12785000
2018-05-25,145.958421,146.328396,145.705758,145.949402,11150200
2018-05-29,145.173353,146.391545,144.478524,145.750870,20986900
2018-05-30,146.508850,148.340661,146.508850,148.060928,25169000
2018-05-31,148.060964,148.331678,146.490834,146.878860,28573700
2018-06-01,147.835342,148.331648,147.339035,147.844360,21108200
2018-06-04,148.277516,148.629440,147.375146,148.629440,14836000
2018-06-05,148.485060,149.585953,148.295556,149.549850,13283600
2018-06-06,149.531811,150.632690,149.414499,150.632690,16661300
2018-06-07,150.795119,150.903399,149.098658,149.811539,17571900
2018-06-08,149.847629,150.343936,149.576916,150.262726,17569800
2018-06-11,150.371014,150.795130,150.055179,150.488327,15923000
2018-06-12,150.623656,151.544078,150.452204,151.174103,16166700
2018-06-13,151.390663,151.480892,150.352929,150.578522,19853700
2018-06-14,151.138114,151.453936,150.344023,151.381744,19248100
2018-06-15,150.912460,151.480944,150.271770,151.426804,24922600
2018-06-18,150.668811,152.148698,150.452237,152.139679,18616500
2018-06-19,151.192186,152.293079,150.280783,152.148697,24605900
2018-06-20,152.906633,153.583411,152.455448,153.375870,19216900
2018-06-21,153.384916,153.475159,151.390685,151.941132,26946200
2018-06-22,152.509554,152.681007,150.975528,151.435745,33638200
2018-06-25,150.912426,151.029725,148.115072,148.963303,37005100
2018-06-26,149.098702,150.389100,148.755811,149.829620,20464000
2018-06-27,149.983016,150.253717,147.366133,147.429306,27511800
2018-06-28,147.293929,148.187281,146.418628,147.880478,26759100
2018-06-29,148.268463,148.936222,147.636806,147.781189,24146500
2018-07-02,146.869801,148.855027,146.617138,148.800873,24283600
2018-07-03,149.203868,150.064222,149.158583,149.394058,13561300
2018-07-05,150.209188,151.123878,149.276382,151.096710,18640500
2018-07-06,151.214426,152.545715,150.806892,152.373642,19597500
2018-07-09,153.061939,153.351750,152.500448,153.333633,16565200
2018-07-10,153.578102,153.840731,151.757774,152.636230,18790700
2018-07-11,151.803042,152.699628,151.286835,151.341171,23912600
2018-07-12,152.210592,152.373600,150.915522,152.074738,19617600
2018-07-13,152.011395,152.808347,151.621964,151.621964,15409100
2018-07-16,151.929883,152.174409,150.299745,151.033310,15946900
2018-07-17,151.015211,152.147259,150.870305,151.703491,15134700
2018-07-18,151.567598,152.201542,150.852150,152.129089,13780000
2018-07-19,151.938915,153.279255,151.477030,153.206802,18398300
2018-07-20,152.871735,153.333606,152.464201,152.581924,17570700
2018-07-23,152.418912,153.188696,151.975144,152.772110,12335000
2018-07-24,153.460369,153.741114,150.535161,151.141937,25831300
2018-07-25,151.187272,151.694427,150.462759,151.694427,18401200
2018-07-26,151.839312,153.387946,151.703458,152.509476,20944200
2018-07-27,152.600044,152.799286,149.240120,149.665771,28777100
2018-07-30,149.656749,150.354094,148.588102,148.705826,20093700
2018-07-31,149.004679,150.897460,148.877890,150.218231,23567300
2018-08-01,150.064209,150.553262,148.977447,150.118546,17942600
2018-08-02,149.394104,151.431790,149.375987,151.214432,18292200
2018-08-03,151.377413,151.857400,149.982736,150.689133,21734900
2018-08-06,150.580510,151.703493,150.245414,151.531433,16288800
2018-08-07,152.047618,152.591007,151.784989,151.893661,15045700
2018-08-08,151.893653,152.138179,150.779722,151.757812,14789500
2018-08-09,151.830207,152.790195,151.739652,152.147186,10437800
2018-08-10,151.286870,152.754000,151.205366,151.721573,20521900
2018-08-13,151.911757,152.192503,150.227269,150.834045,20517200
2018-08-14,151.160087,152.690617,151.141970,152.328354,17683100
2018-08-15,151.875497,151.984183,149.566117,150.417419,27479900
2018-08-16,151.114789,152.301172,150.960832,151.812134,15484700
2018-08-17,151.667237,152.572875,151.178184,152.464203,15106700
2018-08-20,152.880797,153.215879,151.993275,152.889862,12547300
2018-08-21,153.179630,155.190147,153.161513,154.646759,20661200
2018-08-22,154.492777,155.307859,154.338820,155.027100,14329200
2018-08-23,154.945662,155.335093,154.121528,154.556244,12945800
2018-08-24,154.999955,155.570511,154.882231,155.398438,11894300
2018-08-27,155.869389,156.621070,155.425621,155.624863,15880400
2018-08-28,155.914696,156.204493,154.954722,155.769791,13170300
2018-08-29,155.787847,156.467076,155.280692,156.222549,13157900
2018-08-30,155.923736,156.883711,155.606771,156.095810,14199600
2018-08-31,155.733538,157.028594,155.724473,156.693512,12240500
2018-09-04,156.485193,156.784055,154.972779,155.996155,17923500
2018-09-05,155.932788,155.978073,154.284534,155.579590,15166100
2018-09-06,155.923714,156.204460,154.338847,154.529037,16647700
2018-09-07,154.148677,155.271659,153.650573,154.447525,17248000
2018-09-10,155.090514,155.479932,154.311665,154.637695,11067100
2018-09-11,154.501863,155.407501,153.958475,154.891281,14078400
2018-09-12,154.673885,154.945579,153.351661,154.519928,21572300
2018-09-13,155.117735,155.353196,154.193980,154.556244,14570500
2018-09-14,154.655843,155.706372,154.320747,155.208282,15734900
2018-09-17,155.244470,155.353142,153.369806,153.559982,20023200
2018-09-18,153.777352,154.601486,153.623395,154.203003,13018000
2018-09-19,154.212021,154.927482,153.116206,153.641464,17593500
2018-09-20,154.293541,155.135792,153.786386,155.063339,16918700
2018-09-21,155.543388,155.606789,154.157762,154.320770,32539000
2018-09-24,154.193952,154.411310,152.835495,153.750198,15786700
2018-09-25,154.003758,154.429409,153.822633,153.985641,13758500
2018-09-26,154.303490,154.394300,152.351206,152.578217,17787200
2018-09-27,152.886905,153.186560,152.332999,152.587250,14471900
2018-09-28,152.051503,153.458970,152.051503,153.050354,22740300
2018-10-01,153.722310,153.749564,150.526014,151.034515,27893100
2018-10-02,150.898333,151.216153,149.082250,149.400070,28440300
2018-10-03,149.990296,151.397763,149.381910,150.707657,26027200
2018-10-04,150.226381,150.417062,148.128808,148.591904,29463000
2018-10-05,148.691753,149.064053,145.885909,147.247971,31240100
2018-10-08,146.893850,147.465907,145.786038,146.939255,21330700
2018-10-09,146.757654,147.774670,146.176508,146.367203,20620400
2018-10-10,146.031245,146.185610,141.981374,142.162979,46921800
2018-10-11,141.481910,142.853061,139.393412,139.447906,68877400
2018-10-12,141.254912,141.436518,137.922402,139.475159,53492600
2018-10-15,139.257195,141.009708,138.512595,139.992706,32747600
2018-10-16,141.000707,144.251498,139.874730,144.051727,35569100
2018-10-17,143.634006,143.670336,141.554597,143.434250,24140100
2018-10-18,142.934797,143.134567,140.174344,140.746414,31042700
2018-10-19,141.173201,141.981357,138.694251,139.257233,34214200
2018-10-22,139.765691,140.246952,138.494439,138.957535,28218300
2018-10-23,137.050697,138.830464,135.225539,137.713577,37228100
2018-10-24,137.504688,138.004113,132.410590,132.528625,40412400
2018-10-25,133.236943,136.042802,132.946377,135.398087,32311300
2018-10-26,133.972418,135.679541,131.393584,133.917938,36986100
2018-10-29,135.416238,136.778300,131.729591,133.182449,33031300
2018-10-30,133.345849,136.106288,133.082510,135.960999,29017200
2018-10-31,137.350331,137.895162,136.233444,136.233444,36785400
2018-11-01,137.014362,139.629525,136.941717,139.375275,28496400
2018-11-02,139.892798,140.646474,138.421776,139.838318,26671600
2018-11-05,139.874677,140.437672,138.340099,139.729401,16940900
2018-11-06,139.520544,140.846290,139.402508,140.419510,15572900
2018-11-07,141.073297,142.934784,140.564796,142.934784,22127800
2018-11-08,142.208346,143.379713,141.963171,142.553406,14987700
2018-11-09,141.654448,141.681689,138.884920,139.911011,20654400
2018-11-12,139.856544,139.992744,136.968965,137.141495,21886800
2018-11-13,137.659104,139.012077,136.469558,136.705658,18468500
2018-11-14,137.858855,138.440001,134.825986,135.706787,24549100
2018-11-15,134.835070,137.840685,134.508175,137.640915,24482000
2018-11-16,136.760122,138.285625,136.260697,137.967819,29323500
2018-11-19,137.731705,138.049525,134.726091,135.171036,21540900
2018-11-20,133.709053,134.780535,132.201701,132.564926,25907000
2018-11-21,133.282322,135.634146,133.055311,134.417374,17902300
2018-11-23,133.318640,135.570579,133.309551,134.290237,11134800
2018-11-26,135.588775,136.569448,135.062109,136.033707,15346400
2018-11-27,135.461622,135.961048,134.653466,134.907730,14461800
2018-11-28,135.479766,138.358255,134.117704,138.240219,26125900
2018-11-29,137.668134,138.694226,136.605728,137.867905,15134500
2018-11-30,137.531949,138.803201,137.186889,138.585266,20304700
2018-12-03,140.192501,140.274222,138.040448,139.911011,23379800
2018-12-04,139.611395,139.956455,133.609240,133.954300,41077900
2018-12-06,132.074624,133.663696,130.240376,133.663696,37581200
2018-12-07,133.609208,134.626210,130.095092,130.776123,28525100
2018-12-10,131.003146,131.411762,128.442463,130.394760,30776600
2018-12-11,132.283489,132.746599,129.296038,130.258560,29229300
2018-12-12,131.557044,133.264152,131.448069,131.502563,27894800
2018-12-13,131.883962,132.292578,129.432238,129.641098,23205400
2018-12-14,128.696705,130.058767,127.216607,127.679703,24037200
2018-12-17,127.250569,128.352982,124.052683,124.836212,36468500
2018-12-18,125.965963,126.804156,124.171134,124.681351,42277200
2018-12-19,124.635790,126.348612,121.401452,122.084763,47676600
2018-12-20,121.747680,122.458322,118.649998,120.071281,57908100
2018-12-21,120.608809,121.128117,116.600054,116.955368,59404800
2018-12-24,116.372310,117.046508,114.650362,114.686806,28575700
2018-12-26,115.051209,120.353703,114.623000,120.198807,40182700
2018-12-27,118.686433,120.699913,116.499839,120.699913,39527900
2018-12-28,120.699897,123.004929,119.843480,121.046112,35994400
2018-12-31,121.829672,122.130330,120.080399,121.993660,29173400
2019-01-02,120.417478,123.150719,119.843493,122.686073,27295100
2019-01-03,122.002776,122.667861,119.943726,120.490379,29294600
2019-01-04,122.011868,125.364650,121.820549,124.991104,35355300
2019-01-07,125.054847,127.888307,124.581096,127.177666,30477900
2019-01-08,128.280113,129.182073,126.995486,129.127411,27320900
2019-01-09,129.573801,130.639763,129.027148,130.193329,25764600
2019-01-10,129.428045,130.940442,128.781186,130.867554,22896800
2019-01-11,130.293600,131.186469,129.992942,130.904022,22428400
2019-01-14,130.120488,130.685353,129.455390,129.601166,29185000
2019-01-15,129.965621,130.876702,129.455419,130.694489,25678900
2019-01-16,130.904009,132.334411,130.894903,131.669327,20827300
2019-01-17,131.186500,133.318425,131.168274,132.862885,19273400
2019-01-18,133.564362,134.766980,133.017708,134.229446,28306700
2019-01-22,133.436842,133.710155,131.241135,132.106659,27741100
2019-01-23,132.398197,133.181713,130.703587,131.742218,20621300
2019-01-24,131.587320,132.799058,131.496220,132.534851,16976300
2019-01-25,133.582577,134.511883,133.409470,134.238556,22266900
2019-01-28,132.981265,133.846788,132.443717,133.518799,22784700
2019-01-29,133.664596,133.764815,132.908397,133.199936,12084800
2019-01-30,133.910577,135.149646,132.726169,134.657669,25516900
2019-01-31,134.484524,136.024252,134.411636,135.805588,27252900
2019-02-01,136.069843,136.370488,135.368308,135.914948,17057900
2019-02-04,136.124505,137.545788,135.641634,137.536682,21301700
2019-02-05,137.582245,138.119793,136.880723,137.682465,18295900
2019-02-06,137.609573,137.910231,136.753169,137.509354,13720600
2019-02-07,136.589153,137.299794,135.195201,136.379608,22850800
2019-02-08,135.805629,136.570934,135.295427,136.525391,13463000
2019-02-11,136.926228,137.709758,136.324926,137.664215,16374800
2019-02-12,138.411307,139.568383,138.374870,139.386169,20779900
2019-02-13,139.777939,140.087703,139.121960,139.777939,15534500
2019-02-14,139.012660,140.643487,138.848658,140.096848,18251000
2019-02-15,141.017022,142.347205,140.552376,142.328979,27240200
2019-02-19,141.718569,143.130746,141.718569,142.720749,15856900
2019-02-20,142.729843,143.568035,142.611398,143.394928,18317400
2019-02-21,143.158060,143.376710,142.183197,142.848282,17497000
2019-02-22,143.285630,144.196711,143.130748,144.087372,20411800
2019-02-25,144.934625,145.317277,144.032650,144.123764,17957100
2019-02-26,143.959764,144.123766,142.939359,143.130692,21497300
2019-02-27,142.574963,143.440487,142.237854,143.331161,18194900
2019-02-28,143.121590,143.476910,142.465611,142.839157,18155300
2019-03-01,143.905121,144.260442,142.811827,144.169342,19247100
2019-03-04,144.442666,144.661330,141.754982,142.866501,23301800
2019-03-05,142.984915,142.994021,142.092060,142.201385,16798200
2019-03-06,142.146754,142.201417,139.285962,139.413513,29604600
2019-03-07,139.413531,139.522856,137.910240,138.192673,26822500
2019-03-08,137.427337,138.265529,137.217793,138.156204,20466800
2019-03-11,138.584439,140.588813,138.393106,140.570587,20854500
2019-03-12,140.670810,141.199238,140.124170,140.643478,18966800
2019-03-13,141.144541,141.882514,140.989659,141.199203,24109100
2019-03-14,141.126327,141.235666,140.488574,140.625244,14217500
2019-03-15,140.789280,142.010125,140.607067,140.998825,22025900
2019-03-18,141.272094,142.538495,140.743666,141.900742,24510200
2019-03-19,142.565816,142.611373,140.825664,141.180984,18633100
2019-03-20,141.173731,141.977624,139.227966,140.004440,29463200
2019-03-21,139.520225,142.562212,139.520225,141.840546,31845000
2019-03-22,140.863166,141.173756,136.633626,136.679291,40663000
2019-03-25,136.551295,138.232161,135.573847,137.282104,26454700
2019-03-26,138.369226,139.602469,137.748033,138.725494,21308600
2019-03-27,138.588439,139.045194,136.551304,138.186493,23477100
2019-03-28,138.661540,139.702940,137.875921,139.419754,19473300
2019-03-29,140.388073,140.652998,138.944741,139.849106,28298900
2019-04-01,140.945344,141.520860,140.424651,141.374695,20075200
2019-04-02,141.475177,141.484321,140.232804,141.009293,18253500
2019-04-03,142.269888,142.644416,141.347235,141.740051,19554700
2019-04-04,141.849651,142.516508,141.447704,142.434296,15909500
2019-04-05,142.781460,143.850264,142.680973,143.768051,21379000
2019-04-08,143.283880,143.877655,142.571344,143.530518,14202400
2019-04-09,142.927642,143.146875,141.511700,141.776611,18534200
2019-04-10,142.032378,143.749780,141.895358,143.704102,18938800
2019-04-11,143.895904,144.042055,143.247307,143.521362,12218700
2019-04-12,144.453205,144.480609,143.521421,144.042114,14120300
2019-04-15,144.288784,144.425819,142.964199,143.576248,10964000
2019-04-16,144.069539,144.243094,143.402667,143.914230,16782900
2019-04-17,144.416644,144.434918,141.776604,142.598770,17108500
2019-04-18,142.607909,142.763204,141.283323,142.178558,23276300
2019-04-22,141.877099,142.333853,141.155432,141.804016,15596800
2019-04-23,141.931889,144.380100,141.922759,143.941620,23396100
2019-04-24,143.987275,144.964736,143.758898,144.389221,18053100
2019-04-25,143.722403,143.850294,142.023275,143.192566,19365100
2019-04-26,143.384375,144.782043,142.872799,144.581070,16999100
2019-04-29,144.900833,145.805212,144.782087,145.275375,13698900
2019-04-30,145.384968,145.421517,143.384395,144.599350,24127500
2019-05-01,144.946466,145.001275,143.155996,143.229065,17734300
2019-05-02,143.092058,144.471452,142.215083,143.895950,22715700
2019-05-03,144.617593,146.746071,144.507977,146.645584,20178800
2019-05-06,144.498838,147.175426,144.343543,146.810028,21262100
2019-05-07,145.531120,146.042683,142.735785,143.905075,25434500
2019-05-08,143.658445,144.416660,143.101204,143.201691,16113700
2019-05-09,142.068935,143.101191,140.442890,142.680984,25259900
2019-05-10,142.132863,143.265619,140.378927,143.073776,26544700
2019-05-13,140.397238,140.698698,138.086061,138.515411,26936500
2019-05-14,138.816815,140.835662,138.579294,140.260147,15519200
2019-05-15,139.218810,141.054973,138.917364,140.716965,18410600
2019-05-16,141.146278,142.671837,141.082340,141.593903,13772100
2019-05-17,140.515961,141.840546,139.456287,139.620712,21534000
2019-05-20,138.789410,139.602447,138.314396,138.652390,18689800
2019-05-21,139.428868,140.716905,139.383189,140.515945,11659100
2019-05-22,139.967863,140.305857,138.853381,139.337540,13922600
2019-05-23,137.994690,137.994690,135.729191,136.469131,26379400
2019-05-24,137.373488,138.022072,136.834507,137.748016,16093100
2019-05-28,137.949037,138.533682,136.642725,136.651855,14042200
2019-05-29,135.966703,136.048916,134.614714,135.509949,22622300
2019-05-30,135.884475,136.642690,134.322369,135.135391,17739100
2019-05-31,133.545875,134.139650,132.751127,133.244415,25411300
2019-06-03,133.491109,134.477701,132.760299,133.710342,26554500
2019-06-04,135.126251,137.291263,133.755987,137.172516,21217600
2019-06-05,137.720598,137.839359,135.756560,137.199905,18184100
2019-06-06,137.135944,137.501355,135.482495,136.843628,20772500
2019-06-07,137.346097,138.405757,137.044637,137.811981,17107500
2019-06-10,138.350960,139.894792,138.350960,138.625015,18912300
2019-06-11,139.648130,139.976994,137.556201,138.213928,15373000
2019-06-12,138.104307,138.652418,137.592744,138.369232,11957600
2019-06-13,139.136580,139.931329,138.734634,139.830856,14839400
2019-06-14,139.657264,139.712072,138.597590,138.606720,16154800
2019-06-17,139.223667,140.167897,139.040324,139.562866,12509300
2019-06-18,140.507069,142.230511,139.581164,141.185440,22100800
2019-06-19,141.350497,141.818024,140.626273,141.689682,15625000
2019-06-20,143.055595,143.211437,141.579660,142.358871,17595700
2019-06-21,142.212210,142.248873,140.818778,141.130463,19854400
2019-06-24,141.506325,141.552164,139.342843,139.416183,24002600
2019-06-25,139.627039,139.801219,138.426125,138.563629,17462200
2019-06-26,139.067849,139.544552,138.206121,138.242798,15726900
2019-06-27,138.646130,140.965454,138.646130,140.837112,22278400
2019-06-28,141.130489,143.028125,141.121326,142.551422,35089900
2019-07-01,144.421565,144.870767,142.294760,143.101486,22850500
2019-07-02,143.028078,143.119743,141.414626,142.230515,19024600
2019-07-03,142.643108,143.321478,142.248907,143.248138,9115100
2019-07-05,142.542252,143.688164,141.964708,143.633148,14156700
2019-07-08,143.202264,143.449771,141.992175,142.267197,9735700
2019-07-09,141.671299,142.487187,141.616297,142.459686,12381600
2019-07-10,143.193095,143.523118,141.955519,142.707230,17325400
2019-07-11,142.908889,142.954728,141.377953,142.010498,14260800
2019-07-12,142.221428,143.624023,141.983083,143.110657,16678000
2019-07-15,143.523121,143.550622,141.955522,142.358871,12194300
2019-07-16,142.212193,143.193086,141.790492,142.313034,15152700
2019-07-17,142.313026,142.404690,140.928756,141.295456,14155100
2019-07-18,141.249681,142.102232,140.928820,141.827225,15705500
2019-07-19,142.038024,142.487212,141.011292,141.011292,17182600
2019-07-22,141.396345,141.818033,140.626282,140.882965,14474600
2019-07-23,141.432969,141.836332,140.754584,141.817993,15493200
2019-07-24,141.442169,144.339037,141.286326,144.164856,23823100
2019-07-25,144.091521,144.146536,142.175560,142.423080,17902500
2019-07-26,142.624781,144.311560,142.551441,144.109879,14260300
2019-07-29,144.100684,144.256526,142.643088,143.147278,13192200
2019-07-30,142.148057,144.696564,141.827210,144.696564,1200
2019-07-31,144.641559,145.970813,142.597256,143.523148,40445900
2019-08-01,143.816509,144.999084,140.800461,141.442169,38070200
2019-08-02,140.580412,140.947098,138.682776,139.874527,30148300
2019-08-05,137.307742,137.436083,134.035025,135.675964,39221500
2019-08-06,136.501028,137.234414,135.107609,136.922729,24283300
2019-08-07,135.602603,137.243556,134.475029,136.886032,23952100
2019-08-08,137.646908,139.920407,137.500242,139.837891,19415600
2019-08-09,139.425398,139.480400,137.536937,138.077805,19313200
2019-08-12,137.335247,137.619431,135.978492,136.290176,15963000
2019-08-13,135.987633,139.150346,135.373426,137.756927,21912600
2019-08-14,135.630104,135.657604,133.585801,133.906662,28235800
2019-08-15,134.410849,134.456688,132.733233,133.374954,24202400
2019-08-16,133.970818,136.510162,133.943317,136.253479,22783400
2019-08-19,137.802736,138.325264,137.463537,137.628555,17023400
2019-08-20,137.436049,137.518551,136.583498,136.730164,13324100
2019-08-21,138.077748,138.105249,137.316861,137.857742,13446100
2019-08-22,138.123587,138.499449,136.720992,137.536880,12979100
2019-08-23,136.794358,137.610247,132.861582,133.319946,36974600
2019-08-26,134.575869,134.805051,133.576637,134.786713,19167100
2019-08-27,135.639298,135.694300,132.632413,132.788269,24546200
2019-08-28,132.522389,135.116735,132.238205,134.337509,20115500
2019-08-29,135.813430,136.858501,135.639264,136.693497,18786300
2019-08-30,137.408568,137.481908,135.712613,136.445999,18727100
2019-09-03,135.171750,135.969314,133.842496,134.447540,20688000
2019-09-04,135.685124,136.005985,134.924237,135.529282,13107500
2019-09-05,137.371907,139.260367,136.931867,138.050278,25666700
2019-09-06,138.151111,138.636976,137.353561,137.417725,14645900
2019-09-09,138.031947,139.562883,137.564406,139.260361,25780100
2019-09-10,139.049488,141.130468,138.325278,141.038803,29576200
2019-09-11,141.653014,144.073178,140.772947,143.926498,42970500
2019-09-12,144.091537,144.751584,142.615616,143.963196,38648300
2019-09-13,144.705658,145.686551,144.045613,144.210617,31042800
2019-09-16,143.898990,145.530767,143.651469,144.751541,23242600
2019-09-17,144.256523,144.449042,143.422296,144.375702,22986700
2019-09-18,144.366564,144.384902,142.157256,143.486511,19735700
2019-09-19,143.743217,144.678285,142.578966,142.789810,21531600
2019-09-20,142.679763,143.605655,141.588853,142.487244,22707200
2019-09-23,141.964702,142.963934,141.689681,142.377228,14944600
2019-09-24,142.730480,142.859272,139.685442,140.228210,27576700
2019-09-25,140.090238,142.003739,139.648665,141.764557,21917500
2019-09-26,141.598970,141.598970,139.786664,140.182251,20641600
2019-09-27,140.587029,140.955004,138.452734,139.059906,20181900
2019-09-30,139.253107,140.071864,138.719533,139.225510,16905400
2019-10-01,139.933849,141.074595,136.198848,136.493225,34093500
2019-10-02,135.812400,135.812400,134.184083,135.462814,24894600
2019-10-03,134.947699,136.097638,133.328575,135.913651,25362800
2019-10-04,136.143645,137.302779,135.343278,137.201584,18640400
2019-10-07,136.870417,138.057162,136.263245,136.962418,15762800
2019-10-08,135.619276,136.088446,134.414141,134.736130,18110600
2019-10-09,135.729678,135.867679,134.901727,135.352509,10929500
2019-10-10,135.545662,136.612810,135.324883,135.895248,16349000
2019-10-11,137.799543,139.795850,135.867653,138.195129,29236300
2019-10-14,137.909972,138.130751,137.164813,137.689178,10692600
2019-10-15,138.149142,139.952254,137.799556,139.271484,16801200
2019-10-16,139.105890,140.081037,139.041487,139.418671,13119100
2019-10-17,140.099402,141.221743,139.878622,141.065353,13175800
2019-10-18,140.688222,141.212601,139.326697,140.393845,14490200
2019-10-21,141.828903,142.574061,141.589721,141.709305,17450300
2019-10-22,141.856529,142.638494,141.433360,141.865738,12471800
2019-10-23,141.985302,142.362485,141.258547,142.040497,8728000
2019-10-24,142.546501,142.647697,141.184977,141.838135,9091400
2019-10-25,141.589740,143.080057,141.580531,142.592484,10531500
2019-10-28,143.199681,144.414010,142.601704,143.825241,15392400
2019-10-29,143.521648,144.745186,143.383661,144.294418,11978300
2019-10-30,144.239179,144.257582,142.850058,143.816010,14451500
2019-10-31,143.604477,143.604477,141.893366,143.006500,17344200
2019-11-01,143.880422,145.527143,143.558448,145.444351,18421600
2019-11-04,146.640263,146.916251,145.784715,146.226288,16182000
2019-11-05,146.640266,147.615427,146.244694,146.410278,13760200
2019-11-06,146.263122,146.263122,145.177572,145.563950,16025500
2019-11-07,146.953075,147.348648,145.508745,145.950317,13448900
2019-11-08,145.609937,146.520695,145.306352,146.345901,11967400
2019-11-11,145.379952,146.180305,145.241965,146.069916,10508700
2019-11-12,146.207908,147.081873,145.803141,146.115921,14316900
2019-11-13,145.113187,145.812345,144.607211,145.490356,14514400
2019-11-14,145.287947,146.189510,145.159154,145.444351,13054000
2019-11-15,146.483913,146.539108,145.674365,146.198730,13119200
2019-11-18,146.014737,146.033140,145.297176,145.830750,10759500
2019-11-19,146.373505,146.916273,145.637541,146.373505,15203700
2019-11-20,145.858324,146.824276,144.671578,145.821518,21314300
2019-11-21,146.106747,146.171136,144.644013,145.103989,15388300
2019-11-22,145.637556,145.849141,144.754410,145.554764,13482400
2019-11-25,146.299873,148.875740,146.171080,148.645752,24753000
2019-11-26,148.802219,149.528975,148.379035,148.747025,15496700
2019-11-27,149.381740,149.887702,149.105752,149.795715,13202500
2019-11-29,149.409417,149.758989,148.728647,148.820648,9988200
2019-12-02,149.170132,149.225341,147.109450,147.367035,17190900
2019-12-03,146.106713,146.971455,145.444347,146.897858,14884400
2019-12-04,147.652220,148.314586,147.468232,147.909805,10833200
2019-12-05,148.544580,148.710165,147.606226,148.057007,11470700
2019-12-06,149.574961,150.329328,149.492169,149.786560,16486200
2019-12-09,149.722121,150.099304,149.390938,149.501328,13476700
2019-12-10,149.409290,149.915266,148.976911,149.593277,13704400
2019-12-11,149.841724,150.025712,148.986162,149.547333,19612200
2019-12-12,149.722103,151.883995,149.262128,150.835251,24857000
2019-12-13,150.623682,151.617231,149.538146,150.255707,23279600
2019-12-16,151.480966,152.210402,151.185508,151.314774,20115300
2019-12-17,151.554824,152.071884,151.148558,152.071884,12980000
2019-12-18,152.404313,152.607446,151.721060,152.367386,15379300
2019-12-19,152.607409,153.022903,152.238084,153.022903,11919800
2019-12-20,153.410714,153.650788,153.013690,153.244522,25449500
2019-12-23,153.493797,153.604592,152.681265,153.549194,13372100
2019-12-24,153.687679,153.918510,153.309111,153.900040,4334500
2019-12-26,154.038547,154.177040,153.604583,153.900040,9371200
2019-12-27,154.306331,154.306331,152.745907,153.142944,12261800
2019-12-30,153.253748,153.466123,151.951868,152.755157,14912700
2019-12-31,152.422785,153.595414,152.081159,152.967545,17362400
2020-01-02,153.955492,153.964720,151.637933,153.069092,18297500
2020-01-03,151.185479,152.727433,151.148538,152.468903,19295600
2020-01-06,151.287023,152.847432,151.000780,152.672012,17150900
2020-01-07,152.210384,152.662805,151.619456,152.164215,11817900
2020-01-08,152.182665,153.299882,152.090327,152.635086,13832400
2020-01-09,153.382978,153.687677,152.588916,152.819748,11895400
2020-01-10,152.856744,152.986009,151.610247,152.247345,15353000
2020-01-13,152.293478,153.309129,151.490189,153.235275,17271100
2020-01-14,152.478128,154.740275,152.330393,153.798492,18323000
2020-01-15,153.410681,155.072671,153.401452,154.537140,15437200
2020-01-16,155.663626,156.845483,155.515890,156.531555,19976200
2020-01-17,157.224029,157.482559,155.737472,156.106812,18306400
2020-01-21,155.451230,156.032930,154.444808,154.814133,17935100
2020-01-22,155.294270,155.691294,154.361702,154.712570,14916300
2020-01-23,154.287837,155.091126,152.764340,154.610992,15954300
2020-01-24,155.128065,155.128065,151.637892,152.708954,20491400
2020-01-27,150.363760,151.878015,149.966722,150.973145,18539000
2020-01-28,151.887195,152.718183,150.954640,152.228821,16690400
2020-01-29,152.441205,152.865928,151.333202,151.360901,14944400
2020-01-30,150.354478,151.554806,149.514248,151.360901,21889700
2020-01-31,150.797692,151.351680,147.759940,148.221603,30439000
2020-02-03,149.209593,150.437605,149.108027,149.874390,17373200
2020-02-04,151.711784,152.635111,151.573291,152.136520,15994200
2020-02-05,153.715418,154.684914,152.985996,154.481781,17807000
2020-02-06,155.017305,155.257365,153.973941,154.130905,14768900
2020-02-07,153.539963,153.604602,151.794876,152.238083,18029600
2020-02-10,151.942598,153.170624,151.850274,153.096756,11428800
2020-02-11,154.001652,155.081957,153.521533,154.158630,15005600
2020-02-12,155.137317,155.386605,154.454051,155.220413,12123000
2020-02-13,154.398683,155.996034,154.297116,155.626709,12649300
2020-02-14,155.765230,155.839098,154.509505,155.026566,16006200
2020-02-18,154.657165,155.174225,153.669199,154.694092,13412100
2020-02-19,155.275783,156.171410,154.684855,155.488144,11084600
2020-02-20,155.026530,156.143761,153.816974,155.866760,20383800
2020-02-21,155.257369,155.700576,153.576922,154.287888,18729900
2020-02-24,149.449665,154.250961,148.747942,149.643570,28239500
2020-02-25,150.059013,150.280602,144.001994,144.325150,45047000
2020-02-26,145.008447,146.338039,142.395431,142.653961,39465000
2020-02-27,139.745514,143.124880,137.409499,137.631088,50530300
2020-02-28,133.743908,137.695746,132.875978,135.110428,72036400
2020-03-02,136.624605,139.634644,134.242421,139.449982,33569300
2020-03-03,139.505431,142.376978,135.091931,136.606186,42941300
2020-03-04,138.757534,140.761151,137.132484,140.493393,36195800
2020-03-05,137.427890,140.788798,134.334756,136.024445,32729400
2020-03-06,131.767944,134.787212,130.179821,133.328354,39688300
2020-03-09,123.845790,125.729370,120.272507,120.364845,56320000
2020-03-10,124.381301,124.464397,118.204246,124.122757,54432700
2020-03-11,120.881915,122.128411,114.649460,116.228348,51354800
2020-03-12,107.816851,110.706868,103.043254,103.384888,70114300
2020-03-13,109.238745,110.762235,101.150411,110.309807,57915100
2020-03-16,100.291735,102.766251,93.653015,95.675102,59095700
2020-03-17,96.912351,102.027581,92.895882,100.060898,59344800
2020-03-18,95.148810,98.592814,88.870186,92.304962,62296700
2020-03-19,92.018711,98.611261,88.353104,95.905914,62654700
2020-03-20,97.983407,100.420989,92.748141,93.625305,76203700
2020-03-23,94.086979,94.345509,88.556255,92.240326,63534700
2020-03-24,97.290928,100.947300,92.268029,100.679535,73386700
2020-03-25,101.476662,105.666232,98.269593,101.930840,56043700
2020-03-26,103.386055,109.003047,103.070907,108.270798,51657600
2020-03-27,104.044169,107.538567,102.765054,104.331505,39931500
2020-03-30,104.961779,106.834114,102.700156,106.630196,41552100
2020-03-31,106.222363,107.677591,103.775356,106.092598,52948000
2020-04-01,100.753695,102.310882,97.815433,98.862831,54224200
2020-04-02,97.991512,102.320118,96.925580,99.798958,43774200
2020-04-03,98.797927,100.104855,95.099611,96.971947,42189200
2020-04-06,101.115162,105.054473,101.050280,104.396378,48708100
2020-04-07,108.335671,109.967011,104.173907,104.665161,57546100
2020-04-08,106.481880,110.523150,105.008118,109.438683,52822300
2020-04-09,113.007250,115.500604,112.460384,114.675667,69528600
2020-04-13,113.869241,114.480996,110.411921,111.570541,40198200
2020-04-14,114.842513,115.750868,112.432582,113.832191,35089700
2020-04-15,109.244050,110.402671,108.131777,109.188438,34809900
2020-04-16,109.457218,109.763096,106.185275,108.363487,49501300
2020-04-17,112.988724,113.748779,111.283230,113.137024,46250200
2020-04-20,110.847590,113.915623,110.337801,111.802299,36700500
2020-04-21,108.836213,110.523165,107.964935,109.132820,31608900
2020-04-22,111.524215,112.145234,110.087522,110.458282,24333800
2020-04-23,111.329573,113.915616,110.931007,111.542755,38571200
2020-04-24,112.645767,114.304913,111.311034,113.461441,27147500
2020-04-27,114.888846,119.050617,114.805428,117.956879,39021300
2020-04-28,121.534711,121.849867,117.975431,119.671654,47292700
2020-04-29,123.731424,126.845797,122.239120,125.557411,50390500
2020-04-30,122.257667,123.221648,120.626334,120.783905,43727500
2020-05-01,117.854924,118.142260,114.277102,115.991859,43352000
2020-05-04,114.564439,116.696304,113.313130,116.492386,28498200
2020-05-05,118.707671,120.422421,116.881676,117.391472,31209400
2020-05-06,118.170061,118.828157,115.862090,116.529457,29836800
2020-05-07,118.077378,119.106234,117.298788,118.123726,27493000
2020-05-08,120.644897,123.045556,119.745805,122.684067,32122900
2020-05-11,120.876606,123.230917,119.875555,122.072296,33983200
2020-05-12,122.591357,122.619163,117.567579,117.688080,44275300
2020-05-13,116.464587,116.863153,111.607650,113.748779,58719300
2020-05-14,111.199804,114.258559,108.613761,114.119530,55904300
2020-05-15,113.090669,116.353342,112.580873,115.936241,40236600
2020-05-18,121.840558,123.638739,121.265886,122.980637,46981100
2020-05-19,122.554285,123.694364,120.552185,120.552185,30270000
2020-05-20,123.027000,125.112517,122.702594,124.204163,35901300
2020-05-21,124.250523,125.186684,122.887984,124.426636,32716500
2020-05-22,124.825180,125.177405,123.295806,125.029099,24035200
2020-05-26,129.848968,130.117776,125.121803,128.634735,36971000
2020-05-27,131.220766,133.009670,127.290719,132.629639,42682000
2020-05-28,134.159024,134.159024,127.522441,129.487457,42105000
2020-05-29,128.189827,129.098182,126.437993,128.745956,41536400
2020-06-01,129.079638,131.313463,128.477161,129.978729,25567500
2020-06-02,130.757295,131.480273,129.357672,131.053894,24666200
2020-06-03,133.167263,135.391824,132.648203,134.214661,36111700
2020-06-04,133.324801,134.956148,132.713046,134.019974,28904700
2020-06-05,139.831637,141.184912,138.617404,139.201340,53513400
2020-06-08,141.212711,142.176677,140.545344,141.898605,33834300
2020-06-09,139.831656,140.675136,138.163239,139.275513,39646000
2020-06-10,139.117929,139.275500,135.234229,135.493759,51774500
2020-06-11,129.904582,130.720255,124.917886,125.158875,72041500
2020-06-12,130.071438,130.710999,124.343208,128.162033,63864900
2020-06-15,123.954545,132.120217,123.954545,131.125092,57354800
2020-06-16,136.426278,136.426278,131.162298,134.277908,48957000
2020-06-17,134.473221,134.845242,131.432029,131.850540,34811400
2020-06-18,130.548514,133.282809,130.027698,131.804062,26974100
2020-06-19,134.315091,134.398791,130.055547,131.125092,50293800
2020-06-22,130.427590,132.585256,129.116243,132.436447,28983200
2020-06-23,134.222078,134.538285,132.668914,132.994431,20344200
2020-06-24,131.227398,131.692414,126.772541,128.679108,42998700
2020-06-25,128.074588,130.743772,126.753931,130.622864,37191200
2020-06-26,129.720762,130.046278,126.939977,127.107376,39100100
2020-06-29,129.004634,132.055135,127.507283,131.264603,33935200
2020-06-30,130.827492,133.571081,130.753088,133.161865,32865900
2020-07-01,133.598994,134.398821,131.357629,131.897049,26457500
2020-07-02,134.445318,135.114942,131.962136,132.436447,24022400
2020-07-06,135.152105,135.505507,132.929317,133.394333,19858200
2020-07-07,132.231808,133.403656,130.650758,131.032074,22661000
2020-07-08,130.911192,132.529452,129.367351,132.008636,27358900
2020-07-09,132.083021,132.389933,127.637473,129.339432,34647800
2020-07-10,129.404563,131.599438,128.772149,131.422729,24008200
2020-07-13,132.808404,134.519657,129.636996,129.757904,34235500
2020-07-14,129.674228,132.045810,128.939510,131.906311,28114000
2020-07-15,135.245157,137.440031,134.659233,136.742508,40770100
2020-07-16,135.886845,136.407660,134.742911,135.933350,30530800
2020-07-17,136.416997,137.263329,135.328862,136.333298,20644100
2020-07-20,135.896170,136.575103,134.994038,135.747375,19663300
2020-07-21,137.151731,138.723486,136.900619,137.672546,24503800
2020-07-22,136.798312,138.267764,136.742513,137.746948,24424800
2020-07-23,137.625991,139.690661,136.435552,137.886398,21704900
2020-07-24,136.984247,137.337663,135.375297,135.858917,20015500
2020-07-27,135.961251,137.356298,135.217223,137.272598,13370700
2020-07-28,136.779688,137.681805,135.840348,135.905457,13268000
2020-07-29,136.714553,138.993126,136.695948,138.900131,19864400
2020-07-30,136.844779,138.686237,136.091456,138.351425,23618900
2020-07-31,137.774847,138.035254,134.547637,137.049423,29881500
2020-08-03,137.914302,139.476761,136.919176,139.281448,20777100
2020-08-04,138.937357,140.369599,138.611841,140.239395,20285000
2020-08-05,141.634418,143.122474,141.160107,143.029465,18190200
2020-08-06,143.038818,143.634038,142.211091,142.973709,18237700
2020-08-07,142.713235,145.317324,142.434223,145.242920,20475200
2020-08-10,145.689368,147.716844,145.689368,146.749603,24000500
2020-08-11,148.126064,148.637584,145.233666,145.903290,30359400
2020-08-12,147.568019,147.772627,145.540559,146.498489,23378300
2020-08-13,146.005632,147.437874,145.689410,146.191635,15799900
2020-08-14,145.345249,146.721691,144.963933,146.098572,13360900
2020-08-17,146.479907,146.972822,145.773088,146.851913,9744200
2020-08-18,146.805392,146.805392,144.815126,145.447540,14670400
2020-08-19,145.949779,146.982114,145.261565,145.456863,14337300
2020-08-20,143.968827,145.540582,143.727009,144.861649,15413000
2020-08-21,144.294310,144.824434,142.852773,143.792099,20685100
2020-08-24,144.954706,145.336022,143.531759,145.298813,13707100
2020-08-25,145.838180,145.847489,143.959513,145.456863,16269700
2020-08-26,145.549861,145.800973,144.322213,144.545425,13772700
2020-08-27,145.196483,146.014915,143.810745,144.898880,17508400
2020-08-28,145.642859,146.200869,144.833722,146.126465,12371400
2020-08-31,146.191613,146.359011,144.433854,144.554749,17051500
2020-09-01,144.359423,146.303184,143.643295,146.210190,15638800
2020-09-02,146.907726,147.856348,145.252258,147.372742,16763400
2020-09-03,147.056503,147.214607,142.257554,143.020172,32117600
2020-09-04,144.815190,144.982589,138.844376,142.108795,30618800
2020-09-08,140.602084,141.811127,138.574623,139.374451,26447800
2020-09-09,140.834639,142.090187,140.034825,141.485672,20160800
2020-09-10,142.136640,143.113176,139.560450,139.644150,23005500
2020-09-11,140.360301,140.481210,137.346995,138.714142,20851000
2020-09-14,140.053373,142.694658,139.848765,142.369156,21991300
2020-09-15,143.578195,143.875798,142.164544,142.638855,16175500
2020-09-16,143.327114,145.875404,143.076001,143.987442,22178400
2020-09-17,141.941338,143.596792,141.132215,142.936478,20002900
2020-09-18,143.206177,144.424515,140.564892,142.564453,38352800
2020-09-21,139.337242,139.746444,136.091429,137.570175,40652500
2020-09-22,138.249146,138.853675,136.305384,138.630463,19385800
2020-09-23,138.552037,139.504275,134.416288,134.500320,33403400
2020-09-24,134.472300,136.796910,132.651829,134.500320,31723700
2020-09-25,133.912198,137.095697,133.828180,136.684921,20689300
2020-09-28,138.514660,140.447169,136.675514,140.055069,17600900
2020-09-29,139.896406,140.297837,138.169284,139.420273,18683800
2020-09-30,139.942995,141.875504,138.626664,139.840302,29073700
2020-10-01,140.792615,142.090285,139.560302,142.071609,25872000
2020-10-02,139.485594,143.378604,139.093494,142.697098,29452000
2020-10-05,144.228152,146.860829,144.218807,146.636780,18553600
2020-10-06,147.971802,150.315073,145.955275,146.216675,36348000
2020-10-07,148.055818,149.894964,147.934463,149.409500,27049700
2020-10-08,150.977927,151.500728,149.913651,151.108627,37278600
2020-10-09,152.499625,152.835712,151.061910,151.892792,25038100
2020-10-12,152.546352,153.330567,151.799502,152.910446,20336200
2020-10-13,151.724755,152.378255,150.753828,151.892792,20106500
2020-10-14,152.182266,153.022493,150.249770,150.389801,19024900
2020-10-15,148.709320,152.340930,148.261207,151.939499,22865100
2020-10-16,152.368962,152.826405,151.528735,151.566086,17637900
2020-10-19,152.060847,153.134454,149.400150,149.754913,18360600
2020-10-20,150.828544,151.659426,149.689580,150.081680,18927700
2020-10-21,150.184369,150.651157,148.709318,148.793350,17504100
2020-10-22,149.502866,151.416700,148.606627,151.360687,20673900
2020-10-23,152.238266,152.480991,150.539151,152.238266,20889800
2020-10-26,150.231067,150.651173,146.926214,148.952072,26509900
2020-10-27,148.858695,149.428177,147.449001,147.673050,20523000
2020-10-28,144.386828,145.115016,142.874426,143.126495,32338700
2020-10-29,142.622421,145.441810,141.595481,144.834991,27203200
2020-10-30,144.069451,144.965676,141.334066,142.921143,31764500
2020-11-02,144.489591,145.535192,143.462651,145.469849,25252100
2020-11-03,147.906468,150.520484,147.561049,149.596252,30257400
2020-11-04,147.271636,151.566092,147.234299,149.764282,45226300
2020-11-05,151.248690,154.581564,151.155341,153.956070,31911000
2020-11-06,154.618846,154.702878,152.452957,152.751694,24930400
2020-11-09,165.196284,166.269905,158.082439,158.287827,55052700
2020-11-10,159.828243,161.816765,158.474560,161.228607,35492200
2020-11-11,161.826070,161.956770,159.510805,161.163239,23972600
2020-11-12,160.014931,161.172571,157.158191,158.689255,33986800
2020-11-13,159.968296,162.563637,159.930945,161.975479,25440400
2020-11-16,164.766794,165.971101,163.749186,165.831070,31812300
2020-11-17,164.346736,166.923415,162.703647,166.606003,26154500
2020-11-18,167.054133,167.782321,164.178716,164.272079,24377800
2020-11-19,163.982654,165.793795,163.441193,165.532394,20187600
2020-11-20,164.934877,166.120523,164.150677,165.709747,24898800
2020-11-23,167.343498,169.901502,166.858035,168.809219,24816000
2020-11-24,171.208513,173.122347,170.246931,171.983383,34945400
2020-11-25,171.311245,172.067440,169.808187,171.395264,21082700
2020-11-27,171.516594,172.235452,171.049806,172.123413,10384400
2020-11-30,171.609941,172.076729,168.342426,168.995926,25481600
2020-12-01,171.404558,171.983371,168.995930,170.564331,30265000
2020-12-02,169.864166,171.292536,168.753208,170.741730,20142800
2020-12-03,171.161832,172.879609,170.788408,171.703308,19603600
2020-12-04,172.730240,175.932399,171.703301,175.699005,24415700
2020-12-07,175.727005,176.399181,174.989486,175.867050,14671500
2020-12-08,174.690715,178.294319,174.653378,178.126282,20165600
2020-12-09,179.265262,180.002781,175.418920,176.828629,29507600
2020-12-10,175.288224,178.919834,174.868118,178.537079,21245300
2020-12-11,177.370124,178.985207,175.792378,177.659531,30865000
2020-12-14,179.768534,180.854851,177.820634,177.867447,32237700
2020-12-15,179.581218,182.521794,178.616635,182.315765,26807000
2020-12-16,182.737189,182.812110,180.705008,181.660217,25494600
2020-12-17,182.362580,183.907796,181.735134,183.823502,23834200
2020-12-18,184.123183,185.265702,182.428140,182.933838,37033400
2020-12-21,179.712279,183.345862,179.318956,182.840164,30873000
2020-12-22,183.542534,185.162656,182.980635,184.919174,21919700
2020-12-23,185.958701,186.970097,185.331241,186.492493,18392000
2020-12-24,187.232327,187.241701,185.481096,186.370758,8904900
2020-12-28,188.384188,188.402907,185.546626,185.677734,27168400
2020-12-29,186.024230,186.361367,181.154489,182.081604,33901300
2020-12-30,182.662241,184.937903,182.643507,183.935867,20595700
2020-12-31,184.132525,184.338554,182.259546,183.608093,24747700
2021-01-04,184.994073,185.321850,178.813253,181.210663,33664200
2021-01-05,180.826761,185.069057,180.808041,184.010834,27442900
2021-01-06,186.810902,193.647278,186.511233,191.540176,52952200
2021-01-07,192.645219,195.276752,192.635845,194.948975,24031400
2021-01-08,196.025946,196.447363,191.661902,194.527557,29017000
2021-01-11,192.064597,194.902159,191.821115,194.358994,20945100
2021-01-12,195.276786,197.964506,195.248693,197.842758,24892200
2021-01-13,198.001930,198.282879,195.904203,196.428635,22782200
2021-01-14,197.824036,201.345231,197.721021,200.352554,33913700
2021-01-15,197.421360,200.371311,195.033309,197.365173,41043500
2021-01-19,199.790662,200.043519,198.273554,199.893677,19744300
2021-01-20,200.745893,202.263002,199.537828,200.773987,25474200
2021-01-21,201.317095,201.495030,198.488893,199.032059,21180500
2021-01-22,197.121653,201.654258,196.241351,201.345215,24800200
2021-01-25,201.279637,204.070385,198.161140,201.148529,33985000
2021-01-26,202.562642,202.927872,199.256836,199.753174,23969800
2021-01-27,196.194552,199.462905,194.124904,196.091537,45830300
2021-01-28,197.449418,198.882246,194.443296,195.464066,32202500
2021-01-29,196.409920,197.589906,191.830487,192.504761,40591900
2021-02-01,194.949003,198.133075,192.692060,197.234039,26375100
2021-02-02,199.612696,200.455545,197.496235,200.043488,22773100
2021-02-03,200.127766,201.101722,198.151772,200.642838,23923200
2021-02-04,201.429484,204.931960,201.420125,204.735291,25400800
2021-02-05,206.907900,207.750735,204.875721,207.572800,23338800
2021-02-08,209.576951,212.892132,209.211721,212.873398,20831500
2021-02-09,212.704892,215.036742,211.936963,213.875504,19510900
2021-02-10,215.317655,215.692260,210.663302,212.470734,27955400
2021-02-11,213.650686,214.456068,209.230455,212.227219,25847600
2021-02-12,211.581036,213.276094,210.372971,212.826569,17440200
2021-02-16,214.896201,215.046043,210.513424,211.487381,22999500
2021-02-17,209.408371,210.466608,206.926680,209.829788,25042300
2021-02-18,208.219026,208.743458,205.456385,206.580170,24501500
2021-02-19,208.331419,211.927535,208.059829,210.888031,31238200
2021-02-22,209.314723,212.011817,208.818385,209.520752,23272100
2021-02-23,206.926723,208.818422,201.869671,207.675903,38646800
2021-02-24,208.481256,213.004501,207.629062,212.583084,27584900
2021-02-25,212.386397,213.135591,204.164022,204.725922,49961400
2021-02-26,205.578166,208.116044,201.167294,204.445007,47734200
2021-03-01,209.286640,212.311511,208.780942,211.712158,26161000
2021-03-02,211.449917,211.609132,207.479211,207.638412,26895400
2021-03-03,208.293947,210.017084,205.287824,205.390839,33407600
2021-03-04,204.632246,206.673800,196.128923,199.650131,59126500
2021-03-05,203.115205,204.295176,194.049993,203.883133,53204300
2021-03-08,205.428244,208.153431,203.845576,204.847626,40619700
2021-03-09,208.284620,210.700764,206.889245,209.155548,32247300
2021-03-10,211.271985,214.427949,210.897381,212.789093,36812000
2021-03-11,214.971118,217.527729,214.259377,217.471542,25256700
2021-03-12,217.256142,219.278948,216.675509,218.754517,23732200
2021-03-15,218.520435,219.634859,217.181262,219.531845,21497400
2021-03-16,219.157225,219.222772,214.568419,215.860779,24675000
2021-03-17,214.427946,218.033435,212.920198,217.555817,29422600
2021-03-18,216.141723,218.136435,210.344852,210.934845,35637200
2021-03-19,210.307456,214.081508,208.790333,212.526932,40855600
2021-03-22,213.219918,213.613256,209.867298,210.925522,26128400
2021-03-23,208.986975,209.642514,202.309801,203.274384,43660700
2021-03-24,205.896534,207.273175,198.573181,198.573181,47270200
2021-03-25,196.413356,204.088253,195.184250,203.281357,59244600
2021-03-26,205.439334,207.053112,202.624583,206.987442,34452600
2021-03-29,205.486208,207.287647,200.860641,201.160873,38078800
2021-03-30,201.151527,205.176615,199.978713,204.547989,36205400
2021-03-31,205.636396,208.666942,205.589481,207.297104,34800100
2021-04-01,208.666912,210.074288,208.310387,209.924179,29799200
2021-04-05,212.419893,212.551247,209.764656,211.078201,27826600
2021-04-06,211.106334,212.691979,210.017960,210.458939,24907800
2021-04-07,210.383947,210.515301,206.358858,207.062546,26233700
2021-04-08,208.141506,209.061001,205.842794,208.817047,23989400
2021-04-09,208.751353,209.314294,207.578540,208.845169,23267400
2021-04-12,208.967166,209.164191,206.790418,208.028915,20533900
2021-04-13,207.803712,208.826416,205.317354,207.484711,24608400
2021-04-14,208.169646,212.044625,208.103976,209.530121,27362000
2021-04-15,211.190804,211.218950,208.535553,210.440201,20587300
2021-04-16,211.481657,211.744366,209.239239,210.777969,23943000
2021-04-19,209.896046,210.787381,206.358837,208.038300,25285900
2021-04-20,207.137548,207.935053,201.949025,203.778610,35570800
2021-04-21,203.619118,208.873312,202.192974,208.760727,31147800
2021-04-22,209.473791,211.415976,207.146934,207.897537,31943700
2021-04-23,209.061013,212.654500,208.310410,211.819458,27999500
2021-04-26,212.982818,214.568464,212.748256,214.024277,19069200
2021-04-27,214.587292,215.225296,213.461380,214.343338,19648100
2021-04-28,213.996148,215.319085,213.076667,214.709213,16222700
2021-04-29,216.595109,216.688926,211.847550,213.911713,25500300
2021-04-30,211.781878,213.733440,210.299440,211.003128,27006000
2021-05-03,213.179899,213.367547,211.031298,212.035233,18693400
2021-05-04,210.731073,212.175973,207.315842,209.501953,26892700
2021-05-05,210.430816,210.674756,207.691126,208.666901,25139500
2021-05-06,208.901462,209.051585,205.139083,208.845169,27647300
2021-05-07,208.910840,211.978908,208.441715,211.472260,26172700
2021-05-10,211.322147,211.734980,206.030415,206.096100,28109100
2021-05-11,201.648806,206.781038,201.179681,205.439346,39519500
2021-05-12,203.694171,205.261047,198.477487,198.768356,42113400
2021-05-13,200.138172,204.013151,198.721420,202.427505,37739900
2021-05-14,204.482318,207.738048,202.361863,207.372131,25070400
2021-05-17,206.208696,207.719280,204.444781,207.653610,20048500
2021-05-18,207.719254,209.455023,205.917815,206.077316,24564500
2021-05-19,202.690230,204.688708,200.832498,204.491669,31202800
2021-05-20,204.791929,206.293121,202.971721,205.852142,24932800
2021-05-21,207.662969,208.638743,205.805237,206.386948,24213700
2021-05-24,207.522221,208.713804,206.415093,207.728638,18324200
2021-05-25,208.507400,209.896021,205.655125,205.720795,20514900
2021-05-26,206.537075,209.877245,206.527684,209.558243,20388200
2021-05-27,211.143884,212.382381,210.336988,211.716217,21225700
2021-05-28,213.057907,213.151724,211.153260,211.575470,20668400
2021-06-01,213.414460,214.446527,212.007084,213.977402,23081500
2021-06-02,214.774946,214.784323,212.823383,214.230759,18927500
2021-06-03,212.813953,213.564542,210.205604,212.438644,24811500
2021-06-04,213.508247,213.977372,212.241618,213.358124,19395800
2021-06-07,213.817884,216.529427,213.217404,216.219803,24049900
2021-06-08,216.932886,219.062704,215.778828,218.509140,27770300
2021-06-09,219.119019,219.212850,216.717100,217.054871,18700600
2021-06-10,217.700399,218.170229,214.909622,215.445221,29069000
2021-06-11,216.403690,217.813179,216.187572,217.719208,16707200
2021-06-14,218.292370,219.269625,216.253310,217.080215,19182800
2021-06-15,217.174189,217.503076,214.693487,216.460052,17039900
2021-06-16,215.839863,216.760725,213.904166,215.999603,24527000
2021-06-17,215.407650,216.309716,210.972454,213.575302,48292500
2021-06-18,210.201913,212.118827,207.786994,208.726654,54023700
2021-06-21,210.530824,213.772648,209.807282,213.190063,26736400
2021-06-22,212.616856,214.627728,211.160380,214.157898,21188500
2021-06-23,214.233070,216.084201,214.233070,214.862640,22387500
2021-06-24,216.234518,217.916518,214.919000,217.897720,21732500
2021-06-25,218.273582,219.326011,217.766172,218.264191,27619000
2021-06-28,218.226654,218.555526,214.966033,216.535263,25006000
2021-06-29,217.277543,217.747373,214.965988,215.501587,18844300
2021-06-30,214.853229,216.422474,214.016932,215.529785,26039000
2021-07-01,216.882913,217.860167,215.849296,217.427917,18089100
2021-07-02,218.001114,218.076289,214.768682,215.360672,21029700
2021-07-06,215.520408,215.614379,210.361669,212.231598,27771300
2021-07-07,211.930910,212.992730,208.416590,210.258316,28521500
2021-07-08,206.076784,210.558966,204.704889,208.322571,42297900
2021-07-09,210.634169,212.785984,209.863641,212.720215,23976400
2021-07-12,211.949677,213.199426,211.000626,212.898743,16831000
2021-07-13,211.639595,212.118831,208.811224,208.886398,25357500
2021-07-14,210.211294,210.822067,205.362646,205.663330,30594100
2021-07-15,204.686129,205.841906,201.970512,204.498199,45477000
2021-07-16,206.565387,206.612373,201.528811,201.979843,36620200
2021-07-19,197.920576,201.510069,196.435911,198.954193,58571000
2021-07-20,199.395816,206.039218,198.512533,205.127747,40794600
2021-07-21,206.208361,208.811222,206.123795,208.660873,28278700
2021-07-22,208.106490,208.538725,204.451213,205.343887,32879000
2021-07-23,206.603021,206.678196,203.821636,206.302338,23660300
2021-07-26,207.091661,208.651500,205.926478,206.903732,22194200
2021-07-27,205.794927,205.860710,202.383971,204.488800,35063600
2021-07-28,205.785524,209.158900,204.282063,207.495712,33043700
2021-07-29,209.346807,210.897254,208.736034,209.093109,22634800
2021-07-30,208.275625,210.530818,206.988296,207.711838,28473000
2021-08-02,209.046139,211.000633,206.386900,206.678192,24192600
2021-08-03,207.307771,207.777601,204.000178,207.533295,27798600
2021-08-04,205.879518,207.852795,204.742523,204.949249,25588500
2021-08-05,205.870088,209.017954,205.484824,208.632690,23915200
2021-08-06,210.248923,211.620833,208.736070,209.910645,24429200
2021-08-09,209.468989,209.722701,207.862178,208.754852,17225600
2021-08-10,209.205869,209.750874,207.843365,209.168289,22681600
2021-08-11,209.562965,210.230115,207.166829,210.192535,25691300
2021-08-12,210.258291,210.333466,208.332000,209.694504,23269500
2021-08-13,209.525365,209.826063,207.382941,207.787003,20813700
2021-08-16,206.509032,206.969456,204.516943,205.851273,24074400
2021-08-17,203.586713,204.319646,200.852299,203.342392,35161500
2021-08-18,203.060553,204.883482,201.434931,201.566483,29102300
2021-08-19,199.611929,201.152985,197.967524,199.151505,38119900
2021-08-20,199.301883,202.985348,198.662907,202.515518,31759500
2021-08-23,204.357262,206.668832,204.319682,206.368134,25778800
2021-08-24,207.025871,208.529318,206.433880,208.397766,18677900
2021-08-25,208.388382,210.455631,207.523896,209.130707,21548000
2021-08-26,208.736028,209.694485,206.480850,206.913086,22380300
2021-08-27,207.335992,213.331028,207.260832,212.748444,33998500
2021-08-30,213.537714,213.631685,211.404682,211.874512,20733300
2021-08-31,211.649002,212.936331,210.793908,212.287964,20839800
2021-09-01,213.143070,214.467994,211.301330,213.716263,20451500
2021-09-02,214.552560,215.971441,213.866612,215.200928,22810100
2021-09-03,214.477375,215.153931,213.481338,214.204880,18213100
2021-09-07,213.979348,215.182112,212.598047,212.729599,19153400
2021-09-08,211.996673,212.334951,209.196491,210.408646,25241500
2021-09-09,210.051570,212.635635,209.506580,210.305283,27180500
2021-09-10,211.573810,211.695956,208.153449,208.247406,24366100
2021-09-13,209.741471,209.901211,206.960071,209.431381,34693100
2021-09-14,210.248901,210.267698,205.851299,206.762756,30312600
2021-09-15,206.743979,209.299855,206.217772,208.632690,27572000
2021-09-16,208.848789,209.863623,206.969469,208.783020,22369000
2021-09-17,208.247403,209.572327,207.326541,209.055511,39957600
2021-09-20,204.329069,205.776153,201.293971,204.084763,44958500
2021-09-21,205.569396,206.058009,202.797402,204.394821,26711200
2021-09-22,205.672789,209.121340,205.663384,207.570892,32100300
2021-09-23,208.773609,212.034230,208.191024,211.244919,31057800
2021-09-24,210.197861,211.460817,209.085696,210.226135,28866000
2021-09-27,210.763283,214.589857,210.678461,213.421158,29743200
2021-09-28,212.450413,212.629491,208.152585,208.567276,39938200
2021-09-29,209.490914,209.858491,207.511645,208.124283,23628900
2021-09-30,209.349567,209.811401,206.031954,206.173325,33153600
2021-10-01,207.304339,210.650241,205.221408,209.500381,32647000
2021-10-04,209.368398,209.538057,206.342946,207.596481,32580200
2021-10-05,208.256303,210.235558,207.238394,208.312851,20407600
2021-10-06,206.182760,207.539972,204.297746,207.228943,32893300
2021-10-07,208.793509,212.016880,208.642705,210.424042,24289300
2021-10-08,210.546541,211.225147,208.765204,208.840607,17989600
2021-10-11,209.076245,210.697358,207.587083,207.643631,15929800
2021-10-12,208.152580,209.679436,207.690747,208.784058,18800600
2021-10-13,209.132770,209.896198,207.191209,209.773682,19676200
2021-10-14,211.828354,213.006487,211.423083,212.883957,18160000
2021-10-15,214.872659,215.277945,212.120542,212.214798,27555300
2021-10-18,211.008378,212.704878,210.866993,212.092255,19082600
2021-10-19,212.987633,213.835898,211.696404,212.883957,15498400
2021-10-20,212.978226,214.872659,212.177090,214.297729,18130500
2021-10-21,214.128061,215.843415,213.590825,214.844360,17851600
2021-10-22,214.702996,215.259071,212.714306,214.335419,16887000
2021-10-25,214.693587,216.757678,214.212913,216.371262,16387100
2021-10-26,216.804784,217.455116,214.702998,214.740692,25290200
2021-10-27,214.118658,214.382573,210.650240,210.791611,27088500
2021-10-28,211.875499,215.136564,211.847225,214.995193,22890600
2021-10-29,214.703018,215.673798,213.911316,214.938644,20777700
2021-11-01,216.069638,220.716188,215.730335,220.508850,35500800
2021-11-02,220.904705,221.347684,219.274158,220.970673,24949700
2021-11-03,220.687910,226.022500,220.471137,224.919769,47648500
2021-11-04,225.711470,227.087536,223.901859,224.834946,26514000
2021-11-05,227.304343,229.406129,226.390111,227.907547,42041700
2021-11-08,229.726576,230.405182,228.020627,228.614410,31324500
2021-11-09,228.086613,228.586140,225.768040,227.285477,29895900
2021-11-10,226.277003,227.671909,222.723749,223.703964,32471600
2021-11-11,224.608741,226.559737,223.996118,225.504120,17987500
2021-11-12,226.126213,226.399548,225.014062,225.730362,20526700
2021-11-15,226.738813,226.917877,223.892439,224.834946,27390000
2021-11-16,224.090340,225.607776,223.326912,225.249634,21925200
2021-11-17,224.373133,224.439116,221.611596,222.299622,26527800
2021-11-18,223.298678,223.440063,219.651182,221.357117,30637300
2021-11-19,219.858454,220.942331,219.029044,219.340073,33994000
2021-11-22,220.753875,222.186488,218.303352,218.407028,31042100
2021-11-23,218.086608,219.604044,215.475861,218.030060,33843800
2021-11-24,216.201594,218.652117,215.400458,218.265686,24099300
2021-11-26,212.026272,213.166697,207.012130,210.037582,62595400
2021-11-29,213.213832,213.713360,208.520154,209.905640,45982400
2021-11-30,207.973541,209.104546,203.468360,205.626694,64908400
2021-12-01,210.339207,211.319422,200.895286,200.998962,69120100
2021-12-02,202.045130,207.294898,201.526763,206.606873,64315700
2021-12-03,207.624775,207.709611,200.480587,202.365601,64425200
2021-12-06,204.090339,208.001749,201.423058,206.427765,43878300
2021-12-07,209.368410,213.044179,209.217605,211.215729,44679200
2021-12-08,211.686995,213.515446,210.235527,212.657776,36546400
2021-12-09,211.074328,212.827391,207.803829,207.841537,34830300
2021-12-10,209.424950,210.037588,205.768035,207.266617,32924600
2021-12-13,206.459280,207.083228,203.018135,204.237656,33478400
2021-12-14,202.857420,205.636809,201.656796,202.479263,36543500
2021-12-15,202.507651,206.241859,199.548639,205.693542,51261000
2021-12-16,207.461361,207.886775,200.654703,201.533890,52743800
2021-12-17,200.607436,205.476099,198.811240,203.386826,62620900
2021-12-20,200.503485,201.307055,197.355402,200.531845,49993000
2021-12-21,202.498160,206.459261,200.475070,206.260727,38545300
2021-12-22,205.967658,208.312185,205.268094,208.246002,32442000
2021-12-23,208.973960,210.628356,208.302741,209.909866,22125400
2021-12-27,210.193449,211.989660,208.548515,211.876205,24196700
2021-12-28,211.564233,213.398252,210.202913,210.581055,23120300
2021-12-29,210.552745,211.280684,209.172499,210.807999,19444400
2021-12-30,210.760729,213.114691,210.533835,210.751266,23607700
2021-12-31,210.335323,211.876266,210.240781,210.297501,23997400
2022-01-03,211.488651,214.305848,210.562178,213.010696,30618800
2022-01-04,213.653536,214.721808,211.176672,212.689255,22013100
2022-01-05,212.585287,213.568479,205.447757,205.485565,40582100
2022-01-06,205.920404,208.378356,204.029665,206.657791,39105900
2022-01-07,206.657821,208.340578,204.133671,204.266037,31583900
2022-01-10,203.037051,203.623175,199.576994,203.557007,45778100
2022-01-11,203.708206,205.929830,201.325885,205.721848,35209900
2022-01-12,206.582168,207.395186,202.914129,204.190384,35284500
2022-01-13,204.965611,206.270226,201.723000,202.318573,34489600
2022-01-14,200.408923,202.687253,199.075948,202.602173,42020900
2022-01-18,200.607411,200.834305,196.192537,196.476151,49434400
2022-01-19,197.402651,198.017150,193.214670,193.280838,46209100
2022-01-20,194.160010,197.572794,189.385890,189.782944,50466000
2022-01-21,188.847042,191.928956,186.228378,186.228378,85821000
2022-01-24,183.467905,191.333374,180.783044,190.520355,85782000
2022-01-25,187.636992,190.681084,183.931144,187.977325,61088500
2022-01-26,190.756632,192.429940,183.136957,185.264038,71471700
2022-01-27,186.833399,188.705227,180.187452,181.057190,59829000
2022-01-28,181.227355,184.640140,177.814570,184.583420,65870000
2022-01-31,183.770427,190.246216,183.259934,190.246216,53393800
2022-02-01,190.643256,192.448915,187.154839,192.250381,43429400
2022-02-02,192.496186,192.760888,188.402733,190.340744,42777800
2022-02-03,187.977339,190.246235,186.285133,186.738907,39629400
2022-02-04,186.275644,189.168487,184.271464,187.542450,34291100
2022-02-07,187.589716,190.170586,187.173766,188.468918,33242600
2022-02-08,188.572876,192.023470,188.468885,191.683136,28341900
2022-02-09,193.394298,195.360654,193.139044,195.322845,27329300
2022-02-10,191.815496,197.629528,191.078109,192.326004,44788100
2022-02-11,192.524534,194.802879,188.780878,190.378555,41516600
2022-02-14,190.614910,192.411106,188.355477,189.716797,32262700
2022-02-15,191.702045,195.039199,191.560246,194.802856,25847500
2022-02-16,194.084389,195.946768,192.931037,195.209381,30104800
2022-02-17,193.375384,193.829157,189.811336,190.208389,27140200
2022-02-18,190.047635,191.645312,187.901642,188.572861,36255400
2022-02-22,187.636962,189.499342,184.677965,185.916397,31847100
2022-02-23,187.410108,188.034042,182.030952,182.437454,31491500
2022-02-24,178.031999,187.636943,177.653843,187.220978,52221100
2022-02-25,187.835491,191.550787,186.237815,191.437347,33656200
2022-02-28,189.518261,193.422642,189.508812,192.212570,34975900
2022-03-01,191.588632,192.656890,186.994135,188.591812,40638900
2022-03-02,189.868055,194.084411,189.726256,193.082321,29978600
2022-03-03,193.885874,193.904785,189.348096,190.794525,30142700
2022-03-04,188.790307,189.886939,186.218900,187.807129,31610400
2022-03-07,188.336573,188.686355,183.099216,183.137039,39279800
2022-03-08,183.723131,188.667424,182.891215,184.148544,45715800
2022-03-09,187.391194,190.019321,186.823967,189.338654,29048000
2022-03-10,186.625464,189.111777,185.821894,188.998337,25661000
2022-03-11,189.811309,190.737767,185.708408,185.982559,24990000
2022-03-14,186.464744,186.653816,181.397562,182.182220,34969500
2022-03-15,182.891238,185.093936,182.342921,185.084488,25464300
2022-03-16,186.748324,190.907959,185.434260,190.907959,31869700
2022-03-17,189.801884,193.999328,189.357559,193.904785,25783100
2022-03-18,193.053918,196.116906,192.855384,195.946747,37092200
2022-03-21,195.880581,196.807039,192.798681,194.216736,26747500
2022-03-22,195.039208,197.383720,194.557074,196.164200,24699900
2022-03-23,194.887977,195.880618,192.619095,192.760895,19775000
2022-03-24,193.594427,195.034203,192.031492,194.977371,19781200
2022-03-25,195.214184,195.716213,193.651264,195.242599,19430400
2022-03-28,194.750068,195.327878,192.315686,195.308929,18999100
2022-03-29,197.023421,201.049140,196.909759,200.537643,29550600
2022-03-30,200.215536,200.566020,195.706737,196.511887,26251500
2022-03-31,196.199314,197.885378,194.323792,194.437469,26771600
2022-04-01,195.299459,196.758198,194.191204,196.616119,25948500
2022-04-04,196.900259,197.430704,195.015285,196.938156,20333900
2022-04-05,196.985494,198.387387,191.823091,192.277771,26509800
2022-04-06,190.648577,191.150607,188.195246,189.549789,34903900
2022-04-07,189.549790,190.610680,186.300790,188.934097,29291200
2022-04-08,188.706773,189.739248,187.077539,187.428009,25249600
2022-04-11,186.717546,188.735146,185.542992,186.168152,33702300
2022-04-12,188.214157,191.036891,186.054478,186.755432,33699800
2022-04-13,187.248015,190.819068,187.181716,190.307571,22303600
2022-04-14,190.496983,191.690485,188.375188,188.460449,27107000
2022-04-18,187.986829,188.668820,186.158672,187.191147,22246400
2022-04-19,187.418478,191.567340,187.257451,190.923218,22786700
2022-04-20,192.334593,193.111312,191.207390,191.652588,20516200
2022-04-21,193.452347,193.992274,186.622842,187.361679,31547700
2022-04-22,186.480759,186.954373,182.142453,182.511871,35686900
2022-04-25,180.911060,183.866406,179.224996,183.620132,35556500
2022-04-26,182.170871,182.540289,177.586277,177.832565,40513600
2022-04-27,177.766258,179.764910,176.430664,177.093735,37808000
2022-04-28,179.187116,181.299430,174.962487,180.399567,37405200
2022-04-29,179.584957,181.612024,174.773037,175.189819,41193400
2022-05-02,175.142462,177.908380,172.755457,177.027451,38002100
2022-05-03,177.055875,179.509192,175.881307,178.543030,30246300
2022-05-04,179.073401,183.695863,175.890716,183.307510,38834700
2022-05-05,181.422567,181.450983,173.702665,175.871811,41468700
2022-05-06,175.199292,175.635009,171.022014,172.944885,45457900
2022-05-09,170.368407,173.011167,164.912380,165.670151,53682200
2022-05-10,168.199276,169.468558,162.165424,165.717529,53650800
2022-05-11,165.888033,168.786548,161.312920,161.597092,64377800
2022-05-12,160.867736,165.139729,159.986807,163.491562,52967400
2022-05-13,165.802768,169.942164,165.774353,168.672882,36517000
2022-05-16,168.132944,169.970569,166.844714,167.867722,28225500
2022-05-17,170.889380,173.191136,169.544318,173.001694,31833700
2022-05-18,170.946208,171.836604,165.859599,166.939438,36093800
2022-05-19,165.660689,169.373820,165.660689,167.214142,33627700
2022-05-20,169.080193,169.525391,162.724287,166.787903,42243700
2022-05-23,168.492879,169.515887,166.238472,168.805466,24644100
2022-05-24,167.252007,167.592995,163.235756,166.304779,26861800
2022-05-25,165.651216,170.292627,165.584903,169.298035,27950100
2022-05-26,170.358945,174.100492,170.216852,173.077484,25702700
2022-05-27,174.062605,177.747321,173.721602,177.737854,24952100
2022-05-31,177.046363,177.775718,174.375173,175.530792,29794500
2022-06-01,176.440146,177.074787,172.177621,174.536209,28352100
2022-06-02,174.848798,178.798737,174.450964,178.798737,24876000
2022-06-03,177.406304,178.040960,175.985463,177.188446,18972100
2022-06-06,179.300781,179.319730,176.970608,177.955719,24678700
2022-06-07,176.572762,180.863703,176.089666,180.825806,21661600
2022-06-08,179.935432,180.636371,177.188462,178.031494,21521700
2022-06-09,177.171071,177.664932,174.302900,174.340897,21697200
2022-06-10,171.434690,172.422411,168.718478,169.611221,37153600
2022-06-13,164.900613,166.163747,160.778799,161.643051,39712700
2022-06-14,162.089395,162.630745,159.306711,160.864258,30282400
2022-06-15,162.602290,165.308995,160.180490,163.219604,32150500
2022-06-16,159.401674,159.952516,154.596073,155.659760,43810600
2022-06-17,156.210593,159.097762,155.469809,156.875397,40327300
2022-06-21,159.534671,161.529098,158.423495,159.686630,34665400
2022-06-22,157.616203,160.750281,157.055855,159.382690,29303500
2022-06-23,159.734140,161.671571,158.176592,161.291687,27089800
2022-06-24,162.611758,166.296692,162.307839,166.287186,37138500
2022-06-27,166.838053,168.091696,165.422959,166.904541,24745400
2022-06-28,168.034684,169.193348,163.684960,163.770432,25909200
2022-06-29,163.874901,164.017354,160.474887,162.108414,21292500
2022-06-30,159.743623,162.697266,158.376017,160.845306,31466300
2022-07-01,160.550856,163.200580,159.230741,162.792206,24598600
2022-07-05,160.199474,164.207312,158.347515,164.140839,25151100
2022-07-06,163.779917,164.976578,161.215665,162.925171,25697600
2022-07-07,164.169325,167.132460,164.159833,166.781067,24822500
2022-07-08,166.268208,168.091677,164.919587,166.762054,20547000
2022-07-11,165.498952,166.173262,162.972696,163.409561,22031500
2022-07-12,162.915655,164.644160,161.984930,162.849182,23864200
2022-07-13,160.645797,163.618438,160.303896,162.706711,25535600
2022-07-14,160.199486,161.453129,158.622954,161.035248,25102200
2022-07-15,162.915666,164.634679,160.797785,164.387741,34935900
2022-07-18,166.325210,167.426879,163.409550,163.922409,23031500
2022-07-19,165.964292,169.896149,165.878820,169.706207,24234600
2022-07-20,169.668190,172.669322,169.430759,172.365417,26049300
2022-07-21,171.377730,173.324667,169.858180,173.248688,21709900
2022-07-22,173.685550,174.036943,169.098381,170.484970,25116100
2022-07-25,170.997833,171.824089,169.459270,171.368225,19267200
2022-07-26,170.741429,171.149818,169.563766,170.314056,19391200
2022-07-27,171.406190,174.986653,170.950326,174.188889,21670700
2022-07-28,175.053203,176.781693,172.621896,176.582245,22838500
2022-07-29,176.686673,178.291709,175.736949,177.835846,21760600
2022-08-01,176.449247,178.852063,174.958188,177.769363,23905600
2022-08-02,177.095082,179.516881,176.154850,177.598434,17492600
2022-08-03,178.833032,180.590013,178.206211,180.210129,19157700
2022-08-04,180.295632,180.485574,178.966024,179.830276,14838900
2022-08-05,178.044799,181.416323,177.759879,181.207382,18540300
2022-08-08,182.489511,184.844838,182.242588,183.125839,22188700
2022-08-09,182.385017,182.508486,179.649822,180.628036,18247300
2022-08-10,183.895092,186.098445,183.401232,185.785034,20796400
2022-08-11,187.494545,189.498464,186.183921,186.478348,23727600
2022-08-12,187.428079,190.353216,186.696787,190.286743,21726600
2022-08-15,188.805166,191.046516,188.254325,190.961044,17414800
2022-08-16,190.419686,191.834780,189.023590,190.885056,18833100
2022-08-17,188.729213,189.308545,186.506861,187.675018,22428000
2022-08-18,187.931422,189.232539,187.000682,188.919128,18368100
2022-08-19,186.934191,187.200112,184.312958,184.863785,27416400
2022-08-22,182.337538,182.679439,180.457074,181.055405,22937000
2022-08-23,181.340300,183.230242,180.817949,181.349792,20069800
2022-08-24,181.197872,183.581689,180.599556,182.736435,16038300
2022-08-25,183.657678,185.623600,183.277780,185.576111,14795000
2022-08-26,185.519113,185.614091,179.174962,179.478867,24177200
2022-08-29,177.550927,179.488372,177.142552,177.826355,19753300
2022-08-30,178.377203,178.557638,174.312370,175.338074,22548900
2022-08-31,175.641958,176.401740,173.979941,174.274353,22412500
2022-09-01,172.640861,172.745331,169.905650,172.374939,30706600
2022-09-02,174.369369,174.701764,170.133593,171.035828,27468200
2022-09-06,171.624638,171.976031,168.576017,169.345291,23837100
2022-09-07,169.022421,173.296180,168.984424,173.030258,24781200
2022-09-08,171.605645,174.549781,170.589433,174.473816,25273200
2022-09-09,176.021888,178.196764,175.793963,177.978317,23208800
2022-09-12,179.117958,180.314605,178.519627,180.134155,23134600
2022-09-13,175.566015,176.563229,172.412924,173.087234,34144700
2022-09-14,173.391159,174.103452,171.491711,173.761551,25278300
2022-09-15,172.773796,175.404536,171.767091,172.498383,25378700
2022-09-16,170.086098,170.646432,168.015707,169.991135,41155900
2022-09-19,168.110643,171.662616,168.063168,171.444183,25412200
2022-09-20,169.782190,169.943642,167.825761,169.107880,22247500
2022-09-21,170.352015,171.995048,166.515136,166.524628,29357100
2022-09-22,166.201744,166.752586,162.155924,162.773239,33468600
2022-09-23,160.503382,160.683832,156.704485,158.898346,40336900
2022-09-26,157.963763,161.304992,156.159500,156.722733,30597800
2022-09-27,158.765652,160.025780,155.873104,157.257324,42406600
2022-09-28,158.240598,163.233359,157.581911,162.230988,35186500
2022-09-29,160.168971,160.312161,156.369521,158.593826,31464000
2022-09-30,158.259709,161.830056,157.390986,157.438721,40643800
2022-10-03,159.748904,162.574636,157.753717,161.610443,33611600
2022-10-04,164.779879,168.092471,164.703507,168.016098,37537300
2022-10-05,165.543595,167.376496,163.643862,166.775070,25281400
2022-10-06,165.963600,168.178350,165.066239,165.839493,22635900
2022-10-07,164.130721,164.646233,160.302632,160.961334,26536100
2022-10-10,161.610472,161.877784,159.032955,160.063965,23386400
2022-10-11,159.386160,162.393260,157.324141,160.111679,28009100
2022-10-12,160.283513,160.818122,157.973294,159.672546,26796700
2022-10-13,156.560449,164.388468,155.128493,163.624756,45376500
2022-10-14,164.903970,166.030434,159.147511,159.242966,29608600
2022-10-17,162.498295,164.789418,162.393285,164.321655,28199200
2022-10-18,167.882427,169.247551,164.856230,166.269089,34523100
2022-10-19,164.665324,165.534032,161.648668,163.443390,27146900
2022-10-20,163.643856,165.677237,160.827680,161.362274,26710700
2022-10-21,161.715449,165.343072,160.560347,164.865753,45402700
2022-10-24,165.457699,166.106845,163.290668,165.572250,27284500
2022-10-25,165.696281,170.784481,165.686725,170.087601,33105700
2022-10-26,171.023189,174.097121,170.240395,170.927734,37084700
2022-10-27,172.397867,173.743909,170.755891,170.965912,28651800
2022-10-28,171.672330,175.089932,170.631780,174.851273,33221600
2022-10-31,174.001668,175.882303,173.314328,175.013580,25699400
2022-11-01,176.836959,177.180629,174.584015,175.252258,27446700
2022-11-02,174.545821,176.607841,169.381232,169.438522,38139600
2022-11-03,167.338298,169.868094,166.211833,168.302490,29093200
2022-11-04,170.803627,171.777360,167.510132,170.574509,25842400
2022-11-07,171.586438,172.397870,169.619873,171.347778,20689900
2022-11-08,172.054202,173.696178,169.314398,171.414597,20265200
2022-11-09,169.925358,170.564963,166.374108,166.708237,27277000
2022-11-10,173.600729,177.037413,172.932472,176.970596,38572800
2022-11-11,177.333300,180.273583,177.266483,178.421585,28765400
2022-11-14,177.361962,179.271236,176.254594,176.426422,26499600
2022-11-15,179.318998,180.960975,177.667481,179.042160,26128800
2022-11-16,178.135217,178.173396,175.376318,175.891815,24802000
2022-11-17,173.381181,174.650850,172.321533,174.259445,20835700
2022-11-18,176.216424,176.903764,174.288068,175.385895,27269100
2022-11-21,174.488533,174.879938,173.199768,174.469437,19038900
2022-11-22,175.404995,176.550556,174.058953,176.330994,16869700
2022-11-23,175.930003,177.352417,175.223581,176.789185,19758800
2022-11-25,176.693707,177.915640,176.283220,177.161484,13393400
2022-11-28,175.777313,176.531470,173.066133,173.591187,17465600
2022-11-29,173.705717,175.280862,173.705717,174.097107,14020600
2022-11-30,174.383495,178.927561,172.598329,178.870285,28030100
2022-12-01,179.614933,180.655499,177.686577,178.478928,21996400
2022-12-02,176.006414,180.292739,175.968235,179.519485,22574800
2022-12-05,178.383470,178.574394,173.915761,174.574463,25449300
2022-12-06,174.583970,174.679425,170.956348,171.901443,18502100
2022-12-07,171.595957,173.266572,170.984990,171.395477,17177800
2022-12-08,172.569719,174.345344,171.366867,172.636536,20971400
2022-12-09,171.615099,172.607915,170.459982,170.517258,22046500
2022-12-12,170.736791,172.875168,169.925344,172.521957,22765400
2022-12-13,178.122749,178.995480,172.761711,173.950928,38445300
2022-12-14,173.883814,175.418286,171.505395,172.809692,32406900
2022-12-15,170.738143,171.284804,167.870604,168.484390,33546700
2022-12-16,166.681397,167.937738,165.597675,167.228043,38502400
2022-12-19,167.458235,167.880216,164.446846,164.964722,25614000
2022-12-20,164.638646,166.892400,164.168711,165.837448,18050800
2022-12-21,167.304766,169.558520,167.065006,168.695374,22997200
2022-12-22,167.189720,167.343170,163.679625,166.489624,21297600
2022-12-23,166.374492,167.304763,165.281185,167.247223,11647700
2022-12-27,167.218459,167.419864,165.511367,166.125153,13553800
2022-12-28,166.086788,166.969119,163.363114,163.545334,19648000
2022-12-29,164.686611,168.072026,164.379711,167.688416,22311300
2022-12-30,166.240234,167.563716,165.540138,167.218460,21275600
2023-01-03,168.724133,170.057215,164.859198,166.297760,22503800
2023-01-04,167.467822,169.433860,167.141752,168.369324,22973500
2023-01-05,167.439061,167.602097,165.329173,166.566330,17032600
2023-01-06,168.119951,170.747715,166.748514,170.306564,21986900
2023-01-09,171.678006,172.742543,170.373709,170.594299,18366500
2023-01-10,170.383303,173.222057,170.038047,173.116562,18751100
2023-01-11,173.835867,175.303199,173.279621,175.274429,18222700
2023-01-12,176.051260,178.333769,174.468833,178.218689,29650800
2023-01-13,176.943159,179.666833,176.780124,179.388718,22120000
2023-01-17,179.340742,180.146333,178.611876,179.168121,22422600
2023-01-18,179.772315,181.220477,176.175910,176.271820,23507800
2023-01-19,175.245618,175.600474,173.375491,174.583878,24624500
2023-01-20,175.226475,177.566524,173.845453,177.461029,36070300
2023-01-23,177.835039,180.414863,177.019863,179.657227,20329900
2023-01-24,178.947550,180.136767,178.266639,179.273621,19263500
2023-01-25,177.815885,179.829864,176.338953,179.772324,18174600
2023-01-26,181.239649,182.074025,178.659825,180.836853,18369100
2023-01-27,180.280607,182.505590,180.098386,181.815079,20019900
2023-01-30,180.146365,181.843873,179.177738,179.283234,18395100
2023-01-31,179.743517,183.733132,179.705162,183.637222,21567900
2023-02-01,183.359147,188.154354,182.342565,186.523987,27007300
2023-02-02,187.981715,191.098600,186.389717,190.197113,31020400
2023-02-03,188.077639,190.973949,187.684429,188.921600,24981500
2023-02-06,187.636456,188.336567,185.449843,186.188309,18160100
2023-02-07,185.488233,188.068057,183.800310,187.569351,27074100
2023-02-08,186.399305,187.367931,184.327771,184.826477,17933500
2023-02-09,186.274623,187.128169,181.671221,182.150742,20516600
2023-02-10,181.527356,182.822068,180.808075,182.515167,15248700
2023-02-13,182.706957,184.960710,181.556111,184.711365,15754400
2023-02-14,183.445459,186.006098,182.294612,184.625076,21889600
2023-02-15,183.157764,186.581549,182.726198,186.495239,18721200
2023-02-16,183.944129,186.888378,183.416653,184.711365,21366300
2023-02-17,184.020909,185.449872,183.148178,185.219711,23892200
2023-02-21,182.937184,183.503015,179.570953,179.753159,26004000
2023-02-22,180.136753,181.402680,179.100987,180.242249,24651700
2023-02-23,181.594484,182.505570,179.053015,181.527344,21311700
2023-02-24,179.005073,180.088795,178.170712,179.829849,24280700
2023-02-27,181.383531,182.409698,179.916199,180.462845,17562900
2023-02-28,180.414857,182.237044,180.366916,180.472397,19542600
2023-03-01,180.482000,181.728757,179.522959,180.702576,22532800
2023-03-02,179.206502,181.546566,178.496806,181.134171,18104400
2023-03-03,181.901355,184.068783,180.702554,183.656403,22774300
2023-03-06,183.713974,183.886609,180.203879,180.971115,23266700
2023-03-07,180.923152,181.325962,178.592688,178.870804,25865700
2023-03-08,179.139359,179.925780,177.537761,178.957153,22505900
2023-03-09,179.081814,179.599705,173.855041,173.979721,33546900
2023-03-10,173.001499,173.001499,167.122570,168.963928,69274200
2023-03-13,165.453820,169.174891,164.063213,166.211456,74171500
2023-03-14,171.284801,171.917757,167.458221,169.289993,48946200
2023-03-15,164.887979,166.786891,163.401476,166.499176,54405800
2023-03-16,164.446853,170.114792,163.516582,168.772125,52392300
2023-03-17,166.911579,167.602090,163.861834,164.216675,70239900
2023-03-20,165.962108,168.187076,165.463402,166.345718,46103200
2023-03-21,169.318762,170.881990,168.752931,169.414658,34465900
2023-03-22,169.290037,170.086043,164.504414,164.609909,56098200
2023-03-23,165.833309,167.864354,162.396905,163.879272,47720900
2023-03-24,162.435396,165.669666,161.193674,165.361633,47519700
2023-03-27,167.334910,168.191606,165.910296,167.200150,33880600
2023-03-28,166.622624,167.979851,166.227963,166.959518,28555100
2023-03-29,168.778827,168.980975,167.075070,168.855835,25564800
2023-03-30,170.261169,170.675071,167.922092,168.624771,26728600
2023-03-31,169.799144,171.955329,169.770268,171.724304,39602900
2023-04-03,172.253714,173.052657,169.885775,171.801300,27609000
2023-04-04,172.224825,172.398097,167.796965,168.788422,33487200
2023-04-05,167.729608,168.287906,166.073968,167.132812,28247300
2023-04-06,167.219435,167.931750,166.218343,167.383072,26366300
2023-04-10,166.593754,169.298602,166.555243,169.173462,22237800
2023-04-11,169.962781,171.310387,169.529608,170.511444,21876200
2023-04-12,172.128585,172.282587,169.009821,169.260086,27018100
2023-04-13,169.933859,172.003414,169.346684,171.502869,23259900
2023-04-14,171.656917,172.513613,168.778797,169.905014,29600400
2023-04-17,170.347820,172.167096,170.136051,172.090088,22177300
2023-04-18,172.869764,172.908275,170.318932,171.358521,22873100
2023-04-19,170.453708,172.099712,169.972418,171.579926,19306800
2023-04-20,170.521079,171.753181,169.914664,170.694351,20336300
2023-04-21,171.156371,171.300767,169.279342,170.915726,25972800
2023-04-24,170.742479,171.772433,169.895404,170.800232,17781000
2023-04-25,169.057960,169.356357,166.535990,166.584122,28857900
2023-04-26,165.785157,166.911374,164.601187,164.976593,30309800
2023-04-27,165.592672,167.354196,164.543463,167.180923,33424100
2023-04-28,166.805542,169.250504,166.699657,168.644073,31911900
2023-05-01,168.451534,170.703968,168.220509,168.740311,27420100
2023-05-02,167.873988,167.922120,163.561633,165.275024,40851100
2023-05-03,165.775524,169.125299,165.746648,165.881409,43261400
2023-05-04,164.909238,165.140248,162.464276,164.023651,42382100
2023-05-05,166.805538,168.547820,166.622660,167.922134,35456800
2023-05-08,168.701777,168.980934,166.651492,167.537064,22109900
2023-05-09,166.507123,167.748859,165.717815,167.036545,21465500
2023-05-10,169.375593,169.433345,166.256828,167.883591,27281900
2023-05-11,166.738131,167.277174,165.669667,166.593750,25884600
2023-05-12,167.152028,167.691086,165.226868,166.256836,20406400
2023-05-15,166.824762,169.134963,166.353107,168.287888,24310000
2023-05-16,167.113531,168.268624,165.785166,165.833298,24212900
2023-05-17,166.940274,169.895402,165.717808,169.529617,38231600
2023-05-18,168.990575,170.925371,168.470788,170.559586,30446600
2023-05-19,171.830175,172.195961,168.692170,169.519989,34316300
2023-05-22,170.010908,172.321109,169.452609,171.589539,28207200
2023-05-23,171.252630,173.774585,170.742463,170.780960,32708900
2023-05-24,169.943544,170.126437,168.133889,168.971329,28744200
2023-05-25,168.692176,168.961698,166.237594,167.652588,36202600
2023-05-26,167.777753,169.779922,167.508231,169.558517,29841300
2023-05-30,170.097559,170.906123,168.220516,168.932831,25572600
2023-05-31,168.153135,169.423733,165.910321,167.267563,34598800
2023-06-01,167.354182,169.645128,166.458975,169.077194,27800900
2023-06-02,171.348921,175.276251,170.809878,175.208878,50212400
2023-06-05,174.477296,174.477296,171.762828,172.860168,34465800
2023-06-06,172.234491,178.038864,172.234491,177.413177,58584500
2023-06-07,178.531891,181.244230,178.531891,180.732651,60685600
2023-06-08,180.259700,180.867809,178.483651,180.056992,34185000
2023-06-09,179.844632,180.124547,178.039612,178.599457,30242200
2023-06-12,178.792500,180.192104,177.817607,179.342697,26580500
2023-06-13,179.960444,182.412162,179.796354,181.398651,35758200
2023-06-14,181.775129,182.663154,178.136148,179.448883,37114100
2023-06-15,178.647724,181.051192,178.483634,180.925705,36488400
2023-06-16,181.417937,181.997090,178.657334,179.477798,50684500
2023-06-20,178.724940,179.120694,177.373587,178.695984,33269300
2023-06-21,178.029971,179.448884,177.209506,178.280930,30730200
2023-06-22,177.798270,177.846536,176.147708,176.958511,27063700
2023-06-23,174.487495,176.070498,173.792517,174.294449,50610100
2023-06-26,174.168977,176.389045,174.101403,174.468201,31507900
2023-06-27,174.902553,177.595597,174.130353,176.987488,28818800
2023-06-28,176.630334,178.010629,175.790560,177.856186,23187600
2023-06-29,178.300200,180.578181,178.020271,179.902512,32084100
2023-06-30,181.717165,181.881255,180.414092,180.761581,30287300
2023-07-03,180.414115,182.277032,180.250025,181.128387,14011900
2023-07-05,180.626467,180.703689,178.995199,179.323380,24092100
2023-07-06,177.248123,177.325344,174.439254,176.427658,39080800
2023-07-07,176.620672,180.008694,176.572407,178.290558,31706700
2023-07-10,178.165091,181.514496,177.759690,181.340744,29725100
2023-07-11,181.929543,183.473942,181.167005,183.203674,26738800
2023-07-12,186.060789,186.340719,184.719098,185.201721,40127300
2023-07-13,185.819483,186.958481,185.134167,186.697861,23523000
2023-07-14,186.620612,186.765408,183.676610,184.873520,32198600
2023-07-17,184.690139,187.605186,184.497093,186.852295,23283700
2023-07-18,186.968098,189.564612,186.765405,189.159210,28489800
2023-07-19,189.863873,190.790516,189.120629,189.960403,23679000
2023-07-20,190.095498,190.095498,187.518294,188.300140,27278100
2023-07-21,189.564623,189.786626,187.344555,187.701706,28982400
2023-07-24,187.798226,189.439141,187.248043,188.165024,16929800
2023-07-25,187.817541,189.390897,187.663099,188.145721,18961100
2023-07-26,188.000934,190.307871,187.943022,189.632202,20377900
2023-07-27,190.761534,191.022140,186.466178,187.180466,31159300
2023-07-28,189.207517,190.105188,188.705585,189.603256,21612200
2023-07-31,190.085835,191.842589,190.076187,191.803986,24203900
2023-08-01,190.568493,191.060778,188.975843,190.925644,27444300
2023-08-02,188.792446,189.275069,187.344577,188.329132,28079700
2023-08-03,187.547274,188.840700,186.350364,187.798233,24279300
2023-08-04,188.049202,189.487409,186.977779,187.421783,24950400
2023-08-07,187.894776,188.280869,185.983579,187.547287,20185000
2023-08-08,185.462356,186.572383,183.898663,186.369690,25578200
2023-08-09,186.166948,186.176609,184.120631,184.912140,22293200
2023-08-10,185.558853,187.373505,183.290519,184.091675,29378800
2023-08-11,183.319490,185.027979,183.145753,184.352310,21789000
2023-08-14,183.338805,184.072386,182.083982,184.033783,20354900
2023-08-15,182.933393,183.049218,181.504818,181.601349,25491300
2023-08-16,181.456543,182.489348,179.352300,179.381256,27018400
2023-08-17,179.863909,180.250016,177.248101,177.267395,26715100
2023-08-18,175.877433,178.811774,175.616813,178.232620,33375200
2023-08-21,178.280902,178.840746,176.707561,177.972031,22678100
2023-08-22,178.609086,179.101371,176.852346,177.441147,21299200
2023-08-23,177.605239,179.641909,177.055042,179.333023,21231100
2023-08-24,178.811819,179.863934,176.833062,176.852371,26582300
2023-08-25,177.663137,178.570470,175.298288,177.605225,29340400
2023-08-28,178.416018,180.259641,178.396723,179.188217,23002000
2023-08-29,179.091704,181.823351,178.155429,181.688217,22986000
2023-08-30,181.205596,183.020263,180.819504,182.373550,19869900
2023-08-31,182.624499,183.647658,181.977787,182.055008,17953400
2023-09-01,183.464303,185.192087,183.251948,184.217194,25094600
2023-09-05,183.058869,183.300181,180.278971,180.336884,27160100
2023-09-06,180.558911,181.553114,178.657376,179.661240,26406200
2023-09-07,178.705629,178.937294,177.209495,177.923782,23894800
2023-09-08,178.145772,178.406392,177.074348,177.528015,19399100
2023-09-11,178.821459,179.265479,177.798301,177.952744,17424700
2023-09-12,177.643812,178.898634,177.354250,177.778946,16826300
2023-09-13,178.087863,178.454661,176.051194,176.611038,24415700
2023-09-14,178.116794,179.603281,177.836879,179.101349,27952500
2023-09-15,178.367789,178.638071,176.437297,177.228806,39695500
2023-09-18,177.315663,177.373575,176.031884,176.051193,19287800
2023-09-19,176.147706,176.929553,174.777059,175.365845,24085900
2023-09-20,176.060849,177.132273,173.570528,173.609131,27642900
2023-09-21,172.296386,172.547345,170.916092,170.916092,31625600
2023-09-22,171.389052,172.170899,170.423806,170.529984,23164700
2023-09-25,169.584052,171.678634,169.439256,171.292542,22416200
2023-09-26,170.195693,171.669757,169.022258,169.090149,30476000
2023-09-27,170.147226,171.582491,169.187157,170.670914,37293000
2023-09-28,170.767888,173.172944,170.651520,172.212860,31372400
2023-09-29,173.560836,173.745096,170.826060,171.398239,36689000
2023-10-02,171.000649,171.388554,167.916753,168.808960,42139300
2023-10-03,167.722791,168.256171,165.220767,165.967499,42733600
2023-10-04,165.841415,166.423287,163.979447,166.045074,42491900
2023-10-05,165.637748,166.704492,164.803740,166.171127,33365100
2023-10-06,165.220755,168.634371,164.386747,167.771271,42160900
2023-10-09,166.646308,169.274408,166.578431,168.741028,26658400
2023-10-10,169.041688,171.689173,169.012596,170.651520,31585000
2023-10-11,170.796931,171.873383,169.109530,170.360535,27427200
2023-10-12,170.564215,170.564215,165.628044,166.510544,38693800
2023-10-13,167.140884,167.480297,164.561277,165.123749,33955600
2023-10-16,166.549368,168.149492,165.851128,167.790680,31140300
2023-10-17,166.743302,171.087895,166.704503,169.662323,39823200
2023-10-18,168.391908,168.411308,165.831700,166.171127,38501400
2023-10-19,165.695940,166.946944,163.271499,163.523636,51397300
2023-10-20,163.562435,163.921247,161.399823,161.409531,54421900
2023-10-23,160.653108,162.398708,159.673625,160.042145,45590900
2023-10-24,161.419245,162.553881,160.410684,161.438644,32666300
2023-10-25,160.022779,160.653143,158.461439,158.771774,36832900
2023-10-26,159.188754,160.759802,158.267470,159.179062,50525600
2023-10-27,159.547553,159.848181,156.783686,157.307373,46017100
2023-10-30,158.839662,159.828838,157.045585,158.180222,35156300
2023-10-31,158.461387,160.003342,157.908623,159.547546,31533200
2023-11-01,159.489376,160.594920,158.170480,160.459152,44367100
2023-11-02,162.679950,164.861946,162.272645,164.735870,50458100
2023-11-03,167.577323,170.341177,167.557924,169.216248,57060700
2023-11-06,169.216231,169.497460,166.209920,167.102112,35294400
2023-11-07,166.374776,167.296060,165.414707,166.510544,31168900
2023-11-08,166.510562,166.927574,164.183106,164.735870,44938600
2023-11-09,165.860824,165.860824,161.933228,162.185379,38577400
2023-11-10,163.135755,164.580727,161.748968,163.998856,36121300
2023-11-13,163.155137,164.638894,162.456897,164.057022,27610300
2023-11-14,168.964105,173.075961,168.954412,173.066269,77611000
2023-11-15,172.959563,176.266488,172.726811,173.366867,59641400
2023-11-16,172.755928,173.231124,169.865999,170.564240,46616700
2023-11-17,172.086789,173.240825,171.757069,172.901398,43418700
2023-11-20,173.124442,174.220279,172.368017,173.909958,26665100
2023-11-21,172.852913,173.114742,171.563109,171.669785,30457000
2023-11-22,172.794693,173.968128,172.057668,172.746216,28940900
2023-11-24,172.668646,174.297862,172.426202,173.909958,13846900
2023-11-27,173.105065,173.696629,171.873445,173.328110,30665800
2023-11-28,173.153546,173.803294,171.844342,172.658951,28350200
2023-11-29,174.123306,176.256810,173.298990,173.570526,31590200
2023-11-30,174.608193,175.180357,173.357173,174.229980,32216800
2023-12-01,173.783861,179.583118,172.823793,179.321289,64221300
2023-12-04,178.661847,181.338439,178.458202,181.241455,44862600
2023-12-05,180.426848,180.426848,178.419405,178.817017,36873500
2023-12-06,180.087411,182.240315,178.235135,178.496979,43637900
2023-12-07,178.758859,179.951680,177.847267,179.786819,32662300
2023-12-08,179.554051,182.075474,179.272822,181.154190,36087100
2023-12-11,181.037814,181.949406,180.271698,181.532410,29302100
2023-12-12,181.319052,181.988200,179.738313,181.348145,32024000
2023-12-13,181.445130,187.787460,180.058343,187.486832,69484800
2023-12-14,190.919809,193.993998,190.541597,192.704208,83649300
2023-12-15,192.936947,193.518818,190.027619,191.084671,74160700
2023-12-18,191.976904,192.762420,190.735576,191.152588,44451100
2023-12-19,192.481168,195.215944,192.035079,194.857117,52156200
2023-12-20,194.530092,196.778486,190.928768,191.045563,62360300
2023-12-21,193.206336,194.491141,192.252475,194.296463,38613400
2023-12-22,195.522882,197.401406,194.851281,196.106873,39173800
2023-12-26,196.817401,199.104722,196.311265,198.656998,26879000
2023-12-27,198.987933,200.009934,197.975659,199.357803,35806400
2023-12-28,198.355239,199.698441,197.858845,198.598572,28930100
2023-12-29,198.053571,198.588907,195.357452,195.357452,41496800
2024-01-02,194.082378,196.243176,193.147988,194.199188,44341500
2024-01-03,192.135670,192.398474,188.612214,189.021011,57532500
2024-01-04,188.884744,190.276616,188.524616,188.651154,43114200
2024-01-05,187.551311,190.247444,187.161969,188.096375,40964900
2024-01-08,188.135272,191.717141,187.132742,191.483536,31545400
2024-01-09,189.167032,190.549161,188.164501,189.770493,28998700
2024-01-10,189.546619,190.169551,187.930885,189.877548,35075200
2024-01-11,189.313044,189.546649,186.198385,188.388382,48939200
2024-01-12,190.665955,191.843693,187.502627,188.076889,42992100
2024-01-16,186.607162,188.106087,185.040098,185.750626,42213000
2024-01-17,183.112936,184.864922,182.528931,184.426926,37787700
2024-01-18,185.624111,186.071835,183.190782,185.517044,41760000
2024-01-19,186.188620,187.707030,184.183559,187.298218,63338300
2024-01-22,188.972352,191.571161,188.913955,191.298615,42379500
2024-01-23,192.933817,193.293945,189.780216,190.743820,42471200
2024-01-24,193.089571,193.167439,188.943168,189.176773,41120100
2024-01-25,191.843690,192.388753,189.225425,190.743820,37659500
2024-01-26,191.639275,192.612607,190.169550,190.753540,33478600
2024-01-29,190.928744,194.092072,189.887272,194.092072,29234400
2024-01-30,193.099297,193.624890,191.843706,192.437439,33121200
2024-01-31,191.950765,193.634625,187.570772,187.736237,68126700
2024-02-01,189.128097,190.519969,186.422235,190.227966,59479000
2024-02-02,188.086607,190.286331,187.259269,189.225403,52839300
2024-02-05,187.337154,187.960085,184.991421,186.821289,39751900
2024-02-06,186.587693,188.631695,185.925834,188.505157,34689100
2024-02-07,188.894492,188.972345,186.918615,188.067154,31713900
2024-02-08,188.203417,191.133141,187.570758,190.919006,35370800
2024-02-09,191.668465,194.228332,191.210998,194.023926,46107100
2024-02-12,194.539788,198.121656,194.510589,197.547394,43291000
2024-02-13,190.987154,192.359556,187.911423,189.420090,86247400
2024-02-14,192.408222,194.461953,190.996894,193.819565,43808000
2024-02-15,195.629954,199.309147,195.367150,198.987946,44931900
2024-02-16,196.729783,198.267649,195.727253,196.282059,48346200
2024-02-20,193.838991,194.393797,192.729394,193.576202,30547500
2024-02-21,192.388723,193.060324,191.152588,192.661255,28669100
2024-02-22,193.352336,194.753937,192.534741,194.121277,38184700
2024-02-23,194.277021,195.775945,193.274490,194.559280,37667700
2024-02-26,194.364604,196.262598,193.838996,195.785660,29118200
2024-02-27,197.664199,198.773796,197.138591,198.559662,32268600
2024-02-28,197.041279,198.423409,196.486473,196.924484,30143900
2024-02-29,199.708172,200.545238,197.119122,198.296844,40404100
2024-03-01,199.075530,200.827530,197.722599,200.399261,35156900
2024-03-04,201.508873,202.229144,199.971007,200.214340,24785400
2024-03-05,198.851651,200.418715,197.596045,198.296844,34163500
2024-03-06,200.535519,200.584188,198.637525,199.776321,34255200
2024-03-07,201.187659,202.550332,200.895657,201.440735,28020200
2024-03-08,203.173261,204.798723,200.311663,201.314194,41447800
2024-03-11,200.467411,201.323933,199.289673,199.717941,24435800
2024-03-12,199.678979,200.428448,197.965921,199.445389,34958900
2024-03-13,199.406465,201.070869,199.309141,200.224075,25140700
2024-03-14,199.581693,199.805556,194.831829,196.642227,47509100
2024-03-15,195.883001,197.664200,195.766206,197.012070,53217000
2024-03-18,197.498760,197.761549,195.552097,195.883026,32405100
2024-03-19,194.452206,197.343002,194.335411,196.710342,29864100
2024-03-20,196.145807,201.469933,195.746738,200.603668,49609600
2024-03-21,201.991266,203.894079,201.835134,202.908524,43067300
2024-03-22,202.820718,203.201281,200.107986,200.107986,28437300
2024-03-25,200.742257,202.001037,200.537332,200.566605,20107800
2024-03-26,202.040066,202.615786,200.029914,200.205551,23434800
2024-03-27,201.796105,204.635696,201.171592,204.567383,35028400
2024-03-28,204.996763,206.753212,204.762565,205.211441,37675100
2024-04-01,205.670042,205.699315,202.928038,203.279327,25684200
2024-04-02,200.771483,200.898343,198.478340,199.541977,36632100
2024-04-03,198.458864,201.405779,198.361278,200.849579,27362800
2024-04-04,203.015868,203.503770,198.292984,198.839432,32265200
2024-04-05,198.224660,200.722714,197.970957,199.502960,27569400
2024-04-08,200.995939,201.425295,199.629820,200.595871,21331000
2024-04-09,201.230129,201.961981,199.522473,201.386261,23289100
2024-04-10,196.312066,198.019721,194.711749,196.068115,57130500
2024-04-11,197.082969,198.000226,195.258221,197.395218,37184000
2024-04-12,196.360873,197.024427,192.896769,193.882339,35388700
2024-04-15,194.545870,195.385061,190.262094,191.042740,41119300
2024-04-16,189.705898,191.491620,188.681302,190.340164,43267500
2024-04-17,191.716055,191.862420,188.320264,188.330017,38589500
2024-04-18,189.013081,190.925661,187.500583,188.173889,40238200
2024-04-19,187.295653,189.686368,186.710165,188.466614,42666500
2024-04-22,189.510749,191.550175,188.232435,190.574371,31553000
2024-04-23,190.535353,194.497127,190.408508,193.765274,31838300
2024-04-24,193.374923,194.097023,191.706308,192.896774,28791700
2024-04-25,190.710971,192.067337,189.081381,191.725800,31915600
2024-04-26,192.233210,194.077477,191.667242,193.560303,24613600
2024-04-29,194.428786,195.560721,194.067743,195.121613,20494600
2024-04-30,193.316383,193.843310,191.013487,191.159851,30606800
2024-05-01,191.140333,195.472902,190.310894,191.559921,38782100
2024-05-02,193.970150,195.277723,191.784346,195.082565,27201000
2024-05-03,198.488136,199.219988,196.253538,197.014664,30880600
2024-05-06,198.546664,199.824964,198.458846,199.561493,23129800
2024-05-07,199.815234,201.161832,199.551763,200.010391,20116900
2024-05-08,197.814818,199.024819,197.658686,198.849167,18349400
2024-05-09,199.034578,201.005704,198.488130,200.878845,22914300
2024-05-10,201.357026,201.620482,198.751618,199.366379,21520200
2024-05-13,201.093522,201.552151,199.649338,199.785950,18585300
2024-05-14,202.118146,202.713387,200.927665,201.854675,33169000
2024-05-15,204.147808,204.694255,202.693855,204.372238,33412300
2024-05-16,203.845288,204.284412,202.898758,202.898758,26731100
2024-05-17,202.976822,203.474491,202.332803,203.045135,35219800
2024-05-20,202.986581,204.411245,202.752383,203.493988,15695900
2024-05-21,202.801174,203.640365,202.566976,203.298828,13466800
2024-05-22,202.508431,203.181738,200.820296,201.581421,20853100
2024-05-23,202.488915,202.596254,197.453782,198.273453,34039800
2024-05-24,199.834744,200.703208,199.024840,200.469025,19946100
2024-05-28,201.962002,202.079094,199.034593,200.195801,18475900
2024-05-29,197.629436,198.097817,196.897583,197.239120,25654800
2024-05-30,198.595466,199.981105,198.166110,199.112640,20428200
2024-05-31,199.990850,201.288670,198.166103,200.791016,25784900
2024-06-03,202.508447,202.537720,198.234424,199.659103,23902900
2024-06-04,198.234433,199.551774,196.770728,197.082993,27098900
2024-06-05,198.380782,200.098190,196.907310,200.098190,20707600
2024-06-06,199.239478,199.854238,198.078284,198.663757,17335500
2024-06-07,196.653621,198.253938,195.824182,196.331604,26036000
2024-06-10,194.692280,197.239127,194.194610,197.004929,25075300
2024-06-11,195.353168,196.703541,194.159364,196.331696,23768400
2024-06-12,201.449378,202.819325,198.738868,199.345551,43668700
2024-06-13,198.905203,199.169394,196.204458,197.603760,28021100
2024-06-14,195.274872,195.744560,193.689662,194.462692,33453700
2024-06-17,193.865807,196.635040,193.171061,196.096848,25538100
2024-06-18,196.155565,197.359149,195.734790,196.439331,25446900
2024-06-20,196.018584,197.525510,194.942198,195.607590,27999700
2024-06-21,195.636933,196.106637,194.198512,196.047928,37511300
2024-06-24,196.380598,198.337652,196.224030,196.899216,22289600
2024-06-25,196.811186,196.840540,195.529317,196.253418,15925400
2024-06-26,195.049806,196.272965,194.540967,195.734772,19313500
2024-06-27,196.321890,197.809240,195.666278,197.721176,17432600
2024-06-28,199.502134,200.245809,196.997106,198.533386,35026000
2024-07-01,199.149858,199.443420,196.175127,196.869888,21886200
2024-07-02,197.192804,197.926699,196.586107,197.545074,17219100
2024-07-03,197.907134,198.915016,197.300452,197.496155,15167200
2024-07-05,196.889443,197.300422,195.588000,196.556732,17282500
2024-07-08,198.161550,199.326000,197.505939,197.936493,20823800
2024-07-09,197.584217,198.171339,196.224065,197.075378,17864200
2024-07-10,197.946226,199.218314,197.163416,199.003036,19286100
2024-07-11,203.435808,206.694306,202.496430,206.156113,65443600
2024-07-12,208.347986,210.324615,208.093574,208.563263,50810700
2024-07-15,210.177847,213.553778,209.698378,212.526321,48925300
2024-07-16,214.434427,220.031603,214.317008,219.777191,67945700
2024-07-17,217.585300,221.773395,216.900334,217.477661,66092100
2024-07-18,216.655700,219.953331,212.320816,213.269989,53180000
2024-07-19,212.956852,213.954939,211.215075,212.183807,37933500
2024-07-22,213.005767,215.911993,210.755166,215.559723,36185900
2024-07-23,214.502927,218.945433,214.336564,217.849487,44884600
2024-07-24,216.322993,219.053077,213.044921,213.172134,42443000
2024-07-25,213.759253,219.209656,213.514621,215.833740,45053100
2024-07-26,219.092229,220.550240,216.939472,219.405365,40822600
2024-07-29,219.884833,220.579578,216.029433,216.968811,33869700
2024-07-30,217.937545,219.640187,216.362115,217.790771,26876800
2024-07-31,218.906312,223.720664,217.213450,219.053085,52387700
2024-08-01,218.965025,220.060971,210.442047,211.929413,71508100
2024-08-02,204.365395,206.655144,202.545333,204.433884,66850200
2024-08-05,193.650515,200.343652,192.476286,197.858185,65683100
2024-08-06,198.650773,202.799733,196.879642,200.010925,37072500
2024-08-07,203.386878,203.494517,197.231934,197.642914,30594500
2024-08-08,200.030516,202.555118,198.807357,202.447479,26550300
2024-08-09,202.604046,202.672535,200.539353,202.026718,20954500
2024-08-12,202.173499,202.535550,199.443415,200.206665,20357900
2024-08-13,201.664652,203.905487,200.461068,203.504288,25458300
2024-08-14,204.150129,204.267548,201.322186,202.241989,25345600
2024-08-15,206.723628,208.524129,205.402625,207.486877,42561600
2024-08-16,206.831298,209.385254,206.743234,208.034897,30427400
2024-08-19,208.387164,210.588851,208.250171,210.579056,17246200
2024-08-20,210.275712,210.334421,207.496699,208.122955,21703900
2024-08-21,209.678796,211.029168,208.250155,210.833466,19623100
2024-08-22,210.941092,211.723902,208.553484,208.974243,18084300
2024-08-23,210.559459,216.332778,210.177834,215.647812,40003100
2024-08-26,217.164509,217.673348,215.354243,215.716293,24865500
2024-08-27,214.209362,214.659476,213.035133,214.043015,19577900
2024-08-28,213.191705,214.414864,211.626071,212.594803,19685000
2024-08-29,214.082187,216.234944,212.487183,214.111542,24599500
2024-08-30,214.992228,215.765258,212.731818,215.354279,23010500
2024-09-03,213.446127,214.659491,208.338214,208.768768,31338500
2024-09-04,208.191417,210.745373,207.154180,208.416489,23706300
2024-09-05,208.954702,209.434186,206.390965,207.379272,23910500
2024-09-06,207.379239,208.612192,202.692101,203.435776,34561300
2024-09-09,203.680441,205.745134,203.063979,204.003357,23584100
2024-09-10,204.238190,204.375183,201.371098,203.836990,23025700
2024-09-11,203.015022,204.756799,199.825029,204.433884,27175600
2024-09-12,205.402654,208.211022,203.934863,207.066147,27611700
2024-09-13,209.434163,212.585021,209.346099,212.174042,37388100
2024-09-16,212.956861,213.602678,211.498850,212.937286,23289000
2024-09-17,214.864987,217.037318,213.778821,214.698639,35563500
2024-09-18,214.522501,220.109897,213.563548,214.737778,54085200
2024-09-19,219.835938,219.855497,216.743788,219.160751,35369500
2024-09-20,218.651892,218.661687,216.538270,216.812271,34587500
2024-09-23,217.908203,218.319183,215.295538,216.019638,20157700
2024-09-24,216.870993,217.164539,214.786725,216.381729,20939800
2024-09-25,216.324760,216.609494,213.595158,213.742447,23242300
2024-09-26,216.491684,217.120078,214.419946,214.881424,24974700
2024-09-27,216.854952,218.563404,215.549068,216.334564,23959600
2024-09-30,215.441085,217.571733,214.616321,216.884430,21938200
2024-10-01,216.177481,216.344397,212.377664,213.938828,30016000
2024-10-02,213.055146,214.783225,212.289291,213.644257,14455400
2024-10-03,212.308917,213.290783,211.179777,212.210739,21353000
2024-10-04,215.313440,215.990930,213.349708,215.175980,27901500
2024-10-07,214.675232,214.694874,211.955458,213.487167,14891800
2024-10-08,213.683557,214.410128,212.770413,213.634460,18118600
2024-10-09,213.585371,215.627654,212.986432,214.105759,18230700
2024-10-10,211.984909,212.947149,210.708495,212.917694,24571400
2024-10-11,212.839142,217.591370,212.780232,217.247711,19950900
2024-10-14,217.434255,219.064156,216.432747,218.848145,19263300
2024-10-15,218.533984,221.410845,217.954672,219.024918,25998800
2024-10-16,220.811868,223.050522,220.320935,222.628326,27656700
2024-10-17,222.795260,222.844356,220.831527,222.019577,18003600
2024-10-18,222.549800,222.913086,221.302826,221.558105,20047400
2024-10-21,221.538481,221.597391,217.512824,218.072495,24243800
2024-10-22,217.453910,217.807382,216.305128,217.247711,15813900
2024-10-23,216.040042,216.796083,213.428274,215.264374,23263500
2024-10-24,216.432773,217.031712,214.567233,215.735657,18381900
2024-10-25,217.296799,217.944834,214.557399,214.920685,23807800
2024-10-28,216.786219,218.926695,216.481843,218.425949,19877700
2024-10-29,216.737143,217.876097,215.981102,217.719009,20282200
2024-10-30,217.061168,220.409320,216.894238,217.424454,19754800
2024-10-31,217.208436,217.748465,213.683540,213.811172,24078400
2024-11-01,215.519638,216.962983,214.380670,215.009064,21222200
2024-11-04,214.537759,217.719011,213.889724,216.098923,20463700
2024-11-05,215.362539,220.222774,215.087617,220.163864,26404600
2024-11-06,232.299739,233.271792,228.529376,232.918320,75554600
2024-11-07,232.594298,234.165290,231.131312,232.093552,34970300
2024-11-08,231.651697,234.145646,231.376776,233.801987,26597800
2024-11-11,236.158452,237.994537,235.500604,237.317047,29207700
2024-11-12,235.608627,237.405429,232.270273,233.153961,35314300
2024-11-13,234.616920,235.530063,230.571636,230.846558,25947700
2024-11-14,231.671333,232.142624,227.017296,227.734055,29272100
2024-11-15,228.008962,228.077684,223.678928,224.336777,37930000
2024-11-18,225.063360,226.418340,223.993129,224.778610,29368500
2024-11-19,222.481067,226.634372,222.294510,226.447815,26009400
2024-11-20,226.055067,226.742371,223.904778,226.742371,24222700
2024-11-21,227.950067,231.298234,226.919104,230.188721,28679400
2024-11-22,231.366940,234.901664,231.062564,234.440186,22693100
2024-11-25,237.110892,240.537596,237.012700,238.004379,33534000
2024-11-26,236.806496,237.228706,235.088230,236.256653,22581400
2024-11-27,237.621418,239.270961,236.079896,236.580643,19472800
2024-11-29,237.974896,239.064768,237.159945,237.483963,16782700
2024-12-02,237.847270,238.259652,235.657697,237.366150,25274800
2024-12-03,237.159966,237.749091,235.029318,235.677353,21376700
2024-12-04,235.922805,237.287598,234.872216,236.521744,19903000
2024-12-05,236.158467,236.492297,233.428880,233.762711,20227000
2024-12-06,235.441696,235.539888,234.057276,234.597290,20760900
2024-12-09,236.187937,237.002888,233.340516,233.419067,16684300
2024-12-10,233.271762,234.489281,231.641860,232.407715,19946500
2024-12-11,234.381285,234.950754,232.535372,233.458328,23156900
2024-12-12,232.859386,233.340491,230.100344,230.424347,21454500
2024-12-13,230.119981,230.601101,227.675144,228.843567,23972900
2024-12-16,228.686467,231.357144,228.136624,230.188721,32293500
2024-12-17,229.129108,229.887394,227.041376,227.553467,33064300
2024-12-18,228.705643,229.532856,215.588347,217.479126,52267500
2024-12-19,219.852462,221.014497,215.992120,216.514053,51871700
2024-12-20,215.273228,221.241001,214.751295,218.542694,53882200
2024-12-23,218.365446,219.015390,216.041361,218.040466,29606800
2024-12-24,218.641165,220.226664,217.124593,219.990311,13399600
2024-12-26,219.035071,222.698459,218.099532,222.245453,20024800
2024-12-27,220.876633,222.009141,216.848880,219.005554,26956000
2024-12-30,217.311721,218.434372,214.534645,217.321564,25706100
2024-12-31,218.739671,219.882021,216.799650,217.597336,26208300
2025-01-02,219.537319,220.955406,216.258010,217.774567,29363000
2025-01-03,218.690426,221.398575,218.010924,221.014496,24525300
2025-01-06,222.324254,223.712799,220.728912,221.103134,23541900
2025-01-07,222.146981,223.072678,218.010902,219.330505,28835200
2025-01-08,217.538206,218.926752,215.676970,218.335892,26795900
2025-01-10,214.987624,215.381545,212.033279,213.530151,37379400
2025-01-13,211.235622,214.209667,210.713689,213.943771,28603800
2025-01-14,215.844385,216.878408,213.914221,216.376175,25447500
2025-01-15,222.009135,222.147004,219.606266,220.630432,30124700
2025-01-16,220.738771,221.802337,219.320698,221.073608,21029800
2025-01-17,223.476454,223.515854,221.250853,222.028839,26754900
2025-01-21,224.057465,226.391392,223.535532,226.292908,26086300
2025-01-22,225.859631,226.352022,224.362759,224.815750,21307300
2025-01-23,223.476436,225.859620,223.102229,225.839920,20850700
2025-01-24,225.337697,226.726228,224.569554,225.209671,19074500
2025-01-27,223.259820,226.125522,221.782648,223.053009,27461700
2025-01-28,223.289352,224.096865,221.753080,223.299194,16847400
2025-01-29,223.230243,224.746815,221.162211,222.787094,20280500
2025-01-30,225.042266,226.548981,223.466610,225.052109,25575100
2025-01-31,225.268753,226.814867,222.107598,223.033295,35330700
2025-02-03,218.138915,222.117440,217.311702,220.423615,34023300
2025-02-04,220.197147,223.673424,219.813082,223.476456,17985500
2025-02-05,224.589241,226.007328,223.437048,225.908844,15197300
2025-02-06,227.001952,227.189062,223.840812,225.170258,18809400
2025-02-07,225.367241,225.761148,222.147002,222.560608,28914400
2025-02-10,223.909743,224.057469,222.422729,223.565079,14574700
2025-02-11,221.625065,222.974211,221.388712,222.265167,18215700
2025-02-12,218.877509,221.063725,218.414660,220.216812,25572800
2025-02-13,221.615190,222.895409,220.344829,222.698456,21419400
2025-02-14,223.811270,224.510457,222.176530,222.531052,13574500
2025-02-18,222.708301,224.205173,222.078042,223.752182,15166500
2025-02-19,221.979588,223.693098,221.654609,222.984055,16194800
2025-02-20,222.570459,222.747728,219.616115,220.847092,18507700
2025-02-21,222.560570,222.915092,214.150545,214.485367,45036900
2025-02-24,215.460323,215.460323,211.875720,212.939285,30246200
2025-02-25,213.077141,213.963454,210.240981,212.131760,33665100
2025-02-26,212.771881,215.086124,211.570446,212.397659,25464200
2025-02-27,212.358270,213.195340,208.990319,209.157730,29378500
2025-02-28,208.419130,211.393173,207.749485,211.383316,32015400
2025-03-03,212.121925,212.673415,204.263373,205.602676,36330000
2025-03-04,202.796031,206.577603,200.097740,203.278580,56427100
2025-03-05,203.308116,205.661743,201.702932,205.297379,35778500
2025-03-06,202.648320,204.952705,200.796926,202.155930,39206300
2025-03-07,201.850653,203.958085,198.659956,202.815735,43514000
2025-03-10,200.343949,201.624168,195.725322,197.714584,39442800
2025-03-11,198.059234,200.127281,195.508654,197.694870,51509700
2025-03-12,199.959872,200.649216,196.513137,198.039551,36881700
2025-03-13,198.206960,198.955389,194.001940,195.085205,31336900
2025-03-14,197.192657,199.979591,196.306345,199.802322,34089400
2025-03-17,199.625027,202.884651,199.516701,202.323318,26947600
2025-03-18,201.198187,201.267268,199.717700,200.566513,22888000
2025-03-19,200.704691,204.978351,200.260533,203.685394,31595600
2025-03-20,201.662046,204.603276,201.543597,202.392410,25665900
2025-03-21,200.082874,201.760756,199.135355,201.138947,39470200
2025-03-24,204.267743,206.508203,204.001251,206.143021,25774700
2025-03-25,205.975204,206.547661,204.396012,204.998077,17836900
2025-03-26,205.254722,206.103535,202.017377,202.915543,19344600
2025-03-27,202.658923,203.665658,201.109339,201.948288,23960000
2025-03-28,201.879183,201.918671,196.786319,197.842392,26656200
2025-03-31,194.911035,198.029931,192.946932,196.894897,32250800
2025-04-01,196.401387,198.612238,194.101696,196.914612,26054100
2025-04-02,194.220138,200.684933,193.983254,200.023651,36603000
2025-04-03,190.597904,192.522534,186.738764,187.182907,60551500
2025-04-04,180.234473,181.655742,174.371742,178.832947,92612800
2025-04-07,172.052334,187.775099,169.496015,177.214294,96706200
2025-04-08,183.274412,183.501416,170.098073,172.545822,61090600
2025-04-09,170.473145,189.610906,169.505897,187.212509,123015100
2025-04-10,182.119634,183.067138,174.677712,179.346191,67503000
2025-04-11,178.783603,182.445347,176.256907,181.961716,44954400
2025-04-14,185.366833,185.524755,180.668760,184.103485,35214600
2025-04-15,183.915940,186.590693,183.422445,184.330475,30715500
2025-04-16,183.284266,184.300866,180.185114,182.563766,35063300
2025-04-17,182.583516,184.991762,182.060411,184.054123,42359200
2025-04-21,182.593388,182.879609,178.418419,180.362793,26019000
2025-04-22,182.741438,185.653075,182.149252,185.031265,34477100
2025-04-23,190.410350,192.966654,187.370415,187.775085,44866100
2025-04-24,188.278448,191.841487,187.419771,191.535522,29820100
2025-04-25,190.212960,191.732920,189.058182,191.594742,25029000
2025-04-28,191.969805,193.598334,190.025431,192.404083,22482300
2025-04-29,191.940202,194.299111,190.499188,193.539124,20118200
2025-04-30,190.627508,192.937064,188.238991,192.325134,29046100
2025-05-01,193.164061,195.098556,191.219687,193.519379,33169700
2025-05-02,195.749999,198.592539,195.601941,197.872025,30201800
2025-05-05,195.986854,197.891739,195.503222,196.352036,20834200
2025-05-06,194.032615,196.006598,193.094976,194.210281,24642100
2025-05-07,195.522984,195.976991,193.489769,194.851822,23623300
2025-05-08,197.171266,200.102631,195.680899,198.562912,32646300
2025-05-09,198.918223,199.648602,197.358790,198.197723,17203000
2025-05-12,206.123261,207.001683,203.142558,205.165878,38207200
2025-05-13,206.212086,206.883248,205.254718,205.916000,28295800
2025-05-14,205.333676,205.827172,203.843325,204.090073,26316100
2025-05-15,203.892676,205.481733,202.718154,205.422516,21563700
2025-05-16,205.708727,207.396489,205.077053,207.120132,28906400
2025-05-19,204.109817,206.370021,203.576834,206.251587,25859600
2025-05-20,205.945619,207.031300,205.254728,206.360153,22053100
2025-05-21,203.942022,204.909269,200.201316,200.566513,36704400
2025-05-22,199.658460,201.711403,198.908352,200.556625,31831300
2025-05-23,197.181138,200.615863,197.052824,199.924973,29114600
2025-05-27,202.964878,205.047430,201.504135,204.998077,31655900
2025-05-28,205.007956,205.323785,202.530598,202.836563,26046700
2025-05-29,204.257834,204.366403,201.810100,203.438629,32749500
2025-05-30,202.471410,203.566971,200.892218,202.402328,37768900
2025-06-02,202.649055,203.162280,200.033519,203.033981,30334300
2025-06-03,203.774216,206.883232,202.876050,206.310776,37702200
2025-06-04,206.458849,207.278054,205.432385,205.728485,27225300
2025-06-05,205.985063,207.100368,204.307181,205.817276,35728700
2025-06-06,208.748642,209.370451,207.860356,209.143433,32144500
2025-06-09,211.087818,211.492488,209.784997,210.584457,33984400
2025-06-10,211.670160,212.627528,211.028607,211.719498,30182200
2025-06-11,212.775598,213.121035,210.525258,210.850967,31113400
2025-06-12,209.409943,210.495640,208.876975,210.012009,25367000
2025-06-13,207.110246,208.689438,205.511325,206.172607,60580000
2025-06-16,208.316351,209.771241,207.484989,208.603378,28974000
2025-06-17,206.910941,208.286652,206.228031,206.406189,32843200
2025-06-18,206.297320,209.216992,205.644101,207.494873,42850500
2025-06-20,208.939865,209.078425,206.317112,207.059402,36978100
2025-06-23,206.336905,209.602986,204.684074,209.593094,35516400
2025-06-24,211.097442,212.720583,210.177009,212.265320,31772500
2025-06-25,212.453381,212.522654,209.711851,209.791031,27725600
2025-06-26,210.642183,213.334224,210.513515,213.195663,26261200
2025-06-27,213.829102,215.175122,211.928840,213.264954,47717300
2025-06-30,214.452613,214.482318,213.175880,213.571762,25558000
2025-07-01,212.413770,218.263020,211.948600,215.768921,43864800
2025-07-02,216.125244,218.827192,215.125632,218.757904,35735200
2025-07-03,219.727811,221.034250,219.490288,220.786819,23515700
2025-07-07,219.292349,220.529500,216.164829,217.471252,41551200
2025-07-08,218.312551,220.004965,218.065121,218.975662,36339300
2025-07-09,220.282067,221.390549,218.846961,221.350952,32425200
2025-07-10,221.093626,223.726286,220.569076,222.489136,33865900
2025-07-11,220.875880,221.242072,219.292337,219.420990,31579600
2025-07-14,219.094393,221.044143,218.787582,220.895691,24632200
2025-07-15,221.766650,221.924993,216.540912,216.570618,44215400
2025-07-16,217.956222,219.094394,214.680250,218.748001,48199800
2025-07-17,218.807392,221.895315,218.441200,221.618195,43548000
2025-07-18,222.974104,223.043392,219.698132,220.044540,49009900
2025-07-21,221.242089,222.103156,218.975636,219.153778,28191400
2025-07-22,219.341821,221.509311,218.391698,220.974869,30873300
2025-07-23,222.508957,224.379529,221.766667,224.349823,37478100
2025-07-24,223.201749,223.528359,221.182711,221.251999,29446700
2025-07-25,222.113053,222.291211,220.252374,222.073471,24555500
2025-07-28,223.003823,223.122585,221.133237,221.816147,24934900
2025-07-29,223.290815,223.369994,219.777304,220.400833,28685900
2025-07-30,221.360874,222.617808,217.857256,219.282455,48924400
2025-07-31,218.193774,219.737735,216.630014,217.134766,42913900
2025-08-01,213.997348,214.333849,210.157228,212.710709,63854100
2025-08-04,214.323949,217.481159,213.858779,217.471252,34989600
2025-08-05,218.292730,218.985532,215.996587,218.579758,31337100
2025-08-06,218.678700,218.718297,217.124847,218.292709,23142100
2025-08-07,220.470121,220.549300,216.263809,217.580139,37088000
2025-08-08,218.797497,219.292357,217.481167,218.055206,28318100
2025-08-11,218.500582,219.401216,217.550444,218.005722,25212800
2025-08-12,219.569465,224.646720,218.876649,224.478470,43815500
2025-08-13,225.913561,229.080678,225.487988,228.843140,41705800
2025-08-14,226.091725,226.448025,223.845055,225.893784,55945500
2025-08-15,226.289669,226.428229,223.716390,224.795197,33571400
2025-08-18,224.874378,226.111529,224.607150,225.616669,20144100
2025-08-19,225.676050,226.626173,223.370000,223.884659,25000700
2025-08-20,223.607509,224.052895,221.390545,223.092865,29229700
2025-08-21,222.103179,223.993549,221.479650,223.647141,24539400
2025-08-22,225.032710,232.999962,224.844661,232.416031,58205500
2025-08-25,231.733137,231.891496,229.971436,229.971436,28453700
2025-08-26,230.436612,232.455636,230.199074,231.871704,25121500
2025-08-27,231.337251,233.692776,231.159094,233.514633,25395400
2025-08-28,234.524162,234.534054,232.930711,233.791763,25011200
2025-08-29,234.306401,234.583522,231.960754,232.752533,29254800
2025-09-02,229.605251,231.990466,229.090592,231.495605,33108600
2025-09-03,230.872077,232.841611,230.070406,231.267960,33252400
2025-09-04,231.822188,234.237108,231.178876,234.157928,30323800
2025-09-05,235.276317,237.216160,232.534787,235.325806,47542500
2025-09-08,236.058179,236.107668,233.959977,235.800858,31487700
2025-09-09,235.454462,235.513858,232.999960,234.415268,35395800
2025-09-10,234.870547,235.820685,233.039573,233.999588,33910200
2025-09-11,234.415284,238.453330,233.811554,238.324677,43629800
2025-09-12,237.730834,237.849611,235.751393,235.889954,46097600
2025-09-15,236.770795,237.572467,236.097793,236.889572,33014000
2025-09-16,236.668240,237.144649,234.990865,236.499512,37059300
2025-09-17,237.035481,242.454674,235.248928,237.104950,79955600
2025-09-18,239.000677,243.318164,238.335686,243.010483,49167700
2025-09-19,243.735041,243.735041,240.697894,241.164383,56092000
2025-09-22,240.429914,242.960848,239.308353,242.563843,53572900
2025-09-23,243.179200,245.332983,241.620939,242.017944,41854500
2025-09-24,242.077510,242.782211,239.754999,239.794708,36002200
2025-09-25,237.194272,238.196735,235.774965,237.501953,37209500
2025-09-26,237.829487,239.874092,237.541661,239.536636,28942800
2025-09-29,241.025430,241.114754,239.010600,239.814545,26391500
2025-09-30,239.308353,240.320736,237.611124,240.152008,33447700
2025-10-01,238.772388,241.223918,238.752533,240.678040,28520000
2025-10-02,241.184242,242.266094,239.665676,242.196625,28687400
2025-10-03,243.516694,246.236210,243.199078,243.993103,34579600
2025-10-06,245.878883,246.623279,244.231298,244.965759,31507400
2025-10-07,245.511657,245.789564,241.372818,242.335571,31766600
2025-10-08,243.447207,245.114662,241.978270,244.876450,25825000
2025-10-09,244.469500,245.402479,242.186683,243.298325,26243100
2025-10-10,243.913696,245.045177,235.784891,236.013168,70569400
2025-10-13,240.022986,242.802067,239.596192,242.583710,36298600
2025-10-14,239.427450,247.734917,238.563955,246.047607,45320800
2025-10-15,248.489247,250.881243,245.213903,248.459473,45369000
2025-10-16,249.094678,249.382505,242.176759,243.228836,52740400
2025-10-17,241.501863,243.328110,239.665680,241.591187,55379500
2025-10-20,244.777178,246.474407,244.300769,246.305679,32545000
2025-10-21,245.581139,246.514118,243.675488,245.144440,26337900
2025-10-22,244.191600,245.015400,238.970910,241.521698,46578400
2025-10-23,242.464585,245.273441,241.859143,244.578674,28591000
2025-10-24,247.933438,249.233647,247.109638,247.566193,26627000
2025-10-27,249.898624,250.325419,247.635662,248.429688,31798100
2025-10-28,247.685289,249.025192,246.256046,247.099701,28075900
2025-10-29,246.980585,249.263401,242.861601,244.995529,56235300
2025-10-30,243.437276,246.285826,242.802059,243.020416,44538700
2025-10-31,243.159381,244.945919,241.869092,244.390106,37214700
2025-11-03,244.330544,244.419868,240.678049,243.606003,28887900
2025-11-04,239.983278,242.236320,239.199187,239.397690,34468700
2025-11-05,240.152008,243.893826,239.834392,242.851669,38229200
2025-11-06,242.434819,242.960857,238.206656,238.554047,40601200
2025-11-07,236.628541,239.854256,234.504532,239.804626,54978900
2025-11-10,243.179216,243.407508,240.439845,242.206543,31238000
2025-11-11,241.551484,242.911257,240.707844,242.414993,27357900
2025-11-12,243.010473,244.538974,241.511762,241.819443,34543200
2025-11-13,240.032913,240.866633,234.077747,235.020645,65710000
2025-11-14,231.596426,236.946150,231.526957,235.705490,58344400
2025-11-17,234.693101,236.062779,230.028209,231.020737,55765900
2025-11-18,229.581600,233.323434,229.234225,231.725464,63092500
2025-11-19,232.052991,234.603779,230.693217,231.685745,57280500
2025-11-20,235.467281,237.313383,227.189588,227.398026,95483000
2025-11-21,228.241683,235.338250,227.864517,233.839539,99504100
2025-11-24,234.196845,238.593735,233.720421,238.107391,36135300
2025-11-25,238.941129,243.715184,238.246347,243.298325,46160800
2025-11-26,243.218930,246.970684,242.941024,245.452118,34636600
2025-11-28,246.156790,246.950815,245.223827,246.891266,18911800
2025-12-01,243.735038,245.839192,243.506746,243.784653,36920000
2025-12-02,245.521586,245.521586,243.288399,243.338028,31918500
2025-12-03,244.132039,247.973117,243.645695,247.764694,32846300
2025-12-04,247.109629,250.772059,246.682834,249.938339,40245800
2025-12-05,249.610800,250.772056,248.409835,248.896179,36956600
2025-12-08,250.811765,250.881249,248.310591,248.995438,29100000
2025-12-09,248.380070,251.059892,248.231197,249.511551,30170100
2025-12-10,249.025219,254.652864,248.667908,252.906006,51105200
2025-12-11,252.737251,256.082079,252.419650,255.873627,41345200
2025-12-12,256.022541,256.270672,251.546231,251.953171,57657700
2025-12-15,253.640461,253.779415,249.858933,250.047501,43120100
2025-12-16,249.302605,251.115070,247.440359,248.864426,43115300
2025-12-17,249.332473,251.115064,245.677683,246.215454,38132400
2025-12-18,249.143261,250.318380,247.181439,247.679367,39068000
2025-12-19,248.246995,250.358205,248.027906,249.750732,43610400
2025-12-22,251.234574,254.062802,251.154904,252.529190,40497300
2025-12-23,251.373988,252.170676,250.417974,251.035400,24973500
2025-12-24,250.925857,251.812168,250.079373,251.662796,12103000
2025-12-26,251.533340,251.702634,249.362366,250.378143,17429900
2025-12-29,249.222943,250.457810,248.316726,248.844528,25218800
2025-12-30,248.934145,249.113392,246.922512,247.002182,22123600
2025-12-31,247.151557,247.251148,244.990551,245.139938,35352000
2026-01-02,246.603841,248.057782,244.841171,247.749069,40007700
2026-01-05,248.754889,252.499318,248.535815,251.682709,37428100
2026-01-06,251.194746,255.188123,250.477728,255.018814,40677800
2026-01-07,255.337496,255.735833,252.917573,254.421310,33052000
2026-01-08,253.644539,257.857006,253.305952,257.199738,37957000
2026-01-09,258.504311,260.476117,257.020495,259.151642,36301500
2026-01-12,258.205550,260.575692,257.169851,260.416351,28423400
2026-01-13,261.322603,261.800625,259.380672,260.266998,33882400
2026-01-14,260.047904,262.368235,259.111797,262.099365,37164300
2026-01-15,262.965756,265.943356,262.637137,264.409760,33465200
2026-01-16,264.768252,266.112663,263.613055,264.658722,33844900
2026-01-20,260.057877,263.981523,259.978192,261.491882,47911500
2026-01-21,263.543357,267.476971,261.830484,266.680298,59952800
2026-01-22,268.711840,270.474525,268.303566,268.672028,35110800
2026-01-23,267.925129,267.935067,263.364091,263.712646,42636700
2026-01-26,263.971588,265.584870,262.398118,262.886108,32119300
2026-01-27,262.955790,263.762431,261.571566,263.632996,26975500
2026-01-28,264.877810,265.574891,261.471969,262.208893,37139100
2026-01-29,262.975737,263.961625,258.335044,262.278625,43922900
2026-01-30,259.988165,261.890254,256.871130,258.574036,59164200
2026-02-02,257.408887,262.676944,257.279421,261.093536,42896200
2026-02-03,261.969909,263.961621,257.478588,261.691071,54588000
2026-02-04,263.065361,263.553320,256.074461,259.440430,48826500
2026-02-05,257.428801,260.535867,253.993100,254.769867,48279600
2026-02-06,258.663664,264.618895,258.504324,263.921783,43354900
2026-02-09,263.742523,266.560813,262.248739,265.774078,29064800
2026-02-10,266.122611,267.407243,264.778199,265.057037,24661700
2026-02-11,267.357484,267.845444,261.013885,263.852081,41829400
2026-02-12,265.913492,266.351672,257.319280,258.464508,47628200
2026-02-13,259.520125,264.071195,257.438789,261.870331,45360300
2026-02-17,261.292743,263.264519,257.986494,261.950012,33734800
2026-02-18,261.940044,265.803970,260.764941,262.896057,36034700
2026-02-19,261.481923,263.543352,259.998077,263.503510,31006000
2026-02-20,261.760803,266.222219,261.053753,263.513489,47126600
2026-02-23,262.308467,263.274449,257.030442,259.410522,44001100
2026-02-24,259.320918,263.045441,258.783148,262.238770,34884200
2026-02-25,264.150818,264.180693,261.342497,263.483582,26012100
2026-02-26,263.911837,265.136720,261.033798,264.887756,41206500
2026-02-27,261.013895,261.671164,258.693533,260.326752,40631500
2026-03-02,256.741660,263.184850,256.721754,262.716797,53495700
2026-03-03,255.735819,260.037925,252.260291,258.165710,59537000
2026-03-04,260.117616,261.870302,257.747474,260.675293,37979700
2026-03-05,257.916754,259.679439,253.106783,255.696014,60414600
2026-03-06,250.447862,252.250359,248.904282,249.850342,64192000
2026-03-09,246.564005,253.594746,243.377268,252.569016,65369500
2026-03-10,251.911753,256.582305,251.354061,252.310089,55879100
2026-03-11,251.294334,253.325890,249.541633,251.802231,50418100
2026-03-12,247.908424,248.774814,245.558203,246.384766,61802900
2026-03-13,248.227080,249.571491,244.522494,245.568146,53933300
2026-03-16,248.725020,250.427940,247.281031,247.888504,48755700
2026-03-17,249.277191,251.112837,248.369361,249.456772,40642800
2026-03-18,247.820670,248.638716,245.296673,245.436340,43192600
2026-03-19,242.453418,249.496666,241.944634,247.042511,59219500
2026-03-20,246.384086,246.912828,239.759840,241.645355,76749900
2026-03-23,246.583596,250.763658,245.526113,246.862930,78746600
2026-03-24,244.927542,249.566520,244.019713,248.189789,45210800
2026-03-25,251.142768,252.469614,248.928034,251.222580,45671700
2026-03-26,248.299523,251.262478,246.573632,246.852966,46830200
2026-03-27,245.426354,246.154633,241.834904,242.523270,48114400
2026-03-30,244.767922,244.787864,238.123719,239.041534,51290500
2026-03-31,242.463397,248.329452,241.665307,247.411636,58660800
2026-04-01,249.327073,251.841098,248.518997,248.967926,51295900
2026-04-02,244.358891,251.771257,244.289050,250.693817,30369200
2026-04-06,250.394547,252.449657,249.656297,251.761292,22151400
2026-04-07,250.614019,252.878622,248.928026,252.309982,34881900
2026-04-08,260.899548,261.647768,257.796940,259.852051,46680200
2026-04-09,258.166053,262.276273,258.166053,261.338501,26758400
2026-04-10,261.777450,262.126626,259.722340,260.680054,22365900
2026-04-13,259.622574,264.730422,259.403094,264.441132,23820000
2026-04-14,266.456351,268.780841,265.648275,268.082489,24270400
2026-04-15,268.142347,268.950423,266.955168,268.750916,21670600
2026-04-16,268.810757,269.708615,267.414054,269.309570,30847900
2026-04-17,273.090564,276.971350,272.472039,275.125732,46462700
2026-04-20,273.998410,277.011265,273.878700,276.692017,22993900
2026-04-21,277.520041,279.126237,273.110544,273.858765,32235200
2026-04-22,276.931418,277.350435,274.247798,275.824066,20274300
2026-04-23,276.073484,277.210764,271.304826,274.866333,32886600
2026-04-24,276.013624,277.470152,273.579411,275.993652,21568600
2026-04-27,276.163265,277.579879,275.594610,276.482513,23399400
2026-04-28,275.395069,276.312900,272.272521,273.260162,24139400
2026-04-29,273.270140,273.729040,269.718558,271.434479,29428900
2026-04-30,272.482033,277.559954,271.793667,277.310547,29220700
2026-05-01,277.998907,279.146173,275.913869,278.617432,28936700
2026-05-04,278.038826,280.123864,275.444988,277.220764,28632300
2026-05-05,279.465421,282.278738,279.335724,281.889648,24863200
2026-05-06,284.682982,286.368975,282.687727,286.119568,23330300
2026-05-07,286.847849,286.897718,280.482980,281.590363,28350400
2026-05-08,283.366153,284.293940,281.939523,283.495850,22474300
2026-05-11,284.244045,286.368966,283.914811,284.653046,20150400
2026-05-12,283.366141,283.386083,277.619797,281.899628,27404600
2026-05-13,282.248797,282.887262,279.265869,281.999390,20742300
2026-05-14,283.166608,284.982298,281.291064,283.775177,17428700
2026-05-15,279.634982,279.664910,276.582245,276.941406,35408000
2026-05-18,278.078694,278.417884,273.290094,275.315277,27243300
2026-05-19,273.160401,274.427377,269.987953,272.352325,30276900
2026-05-20,274.257800,279.425503,272.761359,279.206024,31562000
2026-05-21,277.998894,283.006973,276.492466,281.819794,31680500
2026-05-22,283.426004,285.930028,282.997031,284.443573,23849300
2026-05-26,287.705835,289.860684,287.057353,289.820801,24506500
2026-05-27,290.469256,291.027925,288.623639,289.681122,24519900
2026-05-28,288.952875,292.045496,287.296809,291.337189,23710600
2026-05-29,290.688725,290.718653,287.645943,289.740967,26952800
2026-06-01,287.685865,289.920541,285.590841,288.294434,23826100
2026-06-02,287.775628,291.177541,287.715773,290.968048,18378800
2026-06-03,289.301991,289.321963,286.099615,286.987518,29167300
2026-06-04,286.877775,292.185161,285.979917,291.317230,24307800
2026-06-05,288.414118,288.713394,279.485340,280.981781,35812800
2026-06-08,284.832647,286.159478,282.907202,283.435944,27277400
2026-06-09,286.498660,290.179908,276.961343,284.343781,41761300
2026-06-10,283.914811,288.314352,281.091539,281.380829,39285000
2026-06-11,283.765171,290.369460,283.396054,289.721008,41468800
2026-06-12,290.938129,295.018422,289.621254,292.255005,34415200
2026-06-15,296.559998,297.910004,293.920013,294.640015,23889000
2026-06-16,295.500000,296.799988,291.579987,292.079987,23807700
2026-06-17,292.470001,295.820007,288.929993,289.880005,39920100
2026-06-18,294.549988,295.970001,291.420013,295.589996,32463200
2026-06-22,297.130005,299.489990,296.160004,298.179993,22796200
2026-06-23,293.260010,297.750000,292.399994,295.320007,26821700
2026-06-24,295.880005,299.690002,294.690002,296.690002,28664900
2026-06-25,299.519989,301.500000,296.730011,298.910004,27599900
2026-06-26,296.600006,300.029999,295.730011,299.829987,39832500
2026-06-29,298.109985,299.160004,294.679993,298.970001,24834100
2026-06-30,298.559998,300.980011,297.440002,300.450012,23230300
2026-07-01,299.929993,302.720001,298.920013,299.320007,20607900
2026-07-02,300.540009,302.230011,294.980011,297.579987,21178900
2026-07-06,297.750000,300.410004,297.619995,298.899994,18581300
2026-07-07,299.170013,299.970001,295.179993,296.190002,18057100
2026-07-08,294.029999,295.100006,290.679993,293.480011,24078400
2026-07-09,295.269989,297.880005,294.899994,297.239990,16466800
2026-07-10,297.690002,298.209991,293.619995,295.989990,15888500
2026-07-13,295.059998,295.779999,292.600006,293.480011,19375500
2026-07-14,295.489990,296.070007,293.750000,294.510010,18326900
2026-07-15,295.250000,297.140015,294.149994,295.769989,18832700
2026-07-16,294.649994,297.809998,294.350006,295.589996,24081300
2026-07-17,292.029999,296.130005,291.640015,294.040009,28722900
