date,open,high,low,close,volume
2014-01-02,79.210174,79.237315,78.730655,78.956841,29177500
2014-01-03,78.956849,79.029230,78.368772,78.386864,35723700
2014-01-06,78.404959,78.495432,77.807826,78.097343,32073100
2014-01-07,78.459269,78.938781,78.314507,78.821167,25860600
2014-01-08,78.839253,79.210200,78.667349,78.993057,27197400
2014-01-09,79.282576,79.291625,78.459264,78.730682,23674700
2014-01-10,78.920654,79.074459,78.332571,78.983986,38008900
2014-01-13,78.875449,79.146875,77.518335,77.816902,48842300
2014-01-14,78.079266,79.363998,78.079266,79.300667,37178900
2014-01-15,79.644441,80.105861,79.563018,79.952057,39835600
2014-01-16,79.888762,80.078757,79.762098,79.961136,31630100
2014-01-17,79.716837,79.952072,79.318748,79.508743,36895800
2014-01-21,80.015399,80.151105,79.445407,80.114922,26412700
2014-01-22,80.323006,80.522050,80.087771,80.323006,29376900
2014-01-23,80.078731,80.087774,79.490647,80.051590,35011900
2014-01-24,79.662550,79.780164,78.450192,78.477333,63974600
2014-01-27,78.477334,78.613047,77.129270,77.717354,63519300
2014-01-28,77.355461,77.753550,77.183558,77.672119,44378800
2014-01-29,77.002614,77.572599,76.685955,76.839760,51939300
2014-01-30,77.780703,78.531641,77.699273,78.260216,65833600
2014-01-31,77.391658,78.423064,77.310228,78.052116,45187000
2014-02-03,77.907358,78.260207,76.061683,76.260727,65596900
2014-02-04,76.649775,77.129287,76.414540,76.821678,37675500
2014-02-05,76.568346,76.894053,75.763125,76.622635,41721800
2014-02-06,76.848823,77.699277,76.830725,77.599754,32308600
2014-02-07,78.034004,79.038268,77.807818,78.983986,38359400
2014-02-10,78.956874,79.472577,78.902592,79.436394,30205400
2014-02-11,79.608242,80.494892,79.517769,80.341087,38635500
2014-02-12,80.503983,80.675880,80.250650,80.494934,32507200
2014-02-13,79.906838,81.155380,79.888747,81.092049,40454500
2014-02-14,81.064911,81.435858,80.820633,81.254906,33212400
2014-02-18,81.390609,81.806789,81.191564,81.652985,29546600
2014-02-19,81.499187,81.689182,80.929195,81.092049,41749900
2014-02-20,81.146338,81.625850,80.802532,81.472046,41814800
2014-02-21,81.734405,81.852026,81.263942,81.363464,31192200
2014-02-24,81.553476,82.168701,81.463003,81.797760,31500400
2014-02-25,81.915362,82.078215,81.444892,81.707268,26771700
2014-02-26,81.924420,82.186789,81.309195,81.634903,42953700
2014-02-27,81.646722,82.246328,81.519533,82.164566,28742400
2014-02-28,82.146404,82.636994,81.346928,82.073723,48609800
2014-03-03,81.301489,81.683064,80.738225,81.465019,38885700
2014-03-04,82.355331,82.655137,82.273562,82.500687,33189000
2014-03-05,82.636965,82.873177,82.464349,82.727814,27203300
2014-03-06,82.918602,82.982197,82.355338,82.655144,24063900
2014-03-07,82.918609,83.000378,81.828414,82.246323,31167800
2014-03-10,82.200898,82.364428,81.792070,82.319000,18131700
2014-03-11,82.518868,82.727818,81.719385,81.964684,27484300
2014-03-12,81.592224,82.319025,81.292425,82.273598,27977200
2014-03-13,82.582456,82.609710,80.738207,81.110687,48542000
2014-03-14,80.847238,81.201551,80.520178,80.556519,38732300
2014-03-17,81.074353,81.683052,81.028932,81.265137,28467200
2014-03-18,81.365078,82.346258,81.337825,82.246323,31250200
2014-03-19,82.273571,82.364426,81.265138,81.801155,40869400
2014-03-20,81.546779,82.273574,81.383249,82.028282,31634500
2014-03-21,82.498133,82.543665,80.886418,81.041214,62754000
2014-03-24,81.332602,81.396342,79.593407,80.330971,77735300
2014-03-25,80.749843,81.268871,79.921216,80.595047,41723300
2014-03-26,80.995657,81.177776,79.547846,79.556953,40930400
2014-03-27,79.447709,79.802833,78.673722,79.110794,64784500
2014-03-28,79.365758,80.139746,79.047051,79.265594,39895100
2014-03-31,79.884794,80.367398,79.784630,79.830154,33924300
2014-04-01,80.221698,81.287069,79.866574,81.232437,38683800
2014-04-02,81.578468,81.660423,81.077655,81.441887,34631600
2014-04-03,81.523828,81.660416,80.330977,80.795372,30319100
2014-04-04,81.332611,81.414566,78.436980,78.646416,131213200
2014-04-07,78.154710,78.883166,77.353399,77.899750,83995800
2014-04-08,77.990787,78.728351,77.717612,78.619080,51495700
2014-04-09,78.910464,80.012260,78.701029,79.966728,45685200
2014-04-10,80.021366,80.021366,77.271431,77.489967,73659600
2014-04-11,76.797929,77.799568,76.406389,76.588501,93657400
2014-04-14,77.262316,77.599231,76.479221,77.189468,46500700
2014-04-15,77.471759,77.890623,75.832720,77.444443,84631500
2014-04-16,78.118288,78.473412,77.480880,78.473412,46970900
2014-04-17,78.172885,78.883132,77.972557,78.491585,53719500
2014-04-21,78.673723,79.074371,78.309491,79.074371,25947900
2014-04-22,79.347559,79.903010,79.210971,79.702682,38593400
2014-04-23,79.702681,79.729997,78.956010,79.001541,34376700
2014-04-24,80.303629,80.321838,78.901342,79.757278,48926300
2014-04-25,79.283810,79.374866,78.291286,78.482506,44334000
2014-04-28,78.855845,79.320240,77.499089,78.737473,58623800
2014-04-29,78.974236,79.511472,78.591789,79.365784,36742700
2014-04-30,79.001543,79.657158,78.801215,79.575203,38689400
2014-05-01,79.702671,80.267231,79.502344,79.811943,37127200
2014-05-02,80.085116,80.230811,79.475032,79.666252,40074200
2014-05-05,79.192753,80.103329,79.001533,80.085114,27924400
2014-05-06,79.957641,80.003173,79.010642,79.047066,33698500
2014-05-07,79.210929,79.292885,77.881490,78.819382,67489100
2014-05-08,78.537154,79.702690,78.355042,78.746590,46556900
2014-05-09,78.701048,79.092596,78.172913,79.037964,35081500
2014-05-12,79.511438,80.367381,79.438590,80.340065,38951100
2014-05-13,80.412915,80.686091,80.239911,80.394707,30311900
2014-05-14,80.148850,80.449342,79.784625,79.975845,26483600
2014-05-15,79.957633,80.094221,78.837629,79.347549,59680300
2014-05-16,79.438621,79.912124,78.892277,79.866592,66804100
2014-05-19,79.629817,80.549500,79.493236,80.422020,32017000
2014-05-20,80.385575,80.676959,79.802808,80.130615,33716000
2014-05-21,80.276331,80.941047,80.230799,80.895515,36837700
2014-05-22,80.986581,81.478292,80.859101,81.250648,30617100
2014-05-23,81.332602,81.860737,81.150489,81.842522,22687300
2014-05-27,82.206750,82.880574,82.133903,82.862366,29725200
2014-05-28,82.835028,82.953400,82.543644,82.607384,30468100
2014-05-29,82.898762,83.144614,82.734858,83.135513,33036100
2014-05-30,83.153761,83.272133,82.707581,83.144653,29906400
2014-06-02,83.244811,83.263026,82.534563,83.062698,30409900
2014-06-03,82.789509,83.162848,82.680244,83.026260,21774500
2014-06-04,82.816849,83.472464,82.689369,83.335876,20118300
2014-06-05,83.408703,84.191799,83.126427,84.037003,35583100
2014-06-06,84.346611,84.519623,84.182707,84.519623,22680600
2014-06-09,84.537805,84.665292,84.228213,84.455856,23399500
2014-06-10,84.383027,84.647095,84.282863,84.601570,20626000
2014-06-11,84.310176,84.701723,84.228227,84.583351,22878200
2014-06-12,84.401242,84.492298,83.527090,83.818474,35275900
2014-06-13,84.182711,84.273774,83.700107,84.064339,39447100
2014-06-16,83.918640,84.383029,83.736521,84.137177,25212300
2014-06-17,84.073421,84.410330,83.936834,84.182686,19977900
2014-06-18,84.264672,84.774592,83.754752,84.656219,34514000
2014-06-19,84.783682,84.838315,84.219123,84.601570,38422200
2014-06-20,84.637154,84.792373,84.481942,84.701065,25897500
2014-06-23,84.691971,84.746750,84.463715,84.719360,20837900
2014-06-24,84.710235,85.431524,84.390679,84.637192,31945800
2014-06-25,84.445429,85.321930,84.436304,85.175850,32818600
2014-06-26,85.230644,85.239776,84.564142,85.221512,22563900
2014-06-27,85.111925,85.614083,85.084535,85.595825,22877800
2014-06-30,85.577576,85.951912,85.522790,85.741920,19751900
2014-07-01,86.043215,86.910590,86.006693,86.682335,31862500
2014-07-02,86.737160,86.956283,86.654991,86.828461,18777300
2014-07-03,87.111466,87.376236,86.874078,87.376236,15291700
2014-07-07,87.275810,87.385376,86.947129,87.111473,23266400
2014-07-08,86.947133,87.011045,85.705422,86.061501,40612400
2014-07-09,86.289750,86.801040,86.043230,86.700607,29919000
2014-07-10,85.586741,86.782806,85.486308,86.426727,44245300
2014-07-11,86.645836,86.983650,86.381059,86.983650,19566300
2014-07-14,87.376198,87.704887,87.230118,87.504021,19579000
2014-07-15,87.641013,87.768836,86.581911,87.202766,39467500
2014-07-16,87.832748,87.924056,87.458412,87.549713,22052600
2014-07-17,87.312315,87.622746,86.116258,86.390167,43111500
2014-07-18,86.837558,87.805359,86.737125,87.759712,36682200
2014-07-21,87.577126,87.796256,87.239312,87.650169,29750700
2014-07-22,88.061005,88.344047,87.969705,88.207092,25770400
2014-07-23,88.517534,88.873612,88.353189,88.773186,28947500
2014-07-24,88.928390,89.028823,88.544922,88.672745,24707200
2014-07-25,88.216202,88.444457,87.860124,88.325760,29898900
2014-07-28,88.417076,88.581420,87.668398,88.353165,25603400
2014-07-29,88.544921,88.745780,88.124924,88.197968,27022200
2014-07-30,88.690971,88.855316,88.197938,88.544891,35348500
2014-07-31,87.814442,87.960522,86.627510,86.755333,50047900
2014-08-01,86.572792,87.047560,85.860635,86.435837,60708000
2014-08-04,86.618447,87.367125,86.298884,87.029305,33230500
2014-08-05,86.682341,86.928854,85.961053,86.362778,50331100
2014-08-06,85.824098,86.837553,85.751054,86.298866,34431900
2014-08-07,86.700590,86.864935,85.723657,86.024956,33274700
2014-08-08,86.161897,86.746231,85.796687,86.645798,40236900
2014-08-11,86.983636,87.431022,86.919724,87.157112,28277500
2014-08-12,87.065811,87.348846,86.673211,87.120590,28152300
2014-08-13,87.476664,88.079262,87.431017,88.042740,27996500
2014-08-14,88.161424,88.517502,88.042734,88.499245,25006600
2014-08-15,89.010559,89.138382,88.088411,88.928391,55205500
2014-08-18,89.394036,89.695328,89.266206,89.613159,38938300
2014-08-19,89.823136,90.170089,89.768357,90.115303,21363400
2014-08-20,90.042267,90.297912,89.960091,90.115303,23435600
2014-08-21,90.160950,90.343552,90.023995,90.297905,19339500
2014-08-22,90.334458,90.617492,90.133592,90.434891,24692000
2014-08-25,90.864014,91.010101,90.535332,90.754456,24124700
2014-08-26,90.891372,90.946151,90.635720,90.845718,20100400
2014-08-27,90.873108,90.973541,90.672242,90.863976,15589100
2014-08-28,90.553567,90.873123,90.462266,90.763565,23563900
2014-08-29,90.964417,91.220069,90.635728,91.101372,17906300
2014-09-02,91.320481,91.393524,90.991799,91.366135,18326800
2014-09-03,91.612631,91.612631,90.663094,90.827438,25950700
2014-09-04,91.037460,91.503103,90.517037,90.745293,24663500
2014-09-05,90.882249,91.256584,90.416605,91.201805,30798200
2014-09-08,91.229173,91.603515,90.955270,91.375259,25571300
2014-09-09,91.384382,91.722203,90.443970,90.617447,36449200
2014-09-10,90.736147,91.402656,90.480502,91.366135,31080100
2014-09-11,90.973519,91.338729,90.608309,91.293076,28691900
2014-09-12,91.210906,91.238295,90.544397,90.827438,30444400
2014-09-15,90.927876,90.937009,89.677041,89.950943,32972200
2014-09-16,89.613162,90.909652,89.521861,90.736176,38166900
2014-09-17,90.717896,91.302230,90.325296,90.873108,37196500
2014-09-18,91.156167,91.567032,91.055741,91.557899,30196700
2014-09-19,91.940434,92.031952,91.135065,91.501144,46918000
2014-09-22,91.281504,91.290658,90.256490,90.650024,48658000
2014-09-23,90.283943,90.805604,90.219880,90.402916,33989600
2014-09-24,90.494438,91.418787,90.183275,91.373024,35959000
2014-09-25,91.080148,91.199128,89.414495,89.451103,68642500
2014-09-26,89.743975,90.567651,89.588393,90.402916,56106200
2014-09-29,89.506044,90.531058,89.460282,90.283958,33342700
2014-09-30,90.531021,90.878799,89.981906,90.412048,41834300
2014-10-01,90.155828,90.247346,88.682364,88.966072,58164900
2014-10-02,88.929463,89.240633,87.831233,88.966072,54501300
2014-10-03,89.487725,90.210729,89.176562,89.844650,41627800
2014-10-06,90.128363,90.348008,89.377904,89.652458,36038700
2014-10-07,89.231449,89.487702,88.371164,88.380318,45154000
2014-10-08,88.426076,90.384591,87.913562,90.100876,64931600
2014-10-09,89.981928,90.210726,88.508464,88.645744,62497100
2014-10-10,88.124078,88.618283,86.412661,86.430969,77579400
2014-10-13,86.275387,86.934329,85.003267,85.076485,80835900
2014-10-14,85.607308,86.183878,84.847695,85.085648,71814500
2014-10-15,83.804363,84.893447,82.587153,84.536522,108847800
2014-10-16,82.751873,84.728696,82.724418,84.005692,93165800
2014-10-17,85.113068,85.927590,84.618862,85.113068,69546700
2014-10-20,85.103927,86.458418,84.930045,86.385201,41479300
2014-10-21,87.455975,88.654884,87.236330,88.654884,53609800
2014-10-22,88.929440,89.048420,88.142372,88.197289,39178000
2014-10-23,89.085041,90.018544,88.929460,89.524338,48123800
2014-10-24,89.716501,90.320533,89.359576,90.256470,43157600
2014-10-27,90.082574,90.485261,89.707341,90.320526,29545700
2014-10-28,90.741524,91.702474,90.677461,91.684174,34495100
2014-10-29,91.382174,91.629281,90.695779,91.345566,40552800
2014-10-30,90.933710,91.757387,90.732366,91.537735,35935800
2014-10-31,93.056943,93.121006,92.498674,92.800690,54254100
2014-11-03,92.965468,93.322393,92.828187,93.075287,33481000
2014-11-04,92.782446,93.002097,92.132658,92.764145,22773300
2014-11-05,93.377279,93.377279,92.452931,92.773254,25818600
2014-11-06,92.764101,93.093571,92.361413,93.066116,24671900
2014-11-07,93.230848,93.267457,92.498690,92.983742,20931700
2014-11-10,93.029532,93.432213,92.782426,93.313240,20360000
2014-11-11,93.331525,93.606079,93.075265,93.606079,15454000
2014-11-12,93.230829,93.871462,93.230829,93.770790,22050300
2014-11-13,93.944717,94.521287,93.734219,94.173515,28027800
2014-11-14,94.146023,94.466339,93.834853,94.466339,19251300
2014-11-17,94.246719,94.457209,93.734205,94.182655,23361600
2014-11-18,94.265042,95.015502,94.255888,94.887375,26336800
2014-11-19,94.786670,94.786670,94.017910,94.457199,23760200
2014-11-20,94.054513,94.960560,93.981303,94.878189,22874000
2014-11-21,95.720206,95.811731,94.759256,95.061272,34049100
2014-11-24,95.317499,95.848314,95.235128,95.802551,17928300
2014-11-25,95.948959,96.232674,95.701860,95.948959,17526000
2014-11-26,96.040520,96.626244,95.939848,96.571327,18973800
2014-11-28,96.827578,97.239412,96.763514,97.019768,17360400
2014-12-01,96.754347,96.937383,95.564591,95.921516,35969500
2014-12-02,96.022170,96.479767,95.820827,96.305885,26031300
2014-12-03,96.452358,96.617093,95.875788,96.479813,32974300
2014-12-04,96.388266,96.809255,96.031341,96.434029,31008800
2014-12-05,96.589618,96.736046,96.232693,96.443184,25622200
2014-12-08,96.196071,96.617060,95.253422,95.756775,32685800
2014-12-09,94.640268,96.132032,94.301643,96.058815,46035100
2014-12-10,95.884927,96.122880,94.374862,94.548744,39330100
2014-12-11,94.823288,96.132016,94.804980,94.997177,47576000
2014-12-12,94.091155,95.171085,93.953881,93.963028,46889400
2014-12-15,94.448076,94.795854,92.727513,92.992920,52968400
2014-12-16,92.407185,93.779977,91.482837,91.501144,65348600
2014-12-17,91.565204,93.432194,91.446224,93.166794,79715300
2014-12-18,94.502979,95.418173,94.246726,95.409019,49840900
2014-12-19,95.507309,96.214631,95.268470,95.828819,51419900
2014-12-22,95.672657,96.095214,95.626724,96.067657,33869200
2014-12-23,96.416729,96.425917,95.617541,95.727776,30156900
2014-12-24,95.847163,96.177861,95.782861,95.810425,14291300
2014-12-26,96.086038,96.692321,96.058481,96.490227,13924300
2014-12-29,96.398357,96.683122,96.343236,96.471840,17073800
2014-12-30,96.196262,96.416726,95.700215,95.828819,18604000
2014-12-31,95.994165,96.370796,94.708117,94.845909,24367100
2015-01-02,95.314405,95.718586,94.101847,94.561150,31314600
2015-01-05,94.147760,94.257995,92.907646,93.174042,36521300
2015-01-06,93.311831,93.467992,91.511367,91.924736,66205500
2015-01-07,92.531038,93.330220,92.310568,93.109756,37577400
2015-01-08,93.899766,95.075579,93.798719,94.891861,40212600
2015-01-09,95.185809,95.213366,93.716036,94.267204,41410100
2015-01-12,94.450919,94.551966,93.045455,93.284294,34129800
2015-01-13,94.193717,95.185812,92.503481,93.256737,56162300
2015-01-14,92.319760,93.219996,91.924760,92.742317,51354200
2015-01-15,93.174063,93.321036,91.428713,91.538948,51005400
2015-01-16,91.419550,92.733155,91.272577,92.613739,35362200
2015-01-20,93.174058,93.587427,92.126849,93.348595,30964100
2015-01-21,93.073016,94.267204,92.742317,93.826271,40128800
2015-01-22,94.193705,95.663471,93.366960,95.562424,40887200
2015-01-23,95.553242,96.067665,95.277665,95.773712,34783000
2015-01-26,95.663475,95.838012,95.176616,95.663475,19960900
2015-01-27,94.156984,94.212098,92.870936,93.183266,45253200
2015-01-28,94.680568,94.781615,92.687197,92.705566,43591700
2015-01-29,92.632066,93.771140,91.823697,93.596603,46539700
2015-01-30,93.513961,94.230472,92.742329,92.870934,42927600
2015-02-02,93.082204,93.761969,91.630807,93.679298,43624700
2015-02-03,94.019172,94.643823,93.403709,94.579521,30750400
2015-02-04,94.193700,95.121493,93.982418,94.496841,34073200
2015-02-05,94.735682,95.378709,94.496850,95.314407,23605500
2015-02-06,95.461386,95.691037,94.395808,94.735687,34169300
2015-02-09,94.368239,94.882655,94.202890,94.432541,22604700
2015-02-10,94.956144,96.030910,94.809164,95.902306,23686500
2015-02-11,96.012549,96.471852,95.828831,96.251389,20303600
2015-02-12,96.876015,97.408808,96.729042,97.372063,22520300
2015-02-13,97.647666,98.226384,97.463941,98.208015,29030200
2015-02-17,98.208022,98.364183,97.959995,98.299881,17675300
2015-02-18,98.180437,98.492767,98.051833,98.437653,15149600
2015-02-19,98.373324,98.988794,98.345767,98.924492,19828100
2015-02-20,98.860224,99.641036,98.547895,99.585922,28336700
2015-02-23,99.530820,99.714545,99.310357,99.686981,17868000
2015-02-24,99.558366,99.879883,99.255232,99.760460,19745000
2015-02-25,99.613468,99.999280,99.291951,99.512421,19472300
2015-02-26,99.613458,100.072760,99.337874,100.017639,22255500
2015-02-27,99.980956,100.045265,99.420613,99.576775,27757600
2015-03-02,99.769629,100.513697,99.751253,100.476952,22988600
2015-03-03,100.173795,100.274842,99.374607,100.008446,20788900
2015-03-04,99.677764,99.824737,99.080669,99.622643,21007400
2015-03-05,99.879866,100.100329,99.383819,99.797188,15381000
2015-03-06,99.668604,99.861510,98.419301,98.667328,30990400
2015-03-09,98.869371,99.200069,98.465190,98.952049,26237100
2015-03-10,98.244725,98.272289,97.114845,97.114845,34234500
2015-03-11,97.261865,97.381288,96.517798,96.554543,25459700
2015-03-12,96.481025,97.298583,96.416723,97.188354,21473200
2015-03-13,97.096506,97.482326,96.159533,96.765808,42021100
2015-03-16,97.124066,98.051851,97.023019,98.015106,25674100
2015-03-17,97.748700,98.327418,97.519049,98.171257,19603800
2015-03-18,97.904861,99.585909,97.399626,99.135788,40622200
2015-03-19,99.236828,99.558338,99.089855,99.282761,31314000
2015-03-20,100.100399,100.422649,99.907050,99.925461,31761400
2015-03-23,99.870188,100.146398,99.695249,99.732079,17268500
2015-03-24,99.722886,100.183245,99.354605,99.373016,22445300
2015-03-25,99.529532,99.621602,97.062009,97.098839,41581400
2015-03-26,96.297797,97.319793,95.975547,96.767365,47846300
2015-03-27,96.748980,97.384270,96.601662,97.154091,33878400
2015-03-30,97.743372,98.351042,97.743372,98.268181,30570200
2015-03-31,97.991911,98.194470,97.200094,97.227715,30488100
2015-04-01,97.227734,97.246153,96.095256,96.721344,32970500
2015-04-02,96.813410,97.098830,96.472742,96.785789,19164200
2015-04-06,96.214949,97.844616,96.067631,97.577614,24451100
2015-04-07,97.522362,98.240520,97.411880,97.411880,19379400
2015-04-08,97.448696,98.323381,97.439494,98.185272,25866900
2015-04-09,98.139245,98.838992,97.807793,98.802162,23114700
2015-04-10,98.765320,99.216477,98.544350,99.207268,17164300
2015-04-13,99.280913,99.787304,98.848175,98.958664,17783500
2015-04-14,98.857411,99.142831,98.111625,98.673264,23755700
2015-04-15,98.931067,99.501914,98.811376,99.290146,21128600
2015-04-16,99.023116,99.326947,98.885007,99.152016,16195300
2015-04-17,98.203715,98.470717,97.181718,97.605247,46514000
2015-04-20,98.093195,99.244091,98.056365,99.069153,28945900
2015-04-21,99.640017,99.814955,99.373008,99.492699,22759800
2015-04-22,99.750515,100.201671,99.106016,100.035942,21429200
2015-04-23,99.695241,100.864555,99.676829,100.413399,29473200
2015-04-24,101.472216,101.914163,101.306487,101.776054,32508100
2015-04-27,102.153547,102.346904,101.297280,101.518257,31121300
2015-04-28,101.591953,101.785310,100.459475,101.315742,36849200
2015-04-29,100.754094,101.343353,100.128006,100.680435,34043900
2015-04-30,100.109589,100.514700,98.571986,99.096794,44080500
2015-05-01,99.483511,100.468678,99.465093,100.404228,32874300
2015-05-04,100.726444,101.196011,100.514676,100.569923,23507300
2015-05-05,100.174027,100.358168,98.885022,98.931053,47843300
2015-05-06,99.106008,99.391428,97.596032,98.249741,42687200
2015-05-07,98.222110,99.115207,98.148451,98.838989,29335800
2015-05-08,99.860963,100.284492,99.713652,100.072731,33023300
2015-05-11,100.137199,100.339758,99.612391,99.686043,19679300
2015-05-12,99.096815,99.741322,98.332625,99.234924,33665000
2015-05-13,99.667634,100.183233,99.290136,99.437454,20738400
2015-05-14,100.247675,100.975043,99.879394,100.892181,23904200
2015-05-15,101.149981,101.288090,100.643584,100.892181,23937400
2015-05-18,100.726467,101.536696,100.652808,101.334137,17631100
2015-05-19,101.444634,101.601154,101.057934,101.223663,14212900
2015-05-20,101.297296,101.895763,100.754076,101.288094,21131900
2015-05-21,101.113173,101.951029,100.965861,101.812920,16771800
2015-05-22,101.693206,102.079912,101.628756,101.711624,13543800
2015-05-26,101.490680,101.628782,100.137225,100.542336,25488400
2015-05-27,100.846132,102.273246,100.625162,102.162758,30572700
2015-05-28,101.969454,102.208843,101.619584,101.932625,17302400
2015-05-29,101.868133,102.006242,101.085525,101.324913,30383000
2015-06-01,101.868132,101.941791,100.836926,101.665573,24570200
2015-06-02,101.288097,101.840526,100.790909,101.343338,19449600
2015-06-03,101.803707,102.024677,101.398589,101.647186,20507200
2015-06-04,101.076338,101.720845,100.551530,100.873779,31374600
2015-06-05,100.754098,100.993486,100.017521,100.634407,22641700
2015-06-08,100.588354,100.662013,99.409837,99.612396,24549200
2015-06-09,99.372996,99.805734,98.700870,99.446655,27554600
2015-06-10,99.787307,101.103932,99.676825,100.809303,30297900
2015-06-11,101.149977,101.416985,100.781688,100.956627,17593500
2015-06-12,100.422605,100.634373,99.989867,100.127975,27201800
2015-06-15,99.382223,99.787334,98.802167,99.630814,31238800
2015-06-16,99.529535,100.339771,99.483504,100.174042,16456900
2015-06-17,100.339760,100.772491,99.833362,100.450241,23296700
2015-06-18,100.818544,102.089131,100.763303,101.914200,43032400
2015-06-19,101.964008,102.047067,101.336480,101.410309,27877600
2015-06-22,102.157829,102.462367,101.927121,102.157829,19120900
2015-06-23,102.268559,102.333157,101.816372,102.240875,18127900
2015-06-24,102.120909,102.554635,101.687175,101.714859,15815900
2015-06-25,102.111685,102.213197,101.345730,101.511841,18326700
2015-06-26,101.493377,101.724085,100.459799,100.838158,32311700
2015-06-29,99.721509,100.275215,98.411085,98.457230,50874900
2015-06-30,99.195534,99.407789,98.503408,98.807945,34809900
2015-07-01,99.786125,99.989150,99.130914,99.592331,21293000
2015-07-02,99.878425,99.961477,99.315495,99.620026,20499400
2015-07-06,98.992493,99.961473,98.780245,99.389313,24311000
2015-07-07,99.500055,99.730763,97.663615,99.638481,44230800
2015-07-08,98.927904,99.047877,97.718993,97.903557,39691500
2015-07-09,99.204712,99.296994,97.838914,97.848145,28381000
2015-07-10,99.149383,99.712313,98.789478,99.343178,26415800
2015-07-13,100.201398,101.170370,100.192168,101.087318,25780700
2015-07-14,101.225732,102.028593,101.170357,101.751747,21977200
2015-07-15,101.945569,102.259330,101.576434,101.862511,28631500
2015-07-16,102.702310,103.320608,102.499286,103.302155,29838900
2015-07-17,104.132665,104.824791,103.957331,104.824791,35926800
2015-07-20,105.046281,105.563066,104.723290,105.184708,26539000
2015-07-21,105.221623,105.387733,104.815580,105.120117,35468900
2015-07-22,103.514370,104.437204,103.514370,103.929649,35575000
2015-07-23,104.031169,104.372614,103.274445,103.542061,25698300
2015-07-24,104.095770,104.280335,102.370067,102.526947,30844700
2015-07-27,101.945556,102.388512,101.456454,101.677933,35994800
2015-07-28,102.130139,102.757667,101.318046,102.554642,33553500
2015-07-29,102.776112,103.163701,102.379293,102.942223,26714100
2015-07-30,102.702280,103.606654,102.083982,103.431320,25438100
2015-07-31,103.754312,103.809680,103.099100,103.311348,22081700
2015-08-03,103.329832,103.615908,102.305485,102.988380,25001800
2015-08-04,102.942220,103.126784,102.370060,102.794563,22132300
2015-08-05,103.366733,104.280337,103.246760,103.588211,28989900
2015-08-06,103.680504,103.818931,101.465699,101.927116,42125400
2015-08-07,101.677939,102.037844,100.958129,101.797905,30006800
2015-08-10,102.443893,103.182156,102.434663,102.960678,21500800
2015-08-11,102.416245,102.813064,101.078130,101.641060,36123300
2015-08-12,100.939698,102.194755,99.869213,101.991730,41889000
2015-08-13,102.093215,102.582323,101.604114,101.825592,22510500
2015-08-14,101.585641,102.130110,101.382616,101.982460,17924900
2015-08-17,101.733284,102.859143,101.474891,102.831459,21224900
2015-08-18,102.693078,102.776136,102.167062,102.305489,13984400
2015-08-19,101.991703,102.536179,101.041184,101.631798,42511400
2015-08-20,100.690523,101.013514,98.807939,98.817169,57747300
2015-08-21,97.423652,98.254205,94.498268,94.498268,97763400
2015-08-24,86.958718,94.618242,78.201011,90.862305,150829900
2015-08-25,94.193768,94.812066,90.447060,90.520882,75088300
2015-08-26,93.169413,95.264253,91.296060,95.079681,104103800
2015-08-27,96.454704,97.552879,95.310390,97.488281,69377700
2015-08-28,96.971486,97.820493,96.759231,97.469818,49919600
2015-08-31,96.925345,97.460591,96.020970,96.260902,39549400
2015-09-01,93.861539,95.319620,92.864876,93.252472,73155500
2015-09-02,94.941235,95.900984,93.852290,95.882530,43963600
2015-09-03,96.260918,96.916130,95.144288,95.411911,45131800
2015-09-04,94.101469,94.913561,93.750787,94.276810,49379600
2015-09-08,96.085572,97.054544,95.688752,96.934578,37343500
2015-09-09,98.078878,98.106562,95.596450,95.845619,47146700
2015-09-10,95.734884,97.525186,95.624149,96.888428,47686700
2015-09-11,96.445488,97.423691,96.168635,97.423691,29106100
2015-09-14,97.783569,97.802029,96.759222,97.128357,19718800
2015-09-15,97.359047,98.577189,96.999142,98.272652,30020200
2015-09-16,98.291147,98.918675,97.949695,98.826385,31329100
2015-09-17,98.724854,100.339815,98.411087,98.863274,56139800
2015-09-18,97.346164,98.613518,97.290654,97.457169,48384000
2015-09-21,97.993714,98.567266,96.883620,97.762444,35772600
2015-09-22,96.263815,96.596845,95.403491,96.300819,47359700
2015-09-23,96.559853,96.818881,95.875296,96.374840,21775100
2015-09-24,95.440503,96.384088,94.607929,96.023308,38284300
2015-09-25,97.050135,97.142642,94.617170,95.209221,44700000
2015-09-28,94.802203,94.866958,92.221229,92.498749,44077500
2015-09-29,92.730001,93.673586,91.351634,92.017693,49315500
2015-09-30,93.331317,94.237898,92.970536,94.136139,41411400
2015-10-01,94.302640,94.570914,93.053776,94.561661,39339100
2015-10-02,93.248062,96.217567,92.952036,96.217567,59370900
2015-10-05,96.929881,97.854961,96.717116,97.595940,32853500
2015-10-06,97.364670,97.688447,96.374835,97.133400,33051500
2015-10-07,97.743968,97.928981,96.476605,97.716209,37389300
2015-10-08,97.346163,98.271243,96.402578,98.104729,50188900
2015-10-09,98.150975,98.733780,97.882701,98.548759,23916200
2015-10-12,98.733812,98.974327,98.382277,98.789314,16162000
2015-10-13,98.225009,99.224097,98.058494,98.151001,26999600
2015-10-14,98.150991,98.641282,97.586691,97.993729,30902600
2015-10-15,98.354514,99.612623,98.225003,99.603371,38393800
2015-10-16,99.816150,100.075171,99.335104,100.019669,27091100
2015-10-19,99.890115,100.657925,99.668090,100.593170,23776300
2015-10-20,100.417447,100.630211,99.732883,100.075165,23404700
2015-10-21,100.583960,100.685713,99.427610,99.464607,30195200
2015-10-22,100.352687,101.573793,100.065908,101.490532,42778700
2015-10-23,104.219523,104.756064,103.673722,104.330528,53170900
2015-10-26,104.256538,104.598821,103.858754,104.395302,25918000
2015-10-27,104.117764,104.756064,104.090005,104.608055,31390500
2015-10-28,104.765314,105.477623,103.923488,105.477623,42221900
2015-10-29,104.996588,105.486879,104.885575,105.311111,24913300
2015-10-30,105.357345,105.533112,104.811551,104.839302,27199200
2015-11-02,105.116856,106.152948,104.894839,106.023438,22176900
2015-11-03,105.810635,106.772719,105.653374,106.393440,20418400
2015-11-04,106.745007,106.819016,105.958691,106.402725,28633000
2015-11-05,106.495200,106.754221,105.560867,106.115913,25004100
2015-11-06,105.912399,106.310184,105.237095,106.189926,29924900
2015-11-09,105.792170,105.930933,104.413802,105.061356,33479800
2015-11-10,104.506273,104.894804,104.191742,104.793045,35452100
2015-11-11,105.079835,105.588631,104.487784,104.663551,22748800
2015-11-12,104.238001,104.746798,103.571942,103.645950,31196900
2015-11-13,103.211147,103.322159,101.555253,101.610756,52836000
2015-11-16,101.509053,103.090939,101.277783,103.072433,33980600
2015-11-17,103.248166,103.877220,102.878132,103.137154,30579500
2015-11-18,103.553456,105.218596,103.451697,105.116837,32966500
2015-11-19,105.172351,105.671895,104.987331,105.190849,26188100
2015-11-20,105.690358,105.986383,105.588599,105.903130,22727600
2015-11-23,105.940153,106.328692,105.144590,105.597878,20696200
2015-11-24,104.913320,105.755140,104.386018,105.505371,26374400
2015-11-25,105.662633,105.792143,105.375860,105.597878,14159900
2015-11-27,105.829141,105.958652,105.385100,105.745880,8828000
2015-11-30,106.060428,106.060428,105.135348,105.477623,25041600
2015-12-01,105.903172,106.532227,105.773654,106.532227,28639400
2015-12-02,106.615479,107.078019,105.718150,105.875412,22395500
2015-12-03,106.162179,106.347193,103.460941,104.080750,42754300
2015-12-04,104.395291,106.689493,104.182526,106.513725,40037300
2015-12-07,106.587723,106.652479,105.523880,106.032677,25892100
2015-12-08,104.922593,106.384221,104.885589,106.041939,30792600
2015-12-09,105.579379,106.162184,103.793974,104.432281,48509200
2015-12-10,104.672790,105.607123,104.358260,104.904060,30154600
2015-12-11,103.692193,103.969720,102.424838,102.489594,56022200
2015-12-14,102.628400,103.312958,101.185270,103.266701,53098500
2015-12-15,104.219520,104.793065,103.766226,103.895737,48428000
2015-12-16,104.598794,105.616381,103.507200,105.440620,44944100
2015-12-17,105.903152,105.903152,103.886477,103.904976,45668800
2015-12-18,103.582037,103.814013,101.911812,101.911812,53746100
2015-12-21,102.876876,103.062455,102.115994,103.043900,26432800
2015-12-22,103.591339,103.869713,103.043878,103.721245,26540300
2015-12-23,104.259441,104.565651,104.073862,104.491417,25656900
2015-12-24,104.491409,104.760502,104.426456,104.472847,11468600
2015-12-28,104.222354,104.435776,103.470753,104.417213,19183600
2015-12-29,105.038899,106.291577,104.973946,106.059601,27725700
2015-12-30,105.966765,106.003882,105.085258,105.103813,19520100
2015-12-31,104.732673,104.927532,103.776924,103.795486,29886800
2016-01-04,101.559231,101.698418,100.325122,101.605629,50807600
2016-01-05,102.106703,102.236609,100.956102,101.429329,38795200
2016-01-06,99.666299,101.039595,99.666299,100.455017,41891100
2016-01-07,98.311558,99.554954,97.253746,97.309425,61386300
2016-01-08,98.014631,98.627052,96.409359,96.511429,69344000
2016-01-11,97.198076,97.485724,95.323710,96.808357,50024100
2016-01-12,97.736263,98.432192,96.576381,97.931122,46734200
2016-01-13,98.330149,98.571406,94.405105,94.553574,69870700
2016-01-14,94.924726,97.411513,93.412236,96.567116,78445700
2016-01-15,93.365844,94.590678,92.335868,93.569977,91443900
2016-01-19,94.841201,94.989670,92.679180,93.774109,56563800
2016-01-20,92.298725,94.488582,90.238775,93.486443,86675000
2016-01-21,93.885457,94.971104,92.623505,93.579247,61660100
2016-01-22,95.462907,96.325859,95.138141,96.288742,42229800
2016-01-25,95.945396,96.492857,94.776234,94.859749,38881500
2016-01-26,95.258753,96.121698,94.423637,95.713425,36143900
2016-01-27,95.156687,95.564960,92.929713,93.328712,54524700
2016-01-28,94.878285,94.915402,93.031756,94.646309,47641500
2016-01-29,94.618508,96.659897,94.590672,96.622780,54245100
2016-02-01,96.158827,97.244481,95.787670,96.882599,32750300
2016-02-02,96.437193,96.474310,94.497867,94.785522,44928100
2016-02-03,95.416504,95.416504,92.679179,94.330856,61572900
2016-02-04,94.080337,95.073195,93.198829,94.321594,49321600
2016-02-05,93.987524,94.024641,90.674903,91.046066,70749900
2016-02-08,89.348010,90.053220,88.002543,89.654221,91673100
2016-02-09,88.457215,90.730580,88.318028,89.375839,73778400
2016-02-10,90.405802,91.574965,89.654201,89.719154,59421700
2016-02-11,88.577851,90.303756,88.327320,89.589272,76839200
2016-02-12,90.600669,91.046066,89.756278,90.953270,49186500
2016-02-16,92.298734,93.003944,91.723431,93.003944,40565900
2016-02-17,93.681301,95.240181,93.440043,95.110275,41766500
2016-02-18,95.407228,95.425783,93.904018,94.024651,38991500
2016-02-19,93.569986,94.590687,93.365852,94.303032,28257900
2016-02-22,95.184515,95.926835,95.091726,95.834045,23979100
2016-02-23,95.277317,95.537129,94.191669,94.256622,29869700
2016-02-24,93.152429,95.277333,92.577125,95.156708,40739100
2016-02-25,95.351567,96.093887,94.497889,96.093887,29389300
2016-02-26,96.826930,96.845492,95.741283,95.973259,30925000
2016-02-29,95.880438,96.594922,95.110275,95.110275,27553900
2016-03-01,96.019672,98.163132,95.722743,98.163132,37699800
2016-03-02,98.042453,98.218750,97.439313,98.200195,29209800
2016-03-03,98.098156,98.125992,97.309438,98.014641,25474600
2016-03-04,98.126007,98.682749,97.402242,98.051773,31655400
2016-03-07,97.550671,98.116694,96.752672,97.448601,25861200
2016-03-08,96.780522,97.624912,96.474311,96.641335,28898500
2016-03-09,97.003211,97.281578,96.465024,97.263023,31047400
2016-03-10,97.671289,98.228031,95.861870,97.114548,44236100
2016-03-11,98.163106,98.812637,97.856896,98.812637,31454000
2016-03-14,98.441473,99.211636,98.413637,98.979660,25374900
2016-03-15,98.627036,99.053871,98.311544,98.942520,26524600
2016-03-16,98.701271,100.083848,98.673428,99.824036,31693100
2016-03-17,99.536426,100.000378,99.165269,99.768402,29623700
2016-03-18,100.008484,100.176003,99.394254,99.924728,37682300
2016-03-21,99.747911,100.408677,99.692074,100.315613,17288600
2016-03-22,99.747913,100.855399,99.729303,100.622734,18840300
2016-03-23,100.427312,100.501759,99.571101,99.794464,20912900
2016-03-24,99.310493,99.850276,99.142974,99.822357,19017300
2016-03-28,100.101540,100.120157,99.505920,99.682747,13892300
2016-03-29,99.496624,101.348631,99.329106,101.283485,29963900
2016-03-30,101.888392,102.409558,101.562656,101.776711,23807200
2016-03-31,101.702315,102.083889,101.469651,101.627861,21447200
2016-04-01,101.013608,102.744632,100.874008,102.707405,26389000
2016-04-04,102.707395,102.781850,102.074548,102.316521,17163000
2016-04-05,101.525447,101.907020,101.199718,101.330009,20107900
2016-04-06,101.432383,103.033115,101.432383,102.995888,25056000
2016-04-07,102.400281,102.586417,101.078749,101.516159,28567200
2016-04-08,102.148998,102.390964,101.088049,101.441696,22898000
2016-04-11,101.879110,102.390967,101.060127,101.069435,25772100
2016-04-12,101.143881,102.111766,100.529643,101.916328,28564100
2016-04-13,102.698073,103.377456,102.567781,103.219246,25356700
2016-04-14,103.237870,103.610135,102.372358,103.228561,17199700
2016-04-15,103.144807,103.358854,102.707396,102.967979,21353300
2016-04-18,102.670165,103.554287,102.605019,103.517067,17126100
2016-04-19,103.712517,103.712517,102.260685,102.884232,42481400
2016-04-20,102.884224,103.442617,102.530569,102.967979,18078300
2016-04-21,102.912157,103.349567,102.511974,102.977303,20216000
2016-04-22,101.637112,102.111750,100.622699,101.423065,39074000
2016-04-25,101.115946,101.432367,100.929811,101.423065,14351900
2016-04-26,101.637127,101.804645,100.622713,100.929825,19118300
2016-04-27,99.896792,100.352820,99.291871,100.120155,33059800
2016-04-28,100.231826,100.818145,98.714856,98.910294,29818200
2016-04-29,98.910303,99.115049,97.607381,98.389137,67502800
2016-05-02,98.640418,99.459401,98.230933,99.319801,24813800
2016-05-03,98.612523,99.059242,98.137885,98.398476,38569400
2016-05-04,97.802830,98.165793,97.523637,97.765610,27474500
2016-05-05,98.119244,98.333298,97.542234,97.737671,20788100
2016-05-06,97.253738,98.277460,97.160674,98.258850,30758500
2016-05-09,98.268149,98.994068,98.221620,98.538040,19289600
2016-05-10,98.891686,99.934018,98.714859,99.887489,21178900
2016-05-11,99.738602,100.036413,98.956853,98.984772,20966300
2016-05-12,99.217438,99.338421,97.849370,98.547363,29196300
2016-05-13,98.463587,99.068509,97.988950,98.184387,21059300
2016-05-16,98.333328,99.775844,98.240257,99.412888,18311900
2016-05-17,99.329101,99.617603,97.905189,98.165779,29932700
2016-05-18,97.942429,99.049914,97.756301,98.519440,27524400
2016-05-19,98.137860,98.379833,97.290965,98.007568,27334600
2016-05-20,98.398466,99.487334,98.342621,99.087151,29549600
2016-05-23,99.198837,99.552492,98.863807,98.956871,15729800
2016-05-24,99.505919,101.060116,99.478000,100.939133,29931300
2016-05-25,101.320738,101.972196,101.143911,101.665077,37951700
2016-05-26,101.767415,102.093144,101.525442,101.962852,21885900
2016-05-27,102.028011,102.502648,102.009401,102.493340,19870000
2016-05-31,102.632937,102.846991,102.167608,102.688774,24366100
2016-06-01,102.372368,102.930762,102.288613,102.698097,19571500
2016-06-02,102.493362,102.921464,101.934969,102.912163,15696600
2016-06-03,102.716709,102.763237,101.758125,102.428200,20269900
2016-06-06,102.614317,103.070337,102.437490,102.800446,12502400
2016-06-07,102.856284,102.958657,102.493328,102.539864,12184300
2016-06-08,102.716698,102.930745,102.335125,102.716698,14568700
2016-06-09,102.297920,102.660876,102.102483,102.549202,17571600
2016-06-10,101.618506,101.813943,101.032187,101.385841,32965000
2016-06-13,100.808855,101.376557,100.408672,100.538963,25154700
2016-06-14,100.269072,100.901919,99.803743,100.538963,24588500
2016-06-15,100.780948,100.920548,100.082954,100.250473,24605700
2016-06-16,99.757198,100.641320,99.115042,100.548256,32079900
2016-06-17,100.340183,100.480155,99.136436,99.369720,29208800
2016-06-20,100.526822,101.002716,99.920281,99.994934,20562800
2016-06-21,100.125540,100.517455,99.938908,100.312164,22804100
2016-06-22,100.368199,100.956080,99.985616,100.069595,22724200
2016-06-23,100.844061,101.515920,100.424152,101.497253,18714200
2016-06-24,97.886032,99.379049,97.102194,97.316818,68012700
2016-06-27,96.672949,96.672949,94.946648,95.385223,48222600
2016-06-28,96.439651,97.522093,96.392999,97.475433,28260600
2016-06-29,98.240622,99.407043,98.193970,99.201752,31356700
2016-06-30,99.369714,100.414829,99.033784,100.349510,36300800
2016-07-01,100.302854,101.226665,100.265528,100.853409,19902800
2016-07-05,100.321512,100.461484,99.696305,100.237526,21167900
2016-07-06,99.761626,101.105338,99.444356,101.058685,24579300
2016-07-07,101.152009,101.581251,100.881398,101.357300,19161700
2016-07-08,101.898524,102.980966,101.730559,102.924980,29457900
2016-07-11,103.270246,103.895446,103.260919,103.512863,20218500
2016-07-12,104.147379,104.315344,103.895428,104.035400,21906100
2016-07-13,104.277993,104.343312,103.774099,103.783432,21107800
2016-07-14,104.473994,104.688618,104.231376,104.492661,20871000
2016-07-15,104.735229,104.791222,104.091370,104.324654,17999300
2016-07-18,104.389998,105.201822,104.371331,105.015198,20713900
2016-07-19,104.651266,104.959202,104.445974,104.632599,18936700
2016-07-20,105.201811,106.050969,105.071173,105.855011,24997900
2016-07-21,105.929675,106.134966,105.323141,105.612411,18885400
2016-07-22,105.687042,106.172270,105.360445,106.050964,20003400
2016-07-25,105.966999,106.088311,105.705722,106.060318,12968100
2016-07-26,106.022986,106.564200,105.649730,106.181618,21223800
2016-07-27,107.077417,107.198722,106.470876,106.918785,27646100
2016-07-28,107.086762,107.413358,106.750832,107.292053,16939700
2016-07-29,107.534663,107.814607,107.189407,107.525337,22385300
2016-08-01,107.599990,108.365162,107.469351,108.094551,13990100
2016-08-02,107.935910,108.029222,106.582865,107.273384,21278400
2016-08-03,107.189392,107.637294,107.124073,107.627960,15011300
2016-08-04,107.590634,108.038536,107.338683,107.935890,12835300
2016-08-05,108.486444,109.214290,108.365132,108.971672,23196600
2016-08-08,109.027679,109.055679,108.505124,108.850388,12358200
2016-08-09,108.934361,109.447589,108.869041,109.102325,13276500
2016-08-10,109.167644,109.195637,108.533111,108.822388,14688400
2016-08-11,109.195652,109.522255,108.971701,109.288971,12969800
2016-08-12,109.102332,109.372943,108.981027,109.363609,19379000
2016-08-15,109.503573,110.082121,109.466247,109.830170,11777800
2016-08-16,109.624882,109.634208,109.204966,109.223633,14161400
2016-08-17,109.251606,109.456897,108.645066,109.419571,15980300
2016-08-18,109.316948,109.606218,109.130316,109.447586,10036300
2016-08-19,109.251606,109.662181,108.953003,109.419571,18743000
2016-08-22,109.260953,109.690202,109.055669,109.503571,14500600
2016-08-23,109.932831,110.119463,109.652894,109.699547,11997900
2016-08-24,109.624874,109.774172,108.626419,108.990341,17728700
2016-08-25,108.710396,109.148971,108.579758,108.813042,24266300
2016-08-26,108.850367,109.680858,108.318479,108.971672,23896000
2016-08-29,108.999690,109.410272,108.981030,109.121002,11184900
2016-08-30,108.943671,109.260934,108.393124,108.766373,19843300
2016-08-31,108.598426,108.766391,108.197177,108.654419,16169800
2016-09-01,108.691739,109.064988,108.159851,108.934349,20944700
2016-09-02,109.475595,109.699546,108.878389,109.288971,18088200
2016-09-06,109.475577,109.970139,109.232960,109.970139,18525200
2016-09-07,110.072780,110.222085,109.615545,110.035454,17546900
2016-09-08,109.708849,109.736842,109.102309,109.391586,20125300
2016-09-09,108.477151,108.719768,106.620211,106.638870,50813300
2016-09-12,106.041641,108.701079,106.032308,108.551781,39646000
2016-09-13,108.010564,108.327827,107.058767,107.581322,45863900
2016-09-14,107.693309,108.682432,107.665309,108.094551,28221800
2016-09-15,108.122552,109.942165,108.113218,109.774200,38521400
2016-09-16,109.656334,109.834077,109.179240,109.721817,27596500
2016-09-19,110.002422,110.339193,109.029535,109.244690,16222900
2016-09-20,109.637608,109.899547,109.263424,109.450516,18078600
2016-09-21,109.918239,110.685327,109.272759,110.526299,31546800
2016-09-22,111.171763,111.527248,111.059511,111.405632,22614400
2016-09-23,111.321468,111.321468,110.535673,110.694702,22213400
2016-09-26,110.067936,110.198902,109.609549,109.768578,16403900
2016-09-27,109.693758,110.909871,109.590855,110.853745,20238400
2016-09-28,110.994055,111.106308,110.470185,111.040825,14794300
2016-09-29,110.853714,111.059520,109.759211,110.236298,27207500
2016-09-30,110.526312,111.386947,110.414052,111.059532,25543200
2016-10-03,110.919196,111.040805,110.470165,110.900490,19216400
2016-10-04,111.227932,111.471158,110.311164,110.732132,21239700
2016-10-05,111.059548,111.480508,111.012771,111.125031,14481300
2016-10-06,110.984689,111.302754,110.526309,111.068886,11987100
2016-10-07,111.171789,111.330825,110.283091,110.825668,19984200
2016-10-10,111.396340,111.770531,111.349563,111.527306,19687300
2016-10-11,111.433723,111.452430,109.450515,109.936958,27774400
2016-10-12,110.039871,110.217613,109.506651,109.843422,14267800
2016-10-13,109.095038,109.749867,108.458915,109.450516,22821000
2016-10-14,109.993093,110.432767,109.515999,109.581482,21313300
2016-10-17,109.487925,109.731151,109.141797,109.282120,14182700
2016-10-18,110.582419,110.769519,110.198879,110.255005,19276700
2016-10-19,110.170827,110.404695,110.049218,110.245667,13702900
2016-10-20,110.133399,110.357910,109.478562,110.114685,18132200
2016-10-21,110.198884,110.591781,109.834049,110.526299,15707800
2016-10-24,111.237251,111.929500,111.218537,111.854660,19143000
2016-10-25,111.920183,111.938896,111.330836,111.499222,20341800
2016-10-26,110.778883,111.349523,110.414048,110.741463,20463700
2016-10-27,111.218549,111.312095,110.077269,110.236298,19099800
2016-10-28,109.918259,110.488899,109.207296,109.544067,35369300
2016-10-31,109.946319,109.946319,109.385036,109.441162,18749400
2016-11-01,109.628218,109.646925,107.673074,108.617905,23498700
2016-11-02,108.543092,108.795674,107.476652,107.747940,26960100
2016-11-03,107.570221,107.925706,106.569264,106.690880,36205200
2016-11-04,106.428933,107.149253,106.129582,106.316681,26997500
2016-11-07,108.037952,108.954720,107.860217,108.842461,26591200
2016-11-08,108.730176,110.049191,108.477594,109.553391,20777900
2016-11-09,108.271826,110.236321,108.140860,110.058586,70234400
2016-11-10,110.591812,110.741485,106.831200,108.281189,72825400
2016-11-11,107.813421,108.561803,107.429873,108.327934,41115200
2016-11-14,108.356026,108.458928,106.672169,107.233452,35906000
2016-11-15,108.047305,109.095039,107.888276,108.720848,31796600
2016-11-16,108.206324,109.441150,108.206324,109.366318,16538100
2016-11-17,109.310191,110.180182,109.085679,110.161476,20598600
2016-11-18,110.292440,110.479532,109.646960,109.749863,16428700
2016-11-21,110.021152,110.994047,109.983732,110.891144,20268500
2016-11-22,111.330816,111.499201,110.956624,111.227913,18850600
2016-11-23,110.863097,110.984706,110.292456,110.778900,22926000
2016-11-25,110.909850,111.181138,110.778884,111.134369,7162800
2016-11-28,110.994042,111.396296,110.769530,110.881783,13479000
2016-11-29,110.984690,111.798555,110.666632,111.265335,18553000
2016-11-30,111.405644,111.443064,109.880824,109.918243,30405300
2016-12-01,109.880841,109.890198,107.850863,108.019249,39796600
2016-12-02,108.084718,108.664715,107.785367,108.234390,32876800
2016-12-05,108.795671,109.506627,108.299864,109.076309,21419700
2016-12-06,109.385049,109.525371,108.879892,109.338272,27293300
2016-12-07,109.113746,110.863086,108.786331,110.722763,26622400
2016-12-08,110.769533,111.199850,110.554370,110.919205,18578400
2016-12-09,111.330812,111.826612,111.321455,111.789192,21863100
2016-12-12,111.293399,111.517911,110.825662,111.284042,23259300
2016-12-13,111.620816,113.295316,111.620816,112.687256,54477900
2016-12-14,112.827599,113.192433,112.125993,112.453407,28746000
2016-12-15,112.603079,113.295328,112.331790,112.631142,22762300
2016-12-16,112.907904,113.133087,111.988432,112.213608,26283900
2016-12-19,112.326195,113.367643,112.166696,112.673340,21138700
2016-12-20,113.029858,113.311326,112.898505,113.104919,11461800
2016-12-21,113.151853,113.226914,112.767178,113.020500,7079300
2016-12-22,113.029875,113.058021,112.260518,112.701492,16645000
2016-12-23,112.513836,112.823458,112.410629,112.776543,9007500
2016-12-27,113.020486,114.015019,112.973578,113.358253,16110600
2016-12-28,113.602196,113.705403,112.401249,112.476303,17975200
2016-12-29,112.448179,112.710885,111.960297,112.316826,13267500
2016-12-30,112.532619,112.541997,110.843783,111.162788,41749000
2017-01-03,111.903989,112.579524,111.547460,112.157318,22307600
2017-01-04,112.279292,112.973596,112.269915,112.767181,19749100
2017-01-05,112.682740,113.480243,112.682740,113.405190,20644300
2017-01-06,113.527162,114.699964,113.236310,114.399727,24074300
2017-01-09,114.493549,114.981439,114.418488,114.775024,18909200
2017-01-10,114.821914,115.375480,114.559208,115.028328,16176600
2017-01-11,115.075276,115.337982,114.484179,115.337982,20686000
2017-01-12,114.925123,115.234744,114.090089,115.159683,19622500
2017-01-13,115.215974,115.750771,115.215974,115.553741,16930800
2017-01-17,115.253519,115.431787,114.868844,115.206612,14538500
2017-01-18,115.375493,115.553761,115.084641,115.441170,12499700
2017-01-19,115.610033,116.013477,115.140913,115.384857,12710700
2017-01-20,115.891505,116.182365,115.328562,115.638184,22091000
2017-01-23,115.563141,115.900909,115.000198,115.732025,17434200
2017-01-24,115.957192,116.689026,115.760162,116.510757,17640900
2017-01-25,117.242574,117.711694,117.139367,117.683548,15036200
2017-01-26,117.843050,118.049464,117.599105,117.805519,16052200
2017-01-27,118.058832,118.143270,117.646003,118.030685,15053000
2017-01-30,117.636657,117.636657,116.463856,117.111244,25006700
2017-01-31,116.698388,116.904802,116.201121,116.876656,19091100
2017-02-01,117.702310,117.918108,117.148751,117.683548,22861900
2017-02-02,117.477153,117.936889,117.148770,117.580360,15101400
2017-02-03,117.702300,118.040067,117.589716,117.918098,16957200
2017-02-06,117.721086,118.077615,117.608494,118.058853,11630100
2017-02-07,118.302796,118.734393,118.190211,118.490448,17541100
2017-02-08,118.330948,118.856361,118.105765,118.687477,12569100
2017-02-09,118.809436,119.381763,118.743759,119.119057,17542700
2017-02-10,119.381769,119.682006,119.175355,119.513123,13915700
2017-02-13,119.879024,120.338760,119.832116,120.188652,19120200
2017-02-14,120.235574,120.601487,119.850898,120.592110,16333500
2017-02-15,120.507634,121.361436,120.441950,121.305130,17891400
2017-02-16,121.380223,121.624175,120.958018,121.267639,15098300
2017-02-17,121.089364,121.802437,121.070596,121.793045,15563700
2017-02-21,122.027588,122.468562,121.961919,122.393501,18479600
2017-02-22,122.280961,122.524898,122.074547,122.440460,12110900
2017-02-23,122.628125,122.628125,121.492861,121.980736,17489000
2017-02-24,121.427144,122.215263,121.389621,122.215263,18624500
2017-02-27,121.990104,122.374772,121.783690,122.365395,12008700
2017-02-28,122.337219,122.393511,121.652307,121.990074,16598600
2017-03-01,122.768791,123.547518,122.534231,123.322350,25813800
2017-03-02,123.294260,123.313014,122.553041,122.703163,19951400
2017-03-03,122.618701,122.965845,122.290311,122.928322,13722700
2017-03-06,122.524866,122.862634,122.168345,122.656219,12026200
2017-03-07,122.412275,122.984603,122.234007,122.449799,15500900
2017-03-08,122.524859,123.050271,122.402897,122.665604,15776000
2017-03-09,122.637499,122.928351,122.102695,122.759460,20855300
2017-03-10,123.322397,123.472519,122.740692,123.275482,21922600
2017-03-13,123.228574,123.510049,123.162905,123.481903,10731600
2017-03-14,123.200417,123.247332,122.684382,123.181648,14019700
2017-03-15,123.434992,124.232503,123.040933,123.941650,22709100
2017-03-16,124.176191,124.176191,123.575717,123.857178,18457300
2017-03-17,124.011382,124.143008,123.748129,123.813950,21234500
2017-03-20,123.776339,124.208834,123.597714,123.926773,10105200
2017-03-21,124.396852,124.509671,121.971154,122.046371,35841900
2017-03-22,122.084013,122.996001,121.924168,122.873772,29177900
2017-03-23,122.713880,123.052350,122.356603,122.563446,20311700
2017-03-24,122.958360,123.437853,122.347241,122.817337,22967600
2017-03-27,121.942974,123.231048,121.660914,123.014793,18472400
2017-03-28,123.014750,124.133581,122.742101,123.766907,23721900
2017-03-29,123.851565,124.387482,123.719939,124.340469,13710000
2017-03-30,124.293469,124.678952,124.180651,124.547325,16092400
2017-03-31,124.368652,124.801147,124.227629,124.462677,19841400
2017-04-03,124.566098,124.866952,123.691711,124.387459,23700300
2017-04-04,124.030205,124.603723,123.983192,124.584915,13400000
2017-04-05,124.763515,125.496864,123.842131,124.077179,32011200
2017-04-06,124.199437,124.472086,123.823351,124.143013,18832200
2017-04-07,124.105384,124.453250,123.635287,124.077179,16743100
2017-04-10,124.199416,124.641308,123.785729,124.124199,15619300
2017-04-11,124.011379,124.199429,122.695115,123.588295,33778400
2017-04-12,123.569497,123.672919,122.958378,123.090004,15955200
2017-04-13,122.920735,123.644673,122.582265,122.601059,23683000
2017-04-17,122.948972,123.635309,122.901960,123.616501,13325500
2017-04-18,123.202800,123.785729,123.118186,123.428452,12841100
2017-04-19,123.964385,124.378058,123.456673,123.625916,17764800
2017-04-20,124.124231,124.932797,123.936195,124.660133,21977900
2017-04-21,124.772965,124.819963,124.312265,124.631927,22454900
2017-04-24,126.013986,126.258430,125.797745,126.136215,22469900
2017-04-25,126.549848,127.273786,126.437016,127.048149,19384400
2017-04-26,127.095174,127.405439,126.794320,126.869537,25398500
2017-04-27,127.179815,127.631104,127.104598,127.631104,16136500
2017-04-28,128.138804,128.185817,127.649915,127.856758,22771900
2017-05-01,128.279874,129.163657,128.223465,128.994415,24815500
2017-05-02,129.154223,129.267056,128.825164,129.210632,18345100
2017-05-03,128.919182,128.966194,128.449086,128.796967,23827600
2017-05-04,128.778173,129.210653,128.392690,128.843979,14630100
2017-05-05,129.173049,129.314072,128.693556,129.314072,19330700
2017-05-08,129.379890,129.596130,129.116637,129.596130,13279900
2017-05-09,129.793507,130.338821,129.680675,130.047363,28426100
2017-05-10,130.122635,130.169647,129.661950,130.122635,20499400
2017-05-11,129.765339,130.056796,129.163616,130.019180,27232100
2017-05-12,130.075621,130.338874,129.962788,130.310669,19738600
2017-05-15,130.367102,130.799582,130.244872,130.724365,20481300
2017-05-16,131.062810,131.288461,130.677342,131.269653,21786000
2017-05-17,130.225964,130.470423,127.913100,127.931908,55642200
2017-05-18,127.884997,129.483322,127.743960,129.050827,41319900
2017-05-19,129.511516,130.141444,129.426903,129.596130,36730100
2017-05-22,129.887598,130.752588,129.840600,130.686768,19509700
2017-05-23,131.072231,131.081627,130.479905,130.818375,19687500
2017-05-24,131.213231,131.485895,130.846557,131.420074,15891900
2017-05-25,131.918410,132.877410,131.636349,132.538940,23928600
2017-05-26,132.567113,132.830366,132.388474,132.773956,13851600
2017-05-30,132.708187,133.046657,132.623573,132.886826,20306400
2017-05-31,133.356922,133.356922,132.162888,132.839813,33229400
2017-06-01,133.112473,133.413328,132.548352,133.356918,20120700
2017-06-02,133.827010,134.908240,133.610770,134.880035,37222900
2017-06-05,134.870615,135.086855,134.663771,134.851807,15727500
2017-06-06,134.691989,135.133881,134.118471,134.315918,22393000
2017-06-07,134.691973,134.955226,134.071457,134.842407,18842400
2017-06-08,135.143290,135.199700,134.250096,134.983459,25417400
2017-06-09,135.143272,135.293692,129.849984,131.608139,109783700
2017-06-12,130.498724,131.138048,129.248266,130.903000,104454000
2017-06-13,131.636335,132.153444,130.949999,131.965408,51193000
2017-06-14,132.501296,132.501296,130.329454,131.391876,60093800
2017-06-15,130.066215,130.949998,129.267060,130.808975,55145200
2017-06-16,130.741098,130.835379,129.760641,130.241440,48087400
2017-06-19,131.504732,132.541753,131.306748,132.419205,39626500
2017-06-20,132.287191,132.456880,131.335001,131.382141,40935100
2017-06-21,131.683820,132.749137,131.598976,132.683151,35743400
2017-06-22,132.890557,133.135667,132.306040,132.645432,24099100
2017-06-23,132.494602,133.324230,132.126929,133.154541,21654300
2017-06-26,133.918136,134.144388,132.240036,132.532288,34411100
2017-06-27,132.032678,132.192944,130.118889,130.128311,65957800
2017-06-28,130.609093,132.117505,129.854902,132.004379,57427200
2017-06-29,131.457524,131.457524,128.450139,129.713425,88769400
2017-06-30,130.081138,130.731640,129.336369,129.760605,68898300
2017-07-03,130.354545,130.505375,128.308771,128.393616,32797000
2017-07-05,128.799012,130.005736,128.365353,129.656921,42116600
2017-07-06,128.667010,129.213809,128.025944,128.487885,48430500
2017-07-07,128.921588,130.222593,128.912165,129.873764,36970400
2017-07-10,129.958616,131.033355,129.628646,130.722244,24853500
2017-07-11,130.533714,131.250202,130.043478,131.089935,31517700
2017-07-12,132.211773,132.796276,131.947803,132.645432,36045800
2017-07-13,132.805698,133.258230,132.551165,132.937683,31073600
2017-07-14,133.531644,134.153865,133.107407,133.984161,34544800
2017-07-17,134.125593,134.521548,133.795623,134.050171,25343200
2017-07-18,133.955891,134.974067,133.531655,134.945786,25748500
2017-07-19,135.341762,135.935701,135.285199,135.737717,33752300
2017-07-20,136.086528,136.171372,135.304040,135.916824,36139400
2017-07-21,135.417149,135.860245,135.143757,135.860245,39697100
2017-07-24,135.841372,136.576719,135.681106,136.482452,26712700
2017-07-25,136.029948,136.454199,135.765978,136.133652,28120900
2017-07-26,136.473018,136.652143,136.256188,136.576721,18610600
2017-07-27,137.472349,137.604334,134.153852,135.718826,80665900
2017-07-28,134.908039,135.831933,134.691195,135.605667,38013200
2017-07-31,135.992237,136.161926,134.738373,135.030624,33848600
2017-08-01,135.492610,135.530314,134.926952,135.341766,20149400
2017-08-02,136.218491,136.246773,134.446110,135.709396,41769700
2017-08-03,135.841444,135.916866,134.936408,135.181519,27112800
2017-08-04,135.483121,135.728232,134.870323,135.426544,29472900
2017-08-07,135.671685,136.284470,135.483138,136.284470,17933900
2017-08-08,136.020516,137.142395,135.662265,136.048798,30810400
2017-08-09,134.926906,135.935659,134.615795,135.869659,36169500
2017-08-10,135.096644,135.190911,132.824604,132.956589,63331700
2017-08-11,133.135659,134.257538,132.833970,133.965286,45862500
2017-08-14,135.030627,135.897959,134.992923,135.690552,34161000
2017-08-15,136.029962,136.039399,135.417178,135.784851,25509200
2017-08-16,136.124211,136.661588,135.567990,136.020508,31913000
2017-08-17,135.492607,135.700014,133.239426,133.239426,70191000
2017-08-18,133.314860,134.059629,132.598358,133.145157,60751900
2017-08-21,133.135685,133.427936,132.155213,132.975418,37111500
2017-08-22,133.691923,135.143772,133.644782,135.002350,36294200
2017-08-23,134.323546,134.823204,134.229279,134.521530,25702300
2017-08-24,134.823208,134.974052,133.371374,134.125580,38160800
2017-08-25,134.644120,134.983498,133.663648,133.842773,26380400
2017-08-28,134.248116,134.568664,133.823880,134.257553,15362100
2017-08-29,133.107437,135.011804,132.984874,134.785538,24498300
2017-08-30,134.898645,136.595605,134.813801,136.369339,33642700
2017-08-31,136.755843,137.840018,136.680421,137.830582,38480700
2017-09-01,138.009702,138.198250,137.274355,137.642029,22293600
2017-09-05,137.236687,137.528938,135.379460,136.407059,44794300
2017-09-06,136.755854,137.132964,135.831959,136.821854,30722700
2017-09-07,137.076380,137.491194,136.642721,137.142380,22721100
2017-09-08,136.963237,137.029237,135.813077,135.954498,27890100
2017-09-11,137.019782,137.755128,136.982078,137.519440,27126300
2017-09-12,137.906004,138.028567,137.198939,137.849442,30256700
2017-09-13,137.613758,138.056853,137.387492,138.037994,28450900
2017-09-14,137.500610,137.915409,137.142359,137.227203,35296400
2017-09-15,137.198980,138.198297,136.972714,137.698639,46422400
2017-09-18,137.858277,138.292885,137.102421,137.518143,24858200
2017-09-19,137.763822,137.952783,137.291414,137.754379,20871200
2017-09-20,137.707130,137.858304,136.271003,137.329208,34236200
2017-09-21,137.234696,137.244139,136.006431,136.488297,28841800
2017-09-22,136.053685,136.554437,135.911968,136.356033,21702400
2017-09-25,135.817465,135.893052,134.258522,134.919891,54947700
2017-09-26,135.609605,135.864710,134.797062,135.269470,29628800
2017-09-27,135.987530,136.998491,135.647410,136.488297,33249400
2017-09-28,136.157592,136.582757,135.845801,136.441040,24149400
2017-09-29,136.715032,137.527575,136.356011,137.423645,43102400
2017-10-02,137.631508,138.103917,136.932338,137.546478,27351300
2017-10-03,137.726028,138.000018,137.423679,137.839401,19715200
2017-10-04,137.574858,138.264571,137.442584,137.971680,26381100
2017-10-05,138.472395,139.398311,138.330678,139.322739,31562400
2017-10-06,138.850365,139.511734,138.850365,139.511734,23561100
2017-10-09,139.691224,139.842384,139.171572,139.351089,13704800
2017-10-10,139.823511,139.965227,138.840892,139.455032,19223100
2017-10-11,139.388876,139.899085,139.209358,139.870728,12439100
2017-10-12,139.662875,140.163627,139.473900,139.615631,14513500
2017-10-13,140.182503,140.314777,139.625064,140.154160,18409900
2017-10-16,140.503804,140.673864,140.201456,140.636078,21809400
2017-10-17,140.588805,140.834452,140.371501,140.815552,13138200
2017-10-18,140.957284,140.976184,140.437632,140.645493,17218200
2017-10-19,139.823520,140.144755,139.143251,140.125854,27680300
2017-10-20,140.692699,140.815515,140.333664,140.503738,30173300
2017-10-23,140.796630,140.806073,139.388847,139.587265,29297100
2017-10-24,139.861318,140.116423,139.303880,139.823532,20289500
2017-10-25,139.549508,140.003016,138.255113,139.294403,36179100
2017-10-26,139.209408,139.559001,138.812587,138.850388,28230200
2017-10-27,141.184034,143.158713,140.966730,142.894165,60165100
2017-10-30,142.790228,143.791732,142.657954,143.215393,31733400
2017-10-31,143.678349,143.961782,143.262627,143.753922,26319300
2017-11-01,144.330325,144.396469,143.139860,143.706757,29481600
2017-11-02,143.546097,143.602799,142.450120,143.432724,31017400
2017-11-03,143.952332,144.831004,143.461023,144.812119,26199200
2017-11-06,144.698754,145.360137,144.651524,145.303436,28693900
2017-11-07,145.190086,145.577465,144.878295,145.388504,21333100
2017-11-08,145.312904,146.012060,145.142830,145.974274,17373500
2017-11-09,144.774301,145.284510,143.716111,145.208923,40594500
2017-11-10,144.868862,145.312927,144.613757,145.199539,20150800
2017-11-13,144.651484,145.567957,144.651484,145.378983,12522400
2017-11-14,144.868861,145.029478,144.150805,144.849960,25173800
2017-11-15,144.226288,144.556980,143.404302,144.169601,24808000
2017-11-16,144.897162,146.342731,144.868818,146.012039,34790600
2017-11-17,146.049891,146.153821,145.312934,145.454651,28725800
2017-11-20,145.558567,145.690841,145.133402,145.341263,21143900
2017-11-21,146.030982,146.985257,145.964853,146.919113,20147800
2017-11-22,147.051328,147.240289,146.767880,147.098572,17299000
2017-11-24,147.249767,147.684374,147.164722,147.637131,8280600
2017-11-27,147.589900,147.920577,147.230864,147.570999,22653400
2017-11-28,147.901639,148.043371,147.107997,147.948883,25227300
2017-11-29,147.778854,147.816641,144.670398,145.369568,71986300
2017-11-30,145.983742,146.871873,145.643607,146.588425,56595500
2017-12-01,145.690823,146.673441,143.857876,145.964828,59015800
2017-12-04,146.881251,147.041869,144.141274,144.283005,51319100
2017-12-05,144.254717,146.021536,143.706736,144.377548,40604200
2017-12-06,143.838985,145.256211,143.668910,145.029449,28647800
2017-12-07,145.020046,145.936520,144.868871,145.520798,32666200
2017-12-08,146.588419,146.947454,145.936507,146.163254,28081700
2017-12-11,146.229379,147.344256,146.219921,147.297012,20821500
2017-12-12,147.230846,147.533180,146.786780,147.098572,20310300
2017-12-13,147.693795,147.854412,147.164686,147.382004,24418500
2017-12-14,147.637189,148.015124,147.117550,147.278168,24594700
2017-12-15,147.854447,149.111056,147.608786,148.950424,49816200
2017-12-18,149.934164,150.322352,149.659600,150.199265,26844500
2017-12-19,149.915273,150.066764,148.892735,149.309326,31415000
2017-12-20,149.830023,149.858426,148.561324,149.148331,38972600
2017-12-21,149.356638,149.830035,148.996852,149.167282,18638700
2017-12-22,148.940021,149.053631,148.599175,148.996826,23330400
2017-12-26,148.163690,148.381449,147.652414,148.192093,21918700
2017-12-27,148.201505,148.608634,148.068955,148.210968,22388200
2017-12-28,148.684388,148.712805,148.210991,148.390884,25393800
2017-12-29,148.523445,148.551847,147.415698,147.472504,33186000
2018-01-02,148.229948,150.095132,147.860699,150.057266,32573300
2018-01-03,150.199293,151.647886,150.170890,151.515335,29383600
2018-01-04,152.036034,152.234852,151.562637,151.780396,24776100
2018-01-05,152.499983,153.408896,152.215942,153.304749,26992300
2018-01-08,153.304730,153.976960,153.247925,153.901215,23159100
2018-01-09,154.204179,154.365132,153.446756,153.910675,24782400
2018-01-10,153.228997,153.579320,152.547305,153.550903,34004000
2018-01-11,153.815951,154.611253,153.579253,154.601776,20473500
2018-01-12,154.469308,155.898975,154.270489,155.738022,37762700
2018-01-16,156.770010,157.565312,154.829081,155.293015,41231800
2018-01-17,156.031526,157.205540,155.274088,156.968842,33849900
2018-01-18,156.722675,157.357025,156.353427,156.997253,26432200
2018-01-19,157.461160,157.745201,156.732126,157.489563,38937600
2018-01-22,157.432815,159.174911,157.252922,159.174911,26081400
2018-01-23,159.667246,160.632979,159.591501,160.490952,37989700
2018-01-24,160.831742,161.182066,158.531042,159.449432,54287400
2018-01-25,160.547697,160.604503,158.881332,159.392609,28925000
2018-01-26,160.282602,161.854282,159.970173,161.835342,32038200
2018-01-29,161.494524,161.816430,160.708684,161.049530,37277800
2018-01-30,159.581955,160.405661,158.890801,159.723969,44987700
2018-01-31,160.623463,160.945384,159.383166,160.386765,42449200
2018-02-01,159.155973,160.699236,158.512146,159.023422,38037900
2018-02-02,158.398484,158.777195,155.719058,155.851608,68478100
2018-02-05,154.393562,156.930961,149.593314,149.706924,105372200
2018-02-06,147.519870,153.863382,146.847655,153.674026,118537900
2018-02-07,153.181604,154.847969,151.676207,151.685684,91028300
2018-02-08,152.073921,152.244352,145.285416,145.285416,94184800
2018-02-09,147.339947,148.873762,142.142062,147.794418,113836600
2018-02-12,149.309292,151.439576,148.135277,150.417038,63050600
2018-02-13,149.555502,151.496417,149.328267,151.193451,31785600
2018-02-14,150.303417,154.261006,149.593322,154.024307,52107400
2018-02-15,155.406611,156.883606,153.797066,156.883606,51633900
2018-02-16,156.372339,157.887199,155.917868,156.182983,62256300
2018-02-20,155.633882,157.811495,155.567600,156.495453,36785600
2018-02-21,157.262355,158.796155,155.955776,156.050461,41161800
2018-02-22,156.732142,157.565325,155.633873,156.031525,37074400
2018-02-23,157.290747,159.222198,156.646920,159.222198,50096900
2018-02-26,159.970157,161.333527,159.837606,161.333527,39266700
2018-02-27,161.380892,161.645993,159.260085,159.335815,42209900
2018-02-28,160.244745,160.765484,158.209146,158.313293,42936300
2018-03-01,158.398463,159.127498,154.327251,155.728500,76809900
2018-03-02,153.853905,157.432782,153.342643,157.158218,57445100
2018-03-05,156.419721,159.307428,155.832699,158.900314,38540200
2018-03-06,159.676673,160.112204,158.568927,159.572525,29480900
2018-03-07,158.351152,160.074322,158.076588,159.941757,34609400
2018-03-08,160.604523,160.935891,159.960696,160.822281,25828400
2018-03-09,161.967907,163.946701,161.731209,163.946701,38310500
2018-03-12,164.429591,165.196491,164.060342,164.817780,37635000
2018-03-13,165.196475,165.887644,162.157276,162.573868,55638900
2018-03-14,163.425966,163.549054,161.835346,162.545441,40536400
2018-03-15,162.659065,163.350220,161.806943,162.403427,28810400
2018-03-16,162.678031,163.037802,161.844848,161.920593,31176700
2018-03-19,160.362494,160.476289,157.081268,158.465836,71395100
2018-03-20,158.532157,159.357198,158.001095,158.987350,34075700
2018-03-21,158.570144,160.040043,157.602844,158.295120,43863500
2018-03-22,156.104474,157.204539,154.188845,154.388000,66607300
2018-03-23,154.207812,154.862161,150.243788,150.319656,80110400
2018-03-26,153.363819,156.095012,150.936098,155.905334,57481500
2018-03-27,157.062281,157.062281,149.532545,150.860214,78889100
2018-03-28,149.997294,151.524105,147.977347,149.124832,89369700
2018-03-29,149.930850,153.354319,148.536805,151.855957,68692600
2018-04-02,150.774851,151.486098,145.928889,147.474655,85549400
2018-04-03,148.764369,149.760117,146.459936,149.134216,64090000
2018-04-04,146.251318,151.950771,146.080612,151.486099,65768700
2018-04-05,152.993916,153.230998,151.239502,152.349045,43054900
2018-04-06,150.670498,152.168860,147.825512,148.536758,59870900
2018-04-09,149.817008,152.567170,149.323887,149.579926,41810400
2018-04-10,151.931813,153.373263,150.850718,152.880142,48296800
2018-04-11,151.922301,153.629296,151.827477,151.998169,41622100
2018-04-12,152.918134,154.359599,152.832788,153.828537,30467900
2018-04-13,154.596597,154.824186,152.368018,153.031845,44604900
2018-04-16,154.103556,154.757906,153.136256,154.198395,28180800
2018-04-17,155.753594,157.858886,155.440643,157.517487,35536100
2018-04-18,157.517415,158.370906,156.768228,157.839844,29573900
2018-04-19,157.043342,157.413190,155.848438,156.388992,34705700
2018-04-20,155.990708,156.104503,153.373309,153.913864,49197100
2018-04-23,154.663001,155.269931,152.699967,153.525009,33040600
2018-04-24,154.255227,154.492309,149.257528,150.272247,70256800
2018-04-25,150.537784,151.078324,148.385072,150.452423,52089300
2018-04-26,152.396505,154.131949,151.903370,153.619858,43005500
2018-04-27,155.876819,155.914760,152.842169,153.714630,51043400
2018-04-30,154.075027,155.032834,152.244744,152.624084,35615300
2018-05-01,152.225785,154.387974,151.865415,154.369003,36513500
2018-05-02,154.634537,155.118194,153.278433,153.458618,38646800
2018-05-03,152.681016,154.008671,150.992991,153.439682,60337100
2018-05-04,152.775808,156.711368,152.661999,156.350998,41543200
2018-05-07,157.081250,158.162345,156.957963,157.650253,32500200
2018-05-08,157.318307,157.830398,156.341529,157.489014,26040200
2018-05-09,157.773564,159.319346,157.214054,159.205551,29122700
2018-05-10,159.717538,160.969339,159.594251,160.855530,27067600
2018-05-11,160.665901,161.083168,160.002073,160.703842,24688800
2018-05-14,161.073721,161.993601,160.713351,160.978882,21821700
2018-05-15,159.708120,159.793466,158.352002,159.196014,49361600
2018-05-16,159.404645,160.618505,159.328777,160.248657,22941200
2018-05-17,159.689130,160.846093,158.854596,159.632233,27480200
2018-05-18,159.015840,159.565872,158.570138,158.807220,26217900
2018-05-21,160.040007,160.741776,159.015810,159.698608,22954600
2018-05-22,160.428811,160.694342,159.205473,159.489960,19477700
2018-05-23,158.276094,160.855550,158.257138,160.836594,26557800
2018-05-24,160.789200,161.073701,159.167551,160.789200,27696500
2018-05-25,160.770255,161.528921,160.466797,160.950439,27460500
2018-05-29,160.220165,161.140045,159.281329,160.239136,41220500
2018-05-30,160.817593,161.671083,160.476194,161.386581,22665800
2018-05-31,161.386636,162.353935,160.865066,161.282333,35670900
2018-06-01,162.088426,163.909216,162.041007,163.814392,45543300
2018-06-04,164.231624,165.331689,164.127321,165.293762,20459600
2018-06-05,165.682574,166.080871,165.075644,165.805847,24779300
2018-06-06,165.976555,166.801596,165.142020,166.773148,25036600
2018-06-07,166.801605,166.839532,164.582518,165.417038,39600300
2018-06-08,164.639384,165.843765,164.231595,165.426498,31780300
2018-06-11,165.303220,166.279997,165.274771,165.872223,22319700
2018-06-12,166.099849,166.905935,165.919679,166.744720,22511800
2018-06-13,167.000776,167.987032,166.365382,166.735245,37858600
2018-06-14,167.503398,168.698288,167.380111,168.423279,35916000
2018-06-15,167.787816,168.167156,167.010194,167.835236,49615700
2018-06-18,166.778500,167.880906,166.255800,167.738358,31633200
2018-06-19,165.619067,167.301192,165.086868,167.263184,38236000
2018-06-20,168.032951,169.144869,167.880890,168.451111,33038000
2018-06-21,168.878815,169.049887,166.664477,166.987610,43469400
2018-06-22,167.548276,167.614793,166.018197,166.616928,30073200
2018-06-25,165.105854,165.352957,161.380449,162.863007,77799700
2018-06-26,163.461727,164.469105,162.862996,163.528259,39008100
2018-06-27,164.222006,164.963285,161.190359,161.304398,52843500
2018-06-28,161.104843,163.243150,160.772211,162.691940,46407700
2018-06-29,163.471219,164.336049,162.891500,163.129089,36408500
2018-07-02,161.599061,164.269582,161.247432,164.222061,31770000
2018-07-03,164.839703,164.839703,162.159699,162.321259,25512700
2018-07-05,163.376217,164.469125,162.539897,164.336075,31626200
2018-07-06,164.716187,167.016053,164.412065,166.892502,37005600
2018-07-09,167.757365,168.432112,167.092117,168.394104,27362100
2018-07-10,168.707739,168.897807,167.937950,168.517670,23902500
2018-07-11,167.196611,168.280034,167.073075,167.662292,30280600
2018-07-12,168.403571,170.551392,168.289533,170.551392,27930100
2018-07-13,170.541909,170.969567,170.066729,170.693970,28049800
2018-07-16,170.731979,171.017089,170.000213,170.285309,21405300
2018-07-17,168.479634,171.682339,168.479634,171.321213,31034100
2018-07-18,171.340177,171.482739,170.475361,170.998047,23220800
2018-07-19,170.380351,170.950572,169.943194,170.142761,31094100
2018-07-20,170.655931,171.226137,169.914638,170.104721,35897300
2018-07-23,169.601068,170.722484,168.916808,170.646454,22184700
2018-07-24,172.404600,173.012829,170.646430,171.349701,36900300
2018-07-25,171.425736,173.849139,171.340192,173.744614,35026600
2018-07-26,171.387673,171.938883,170.883985,171.112076,40873500
2018-07-27,172.195554,172.309592,167.833409,168.802765,59456100
2018-07-30,168.812252,168.907279,165.619045,166.417343,60193000
2018-07-31,167.073129,168.337109,166.141781,167.690857,47285100
2018-08-01,168.080472,168.831249,167.358205,168.327560,37101900
2018-08-02,167.139648,170.817547,167.063617,170.617966,47178200
2018-08-03,170.941059,171.150139,170.190281,171.140640,28934400
2018-08-06,171.026533,172.195470,170.817453,172.147949,24808800
2018-08-07,172.632721,173.098402,172.262082,172.775284,29895700
2018-08-08,172.537675,173.297965,172.071993,172.984344,22680700
2018-08-09,172.879776,173.564036,172.623175,172.879776,18852900
2018-08-10,171.710884,172.224086,170.912586,171.558838,33818500
2018-08-13,171.872433,172.974838,171.292713,171.368744,26089200
2018-08-14,172.024482,172.642224,171.102633,172.442642,20913000
2018-08-15,171.074104,171.615815,169.277926,170.332825,58528000
2018-08-16,171.644301,172.005442,170.560893,170.893524,27711800
2018-08-17,170.446856,171.359192,169.420467,170.931534,36092600
2018-08-20,171.311648,171.378180,170.114201,170.779449,24939000
2018-08-21,171.292700,172.433128,171.188160,171.406738,26258700
2018-08-22,171.045602,172.271573,170.827023,172.071991,18042400
2018-08-23,171.767871,173.012839,171.539780,171.824890,25776200
2018-08-24,172.395104,173.564056,172.357096,173.421494,23136100
2018-08-27,174.295823,175.189163,174.020226,175.189163,29343600
2018-08-28,175.654850,175.835421,175.075131,175.445770,20277000
2018-08-29,175.749870,177.565059,175.683352,177.470032,29175600
2018-08-30,177.127893,178.211302,176.567170,177.156403,29315500
2018-08-31,176.937836,177.888195,176.747767,177.384506,28653200
2018-09-04,176.842800,177.146908,175.673863,176.624222,29063500
2018-09-05,176.310588,176.339098,173.744622,174.343338,42623300
2018-09-06,174.419378,174.628458,171.615822,172.784760,46091400
2018-09-07,171.539772,173.602049,171.482753,172.119492,46629500
2018-09-10,173.107851,173.202892,171.758343,172.699203,26132000
2018-09-11,172.005469,174.314835,171.558800,174.029724,30116500
2018-09-12,173.773157,173.896694,172.024485,173.516556,36204000
2018-09-13,174.599962,175.702382,174.523932,175.369751,31133200
2018-09-14,175.493291,175.768889,174.162780,174.856552,31224100
2018-09-17,174.561895,174.685446,172.176499,172.338058,33071200
2018-09-18,172.480590,174.609384,172.395046,173.763565,31877300
2018-09-19,173.792098,174.200760,172.499610,173.630539,31843400
2018-09-20,174.828025,175.787883,174.409865,175.550293,33295800
2018-09-21,176.025476,176.272564,174.371846,174.590439,38605400
2018-09-24,173.324185,175.142641,172.610133,175.075989,34945600
2018-09-25,174.999811,175.447284,174.400003,175.313995,25277500
2018-09-26,175.466381,177.075381,175.095075,175.437820,36210600
2018-09-27,176.151800,177.551343,176.056587,176.922974,33113300
2018-09-28,176.427929,177.351437,176.104229,176.884918,28076800
2018-10-01,177.913150,178.541519,176.799230,177.246704,27371300
2018-10-02,177.094365,178.208284,176.437450,176.846832,25618600
2018-10-03,177.589479,178.008392,176.761184,177.037277,29128700
2018-10-04,176.323225,176.437483,172.381659,173.638397,80557300
2018-10-05,173.619354,174.200116,169.877714,171.515274,83325600
2018-10-08,170.915445,171.981758,168.449575,170.467972,66864500
2018-10-09,170.591714,172.343532,170.182332,171.020157,49097900
2018-10-10,169.953868,170.058597,163.279868,163.498840,114471100
2018-10-11,162.822853,165.088768,159.766705,161.470917,143084500
2018-10-12,165.821903,166.478833,162.737193,165.964722,102078400
2018-10-15,165.383929,165.698099,163.336972,163.955826,64885300
2018-10-16,165.679059,169.135060,165.374390,168.725677,71979700
2018-10-17,169.544501,169.715867,167.059600,168.792358,66987600
2018-10-18,168.154423,168.211544,164.174781,164.879303,82486200
2018-10-19,166.212231,167.630819,164.127197,164.727005,82923700
2018-10-22,165.717115,166.850079,164.317572,165.574310,52909300
2018-10-23,162.461095,165.783822,160.728337,164.965042,77567000
2018-10-24,164.774605,165.050698,157.129476,157.415100,102997400
2018-10-25,159.861950,163.832077,159.147898,162.860962,83481100
2018-10-26,157.281817,161.813676,156.358309,158.671844,130970900
2018-10-29,161.099634,161.718473,152.416753,155.406250,111871900
2018-10-30,154.949228,158.081529,154.244692,157.967285,92584000
2018-10-31,160.537910,163.041857,160.461743,161.680405,73828600
2018-11-01,161.918395,163.984384,160.690218,163.813004,52706800
2018-11-02,163.308448,164.279563,160.157101,161.261505,75966800
2018-11-05,161.470926,161.528048,159.071708,160.861603,39573500
2018-11-06,160.871099,162.984693,160.633082,162.080231,34410400
2018-11-07,164.022446,167.164276,163.632094,167.164276,51169600
2018-11-08,166.383616,166.897742,165.307788,166.098007,40296500
2018-11-09,164.546097,164.945965,162.004075,163.298889,50602700
2018-11-12,162.156458,162.461113,158.214877,158.357697,62578400
2018-11-13,159.100260,161.356659,158.043463,158.490936,64128100
2018-11-14,160.061886,160.614088,156.377382,157.281845,75270700
2018-11-15,156.996192,160.461723,155.625225,160.033295,73254300
2018-11-16,158.471882,160.242731,157.833998,159.471558,65390700
2018-11-19,158.709960,158.900371,153.797278,154.292358,67280500
2018-11-20,150.779168,153.644905,149.598612,151.531311,102652800
2018-11-21,153.616357,154.206635,151.597961,152.683319,42965800
2018-11-23,151.464645,153.130766,151.464645,151.578903,23503700
2018-11-26,153.702038,155.158702,153.054623,155.082535,42012600
2018-11-27,154.235204,155.996538,153.454500,155.606186,36608100
2018-11-28,156.729601,160.614044,155.634727,160.614044,70141000
2018-11-29,159.938134,161.147252,158.824215,160.090454,44885700
2018-11-30,160.309414,161.347166,159.509665,161.251953,36722800
2018-12-03,164.812666,165.003077,161.385212,164.070053,50771700
2018-12-04,163.213192,163.670196,157.586475,157.776886,70594700
2018-12-06,154.596997,158.909869,154.016234,158.890823,71715500
2018-12-07,158.195817,159.109796,153.149848,153.644928,80432200
2018-12-10,153.359299,155.929882,151.769345,155.253922,73960800
2018-12-11,157.786418,157.824509,154.454176,155.768036,59058300
2018-12-12,158.043470,159.566787,157.053325,157.139008,53780000
2018-12-13,158.167260,158.824190,156.167909,157.186630,46378500
2018-12-14,155.387211,155.958443,152.997508,153.359299,56547400
2018-12-17,152.702394,153.921041,148.684660,149.884262,74834100
2018-12-18,151.045754,152.283447,149.512922,150.826782,63642100
2018-12-19,150.598292,153.016556,145.990281,147.123245,81856500
2018-12-20,146.761434,148.398994,143.181660,144.990585,99002100
2018-12-21,145.714176,146.704321,139.687577,140.496841,141129400
2018-12-24,139.476170,141.290271,136.974617,137.012802,56163300
2018-12-26,138.521357,145.644104,137.576107,145.567734,98982100
2018-12-27,143.572265,146.255232,140.431002,146.131119,85824300
2018-12-28,147.181321,148.556225,144.861181,146.054672,77856600
2018-12-31,147.486936,147.973875,145.806505,147.286423,53015300
2019-01-02,144.164198,148.709007,144.059170,147.878342,58576700
2019-01-03,145.701443,146.331595,142.732036,143.047119,74820200
2019-01-04,145.453198,149.902538,144.880331,149.167343,74709300
2019-01-07,149.539675,151.678417,149.052736,150.943222,52059300
2019-01-08,152.327679,152.871918,150.093467,152.308594,49388700
2019-01-09,152.900553,154.218172,152.260844,153.549820,46491700
2019-01-10,152.384984,154.074957,151.525661,153.989029,38943400
2019-01-11,153.081994,153.588033,152.566398,153.425720,30176600
2019-01-14,152.127140,152.728664,151.420588,152.069855,30710200
2019-01-15,152.766894,155.249362,152.680967,155.039307,40874200
2019-01-16,155.297077,156.375998,154.953351,155.010651,33812200
2019-01-17,154.514112,156.929737,154.265872,156.232742,39329000
2019-01-18,157.330772,158.514720,156.414179,157.779526,57183200
2019-01-22,156.643343,156.719728,153.492523,154.619186,56711700
2019-01-23,155.411714,156.118252,153.072474,154.819733,38106100
2019-01-24,155.325739,156.051391,154.733772,155.822235,32417800
2019-01-25,157.073000,158.161463,156.538318,157.684067,36515900
2019-01-28,155.650385,155.745856,154.437794,155.736313,33491200
2019-01-29,155.822264,155.860464,153.712179,154.265961,30784200
2019-01-30,156.013167,158.762976,155.526228,158.190094,41346500
2019-01-31,159.163964,161.350448,158.944366,160.557968,37258400
2019-02-01,159.765511,160.978102,159.440885,159.880081,32143700
2019-02-04,159.908760,161.866089,159.765547,161.866089,26718800
2019-02-05,162.085642,163.489189,162.018814,163.298233,28156400
2019-02-06,163.336418,163.622844,162.076085,162.811279,27970000
2019-02-07,161.388624,161.789635,159.402653,160.624786,42036200
2019-02-08,159.221220,160.968492,159.039822,160.939850,29020700
2019-02-11,161.522289,161.913757,160.386083,160.787094,21434100
2019-02-12,161.961562,163.403295,161.675122,163.164597,29722100
2019-02-13,163.890196,164.377150,163.097731,163.279129,26094100
2019-02-14,162.696708,164.062069,162.152483,163.479645,30326800
2019-02-15,164.720896,164.759081,163.403277,164.167114,32521700
2019-02-19,163.661065,164.988226,163.632422,164.491730,19487700
2019-02-20,164.606348,165.255615,163.575184,164.463135,32593000
2019-02-21,164.023901,164.472655,162.992737,163.861588,25207400
2019-02-22,164.214850,165.188728,164.128907,165.074158,27735400
2019-02-25,166.334469,166.764122,165.561074,165.675659,32608800
2019-02-26,165.274667,166.372673,164.997769,165.847534,21939700
2019-02-27,165.083668,165.942990,163.995205,165.742477,25162000
2019-02-28,165.226956,165.952593,164.892772,165.360626,25085500
2019-03-01,166.554105,166.754604,165.351057,166.506363,31431200
2019-03-04,167.604337,167.843035,164.673130,166.534973,38063500
2019-03-05,166.659103,167.174685,165.837981,166.659103,22319900
2019-03-06,166.821446,166.850089,165.446542,165.713882,27194600
2019-03-07,165.293763,165.351048,163.069094,163.680161,39407400
2019-03-08,161.846940,163.517828,161.684627,163.431900,39303200
2019-03-11,164.109842,166.945579,164.081199,166.830994,30518400
2019-03-12,167.270177,168.177228,166.869166,167.747574,33953500
2019-03-13,168.616420,169.886281,168.377721,169.007874,42426100
2019-03-14,169.122493,169.322991,168.673739,168.721481,23751500
2019-03-15,169.380288,170.793393,169.265718,170.287354,38192000
2019-03-18,170.214682,171.209482,169.870330,170.692947,32935100
2019-03-19,171.391154,172.175516,170.539843,171.266815,36893300
2019-03-20,171.276400,172.998158,170.492052,171.945969,50105000
2019-03-21,171.429481,174.882558,171.410346,174.633865,42428500
2019-03-22,173.878125,174.346831,170.616353,170.798096,70794500
2019-03-25,170.176378,171.065945,169.238968,170.472900,46336500
2019-03-26,171.792910,172.835525,170.396369,171.266815,33248100
2019-03-27,171.525111,171.907717,168.923346,170.166824,37096700
2019-03-28,170.606835,171.199880,169.535525,170.559006,30368200
2019-03-29,171.879006,172.012920,170.826816,171.850311,35205500
2019-04-01,173.619901,174.337300,172.912078,174.126862,30969500
2019-04-02,174.318159,174.959033,173.878149,174.786850,22645200
2019-04-03,175.772064,176.881643,175.245984,175.791199,31633500
2019-04-04,175.839022,176.479896,174.710308,175.724243,28530800
2019-04-05,176.231193,176.738154,176.020756,176.632935,25674700
2019-04-08,176.345987,177.225993,175.647724,177.082520,22697500
2019-04-09,176.479904,177.063389,176.087723,176.460770,25631900
2019-04-10,176.690347,177.465135,176.499044,177.407745,24563000
2019-04-11,177.704275,177.704275,176.661661,176.986877,20654100
2019-04-12,177.771256,177.866900,177.015588,177.752121,24989100
2019-04-15,177.761642,177.981655,176.594674,177.780777,21073000
2019-04-16,178.431245,178.785171,177.847761,178.392990,27195700
2019-04-17,179.588618,179.760787,178.488614,179.014694,29651600
2019-04-18,179.311273,179.626915,178.192119,179.244308,28580900
2019-04-22,178.459928,179.818200,178.326000,179.751236,17936000
2019-04-23,180.210331,182.257306,179.952078,182.037308,33665600
2019-04-24,182.190413,182.419986,181.406051,181.463455,24977100
2019-04-25,182.821766,182.907850,181.214786,182.200012,29517500
2019-04-26,181.912978,182.400818,180.392098,182.362549,26359500
2019-04-29,182.362565,183.003454,182.066043,182.716492,21716200
2019-04-30,181.243392,181.597318,180.028609,181.300781,31495300
2019-05-01,182.486949,183.003484,180.593022,180.717361,34797100
2019-05-02,180.659926,181.597337,178.746865,179.932968,44110100
2019-05-03,181.425190,182.936511,181.099973,182.802597,30386200
2019-05-06,178.919068,181.932134,178.641666,181.683441,38371800
2019-05-07,179.703453,180.468681,176.489509,178.144318,58818100
2019-05-08,177.560788,179.033839,176.919915,177.694702,37165300
2019-05-09,175.714725,177.350399,174.174710,176.738220,55351700
2019-05-10,176.106834,177.809457,173.160718,176.958145,58526400
2019-05-13,172.452905,173.380741,170.319845,170.817245,67185800
2019-05-14,171.716396,173.734677,171.085083,172.692047,43360600
2019-05-15,171.553765,175.571190,171.515495,175.131180,40944500
2019-05-16,175.207716,177.981664,174.997278,176.891205,39281200
2019-05-17,175.140748,177.512939,174.930310,175.083344,44702300
2019-05-20,172.644251,173.304245,171.544232,172.127716,38608300
2019-05-21,173.610292,174.404214,173.055503,173.925949,31613800
2019-05-22,172.959896,174.155560,172.892932,173.151199,24332600
2019-05-23,171.161611,171.238135,169.439852,170.501602,45351300
2019-05-24,171.419888,172.032067,170.205089,170.415527,25903300
2019-05-28,170.893782,171.850313,169.755508,169.774643,24763800
2019-05-29,168.722419,169.305903,167.478926,168.378067,42178800
2019-05-30,168.827670,169.564203,168.129407,169.085938,30354800
2019-05-31,167.096357,167.670267,166.311995,166.388519,45446200
2019-06-03,165.938950,166.388521,161.911964,162.725006,75842300
2019-06-04,164.551965,167.364167,163.920651,167.306778,47797800
2019-06-05,168.904159,168.932854,166.799795,168.550247,34412700
2019-06-06,168.837230,170.300721,168.091137,169.889420,29913200
2019-06-07,170.798111,173.868581,170.578113,173.170303,45888300
2019-06-10,174.327696,176.814682,174.289442,175.188568,41385300
2019-06-11,177.015625,177.340842,174.834736,175.427780,41260300
2019-06-12,174.949427,175.312914,174.088556,174.413773,27758100
2019-06-13,175.140802,175.877320,174.796450,175.446884,23715800
2019-06-14,174.547696,175.150315,174.031176,174.700745,22844100
2019-06-17,175.083392,176.240801,174.892089,175.752975,20379500
2019-06-18,177.828589,179.559907,177.369444,178.306854,48177300
2019-06-19,178.546035,179.378212,177.503420,178.976471,31672900
2019-06-20,181.473046,181.511301,179.024330,180.640869,40922000
2019-06-21,180.430375,181.520820,179.990365,180.372986,39980400
2019-06-24,180.733433,180.915578,180.282868,180.378738,19375200
2019-06-25,180.254094,180.359546,177.013868,177.282288,33921100
2019-06-26,178.461459,179.583073,177.819169,178.106750,22595700
2019-06-27,178.749060,179.209206,178.298495,178.787399,19709200
2019-06-28,179.218733,179.410459,178.375135,179.017426,21179200
2019-07-01,182.449435,182.689096,180.589660,181.433258,31025600
2019-07-02,181.375721,182.171399,180.858059,182.152222,18035800
2019-07-03,182.612391,183.523102,182.420651,183.523102,15792100
2019-07-05,182.267264,183.484733,181.557861,183.149216,21415600
2019-07-08,181.960495,182.018011,181.116882,181.864639,17598800
2019-07-09,181.001860,183.005426,180.848473,182.775360,19193500
2019-07-10,183.887398,185.104867,183.551866,184.596786,28374500
2019-07-11,184.874780,185.344507,183.877781,184.462555,23736100
2019-07-12,184.663912,185.536269,184.491349,185.526688,20211900
2019-07-15,185.958065,186.159387,185.440403,186.121033,15606100
2019-07-16,185.890964,186.063513,184.596787,185.162384,20190900
2019-07-17,185.162328,185.488278,184.232440,184.251617,16765100
2019-07-18,183.379281,184.817249,182.804102,184.462555,28877000
2019-07-19,185.728045,185.814320,182.919205,183.110931,29387900
2019-07-22,183.523104,184.961072,183.523104,184.568024,18954900
2019-07-23,185.574602,185.795086,184.337941,185.775909,23786700
2019-07-24,185.066534,187.089277,185.047357,187.079681,20422900
2019-07-25,186.446989,186.475747,184.951489,185.306198,23434700
2019-07-26,186.485287,187.463109,186.389416,187.213852,20431200
2019-07-29,187.041305,187.108403,185.392434,186.571564,20451700
2019-07-30,185.143198,186.494877,185.008988,185.766312,18705000
2019-07-31,186.264790,186.389404,181.490741,183.197128,41627500
2019-08-01,183.513518,186.916713,181.404501,182.286453,63251600
2019-08-02,180.915620,181.174458,178.509424,179.602280,55214000
2019-08-05,175.844321,175.921015,171.789255,173.255981,75040000
2019-08-06,174.856930,176.199043,173.581945,175.681366,41897200
2019-08-07,173.773688,176.879690,172.450752,176.630447,49990600
2019-08-08,177.426123,180.532140,176.937220,180.474609,38418100
2019-08-09,179.611818,180.225351,177.378173,178.777802,33608900
2019-08-12,177.675353,178.212192,175.911449,176.726303,24642900
2019-08-13,176.572920,181.835874,176.409952,180.599228,40241900
2019-08-14,177.694557,178.260154,174.876136,175.202072,51000500
2019-08-15,175.432181,175.997779,173.668276,175.000793,36685000
2019-08-16,176.592116,178.260150,176.486665,177.809586,32781400
2019-08-19,180.378780,181.021071,179.746070,180.637604,22494100
2019-08-20,180.186979,180.838851,179.189980,179.237915,19902900
2019-08-21,180.810153,181.404509,180.187040,180.829330,20418500
2019-08-22,181.164829,181.624989,178.825731,180.244537,24243700
2019-08-23,179.017461,180.656737,174.051670,174.540588,55372400
2019-08-26,176.524978,177.224785,175.508816,177.176865,27598900
2019-08-27,178.413511,178.710688,176.112767,176.802979,28012800
2019-08-28,176.227766,177.732831,175.345814,177.435654,21792400
2019-08-29,179.640601,180.666358,178.959956,180.148682,25358900
2019-08-30,181.116884,181.155238,178.701108,179.717270,26319800
2019-09-03,178.518984,179.439276,177.378194,177.972549,27964200
2019-09-04,179.688478,180.695059,179.170801,180.541672,21592100
2019-09-05,182.535705,184.376303,182.468593,183.849045,33932600
2019-09-06,184.155835,184.222932,183.264286,183.666916,19487800
2019-09-09,184.242108,184.318802,182.353575,183.283463,24407600
2019-09-10,182.296019,182.852035,181.097712,182.756165,23744700
2019-09-11,183.101297,184.568023,182.679490,184.472153,25063600
2019-09-12,185.603334,186.657850,184.989802,185.239044,28689900
2019-09-13,184.970670,185.402057,184.337960,184.577621,27669800
2019-09-16,183.388853,184.136595,183.206708,183.753128,20319000
2019-09-17,183.772357,184.635147,183.379309,184.635147,20953400
2019-09-18,184.251652,184.635119,182.248087,184.558426,29781300
2019-09-19,184.884396,186.015591,184.510525,184.865219,26039400
2019-09-20,185.124045,185.315772,182.296044,182.909576,29086100
2019-09-23,182.855739,183.537756,182.240969,182.990219,22485900
2019-09-24,183.825975,184.229417,179.772331,180.560013,40820700
2019-09-25,180.377458,183.067081,178.869357,182.586792,34704900
2019-09-26,182.346656,182.509952,180.569579,181.914398,26826000
2019-09-27,182.250588,182.346651,178.427489,179.657028,40773500
2019-09-30,180.387088,181.655059,180.012463,181.366882,26307700
2019-10-01,182.029644,183.076671,179.589781,179.887558,32367600
2019-10-02,178.667635,178.696452,175.805115,176.794510,48544300
2019-10-03,176.775335,178.869405,174.652464,178.734924,39392500
2019-10-04,179.705085,181.626243,179.512972,181.366882,31887600
2019-10-07,180.848152,182.260204,180.502343,180.819336,21216000
2019-10-08,179.685868,180.454334,177.966438,178.110519,32379300
2019-10-09,179.618592,180.665619,179.080655,179.849121,20147400
2019-10-10,179.897170,181.962408,179.743474,181.241974,25177700
2019-10-11,183.307272,185.036317,183.201608,183.576233,40976700
2019-10-14,183.316832,184.142930,183.134319,183.556976,14975000
2019-10-15,184.123744,186.323478,184.008479,185.891220,23234200
2019-10-16,185.257202,185.900788,184.844146,185.430099,20457100
2019-10-17,186.544353,186.832530,185.209150,185.919983,19045200
2019-10-18,185.583815,186.035288,183.191983,184.133347,27700800
2019-10-21,185.113125,185.891192,184.565588,185.766312,15801200
2019-10-22,186.496337,186.755697,184.229371,184.287018,22392300
2019-10-23,183.912391,184.680842,183.614599,184.642426,14828400
2019-10-24,185.958386,186.553954,185.141903,186.438675,18998500
2019-10-25,185.478179,188.023722,185.439762,187.927658,21507100
2019-10-28,188.801791,190.031331,188.801791,189.781586,18818700
2019-10-29,189.464519,189.752681,188.282997,188.311813,18569700
2019-10-30,188.676859,189.541388,187.591400,189.224396,21764300
2019-10-31,189.771941,189.858390,188.215808,189.310867,26801800
2019-11-01,190.127342,191.039904,189.839180,191.030289,22131900
2019-11-04,192.298256,192.624849,191.030285,192.211807,19015900
2019-11-05,192.451955,192.644068,191.683489,192.317474,15048900
2019-11-06,192.096537,192.115752,190.953446,191.885208,19725500
2019-11-07,192.845786,193.767948,191.971671,192.528793,17832400
2019-11-08,192.182996,193.316472,191.673876,193.297256,15258800
2019-11-11,192.317469,193.114736,192.058108,193.037903,10147600
2019-11-12,193.201175,194.238602,192.903398,193.595001,14778300
2019-11-13,192.922632,193.825579,192.797767,193.643066,15774600
2019-11-14,192.913011,193.614229,192.327057,193.489349,16945400
2019-11-15,194.661297,194.911057,194.036926,194.911057,18427900
2019-11-18,194.603639,195.372105,193.815973,195.064728,18365900
2019-11-19,195.804333,195.804333,194.603609,195.352859,16923300
2019-11-20,194.843801,195.429755,192.711315,194.181000,36629000
2019-11-21,193.969663,194.104158,193.143579,193.748734,17883600
2019-11-22,194.229036,194.344316,192.826599,193.873627,17189600
2019-11-25,194.709365,196.207866,194.680548,196.169449,17752800
2019-11-26,196.294276,196.793767,196.006100,196.544022,14780600
2019-11-27,197.053148,197.927279,196.813004,197.917664,16963100
2019-11-29,197.418166,197.715943,196.918661,197.014725,9854600
2019-12-02,197.024335,197.091568,193.825605,194.997513,28007000
2019-12-03,192.317447,193.546987,191.376070,193.470139,31104100
2019-12-04,194.459582,194.911055,194.171405,194.449966,15300100
2019-12-05,195.141606,195.141606,193.883250,194.834229,14962300
2019-12-06,196.255854,197.062736,196.102158,196.918655,16555300
2019-12-09,196.563205,197.485353,195.938821,196.025284,13984100
2019-12-10,196.121329,196.803347,195.420111,195.861969,21799800
2019-12-11,196.303890,197.101173,195.996498,196.899445,18780800
2019-12-12,196.697712,199.147191,196.428752,198.369110,32612000
2019-12-13,198.263413,199.713896,197.840770,199.022278,32519400
2019-12-16,200.328692,201.270055,200.261444,201.020309,21296600
2019-12-17,201.279671,201.442982,200.799381,201.135590,15996100
2019-12-18,201.308507,201.846429,201.077963,201.289291,15443300
2019-12-19,201.375716,202.614856,201.356500,202.547623,17865900
2019-12-20,203.508201,204.142187,202.941464,203.364120,27672600
2019-12-23,204.084199,204.228592,203.728019,203.901291,23774700
2019-12-24,204.084202,204.170838,203.545114,204.007187,7089000
2019-12-26,204.334502,205.826630,204.305624,205.807373,17067500
2019-12-27,206.529347,206.548604,205.085355,205.634079,18134100
2019-12-30,205.528188,205.653339,203.275564,204.286362,21815500
2019-12-31,203.631726,204.815795,203.314046,204.671402,18170900
2020-01-02,206.394574,208.088867,205.990258,208.088867,30969400
2020-01-03,205.335638,207.424611,205.316381,206.182770,27518900
2020-01-06,204.565535,207.540155,204.315248,207.511276,21655300
2020-01-07,207.588300,208.069631,206.827804,207.482407,22139300
2020-01-08,207.453515,209.994941,207.126214,209.041901,26397300
2020-01-09,210.765096,211.217548,209.581027,210.813232,23547000
2020-01-10,211.641101,211.660344,209.898672,210.274109,21898500
2020-01-13,211.140475,212.728860,210.803538,212.699982,22756900
2020-01-14,212.594120,212.950315,211.535202,211.862503,24418100
2020-01-15,211.978036,212.940698,211.256040,211.949158,25742100
2020-01-16,213.008079,214.018877,212.555627,213.980362,18805000
2020-01-17,214.943019,215.212563,213.826329,215.039291,24325200
2020-01-21,214.442405,215.482081,214.346148,214.942993,21146300
2020-01-22,216.030801,216.743161,215.241412,215.510956,20736400
2020-01-23,215.385848,216.300374,214.384672,216.204102,26496100
2020-01-24,217.214870,217.445914,213.393104,214.384644,37436500
2020-01-27,209.542515,211.092400,209.070805,209.956467,42264400
2020-01-28,211.438951,213.672333,210.880606,213.181366,26731900
2020-01-29,214.365419,214.606084,212.584504,213.527908,28924500
2020-01-30,212.151327,214.384694,211.487089,214.288437,39568100
2020-01-31,215.183674,215.212553,210.139324,210.890213,52015800
2020-02-03,211.920263,214.567582,211.775870,214.076630,25408600
2020-02-04,217.003104,219.352000,216.261851,218.976562,30691200
2020-02-05,221.614249,221.652748,218.379706,219.698547,38534800
2020-02-06,220.247282,221.652774,219.467528,221.595016,22467100
2020-02-07,220.603468,221.835673,220.006608,220.641968,25884900
2020-02-10,219.910355,223.318169,219.852597,223.308548,21478900
2020-02-11,224.540782,225.282035,222.759852,223.347076,30198000
2020-02-12,224.665907,225.628568,224.107561,225.522675,24471300
2020-02-13,223.953545,226.158033,223.684001,225.233887,22773200
2020-02-14,225.590059,226.090647,224.829563,225.878860,23438500
2020-02-18,224.781446,226.389089,224.540780,225.965515,24394500
2020-02-19,227.313247,228.603210,227.043703,228.131500,22230500
2020-02-20,227.630889,228.102584,223.221899,226.013611,42604000
2020-02-21,224.887313,225.272372,220.757502,221.672028,66017200
2020-02-24,213.402716,215.876762,212.035739,213.123550,84522600
2020-02-25,214.914114,215.626488,206.721872,207.328339,97743000
2020-02-26,208.618334,212.055027,206.875905,208.396912,79537700
2020-02-27,203.025263,208.339158,197.826898,197.961670,121822600
2020-02-28,191.223004,199.434503,190.770553,198.115662,148173700
2020-03-02,201.080697,208.483565,198.250471,208.339157,112933900
2020-03-03,209.003374,211.410027,199.867714,201.658264,131953500
2020-03-04,205.354911,210.177839,203.477710,210.071945,73086200
2020-03-05,204.748417,208.281382,202.255128,203.689484,78705500
2020-03-06,197.027901,201.340620,195.333623,200.252823,89828400
2020-03-09,186.255680,193.648926,184.936839,186.342331,116424000
2020-03-10,193.600831,196.671723,186.448249,196.488815,100599200
2020-03-11,191.906536,193.254256,185.533708,187.930740,89168800
2020-03-12,175.290996,183.656525,170.333296,170.699112,137820700
2020-03-13,180.085080,187.218390,171.478884,185.158295,134882000
2020-03-16,167.647460,177.784282,162.843789,162.978561,92054400
2020-03-17,168.918178,177.505114,163.440632,175.339127,121257100
2020-03-18,165.202356,172.528211,160.571956,170.006042,114156300
2020-03-19,169.129984,176.638746,165.221581,171.026428,120896500
2020-03-20,174.954084,176.041881,163.748706,164.326294,118983900
2020-03-23,164.888737,168.062650,159.110101,164.444977,124639800
2020-03-24,173.561495,177.343168,171.670652,177.179169,94881800
2020-03-25,177.912344,182.822728,173.629016,175.867157,88754900
2020-03-26,177.381715,185.919428,177.130895,185.128357,79887600
2020-03-27,180.333763,183.787437,178.143876,178.761292,58845000
2020-03-30,180.459162,185.697560,179.764568,185.263428,49356900
2020-03-31,184.954748,188.360183,182.523668,183.681320,62659300
2020-04-01,178.250001,181.038020,174.477970,175.876801,53715400
2020-04-02,174.844544,183.391899,174.584067,179.446213,56465300
2020-04-03,179.002481,180.468848,174.892794,176.899399,47487600
2020-04-06,183.758462,190.675450,182.513989,189.546738,64763500
2020-04-07,195.228942,195.508717,189.083725,189.469604,69904500
2020-04-08,191.157814,194.071250,189.247687,193.492432,45940400
2020-04-09,195.209598,196.048893,192.006745,193.772171,68252600
2020-04-13,192.942598,196.241914,191.736706,195.865677,42853900
2020-04-14,199.917439,205.001479,199.136023,204.384064,63959600
2020-04-15,201.123306,204.355099,199.811296,202.039780,47036000
2020-04-16,204.220026,206.805449,202.290601,205.724976,64657400
2020-04-17,208.542022,208.870021,204.596349,207.693069,62863200
2020-04-20,205.831150,208.262230,205.069033,205.233032,38249100
2020-04-21,203.168505,203.708741,196.444456,197.659988,72932800
2020-04-22,201.721428,204.856745,200.978596,203.525436,40089100
2020-04-23,204.316514,206.873011,202.686162,203.091339,43278500
2020-04-24,203.525468,206.737964,202.107339,206.294189,34231900
2020-04-27,208.561265,208.985741,206.930898,207.953491,36451700
2020-04-28,209.651394,209.651394,203.756998,204.036758,46862800
2020-04-29,208.561239,212.207852,207.548288,211.272079,48716400
2020-04-30,212.188552,212.275372,209.680308,211.185257,43359500
2020-05-01,206.930922,209.024347,204.210424,205.233032,48795000
2020-05-04,203.998188,207.847383,203.670175,207.625504,32841000
2020-05-05,209.767193,212.371915,209.198016,209.979431,37783100
2020-05-06,211.657959,213.240087,210.413486,211.272079,36455200
2020-05-07,213.992569,214.870446,212.641962,213.992569,38624800
2020-05-08,215.661598,217.060428,214.629348,216.925369,31852300
2020-05-11,215.603676,219.886988,215.372139,218.864395,35714100
2020-05-12,219.462531,220.051006,214.253073,214.282013,41054100
2020-05-13,214.802936,216.684123,209.062898,211.600082,65521200
2020-05-14,210.278421,214.040795,208.368294,214.002213,51549300
2020-05-15,211.059838,215.449284,210.625720,215.391403,55747200
2020-05-18,218.295219,220.610524,217.513804,219.404633,42398100
2020-05-19,219.665092,221.739233,218.710035,218.854736,36237300
2020-05-20,221.401608,223.581854,221.382309,223.224915,37417000
2020-05-21,223.273127,223.948423,220.282511,220.793808,43642900
2020-05-22,220.388630,221.758520,219.472156,221.555939,28762400
2020-05-26,225.125345,225.327941,220.716601,220.957779,33055300
2020-05-27,220.620180,222.279487,216.037794,222.163712,55665600
2020-05-28,221.025331,225.231479,220.967451,221.874283,42784300
2020-05-29,222.250541,225.356918,220.687697,225.125381,50691800
2020-06-01,224.257128,226.176897,223.813353,225.800659,25776000
2020-06-02,226.225147,227.373158,223.823007,227.315277,33383400
2020-06-03,227.923056,229.090365,227.045179,228.337891,37228700
2020-06-04,227.990580,229.399052,225.434082,226.736450,38716100
2020-06-05,227.884440,231.820470,227.315263,231.231995,47365600
2020-06-08,231.087315,233.151800,229.514843,233.026398,32937300
2020-06-09,232.167759,235.563537,231.984461,234.714600,35046300
2020-06-10,236.402858,239.075117,235.881905,237.531570,58084400
2020-06-11,233.614830,234.994363,225.704189,225.762070,72919400
2020-06-12,230.653162,231.916933,223.562532,227.556442,72034800
2020-06-15,224.237874,231.000507,223.302102,230.325211,45307400
2020-06-16,235.177663,235.766138,230.662814,234.280487,48890100
2020-06-17,235.775806,236.836995,234.164737,235.023331,34749300
2020-06-18,234.704963,235.901212,233.933205,235.660034,30578600
2020-06-19,238.023585,238.284062,233.894616,235.621460,49422100
2020-06-22,235.489977,238.572764,235.200072,238.447144,24068700
2020-06-23,240.041720,242.708953,239.490885,240.476593,32767400
2020-06-24,239.722817,240.950137,234.021120,235.519028,46032400
2020-06-25,235.606001,238.060626,233.035399,237.761047,36940800
2020-06-26,237.519445,237.693403,231.624457,232.146317,52824600
2020-06-29,231.904687,234.687896,229.372749,234.678223,34377800
2020-06-30,234.610607,239.819451,234.426990,239.278275,38909200
2020-07-01,239.316933,243.066533,238.775757,242.071152,34689200
2020-07-02,244.516126,245.724114,243.250156,243.714020,31956500
2020-07-06,246.864392,250.227426,246.845060,249.705597,34589000
2020-07-07,249.454375,252.111949,247.685864,247.985443,36578200
2020-07-08,249.309346,251.280761,247.879078,251.251770,30426300
2020-07-09,253.165307,254.035052,248.971176,253.368240,40312900
2020-07-10,253.223269,255.349339,250.546378,255.098068,32885300
2020-07-13,257.939316,260.722526,249.029194,249.850632,64108100
2020-07-14,247.328319,252.024992,244.264862,251.619095,72230500
2020-07-15,253.029961,253.861072,248.835831,252.131226,54523900
2020-07-16,249.348082,251.048939,247.028751,250.411118,47594100
2020-07-17,250.865335,251.561137,248.526686,250.701065,35137900
2020-07-20,251.338742,258.441716,250.092120,257.813568,40610100
2020-07-21,259.379218,259.388892,254.286351,255.127106,43243800
2020-07-22,255.619889,256.953513,253.725743,256.025757,29865500
2020-07-23,255.619963,256.325409,247.927473,249.338425,51363500
2020-07-24,245.501801,248.294668,242.873233,246.970718,54054500
2020-07-27,248.613625,251.764037,247.830851,251.377487,36445700
2020-07-28,250.594749,251.116608,247.888867,248.178772,31302400
2020-07-29,249.715235,251.899286,249.241713,251.039185,27556900
2020-07-30,249.077468,252.914040,247.927461,252.353546,41774500
2020-07-31,256.972835,257.011499,252.082902,256.856873,53686300
2020-08-03,258.992670,261.070404,258.867035,260.326294,32081600
2020-08-04,259.823731,261.389309,259.079621,261.292664,24911300
2020-08-05,261.775855,262.394329,260.886762,261.940125,21612100
2020-08-06,261.746736,265.737932,261.108916,265.409363,28048200
2020-08-07,264.868212,265.641341,260.200560,262.345947,44969400
2020-08-10,262.635897,262.838860,257.707330,261.224976,35088400
2020-08-11,260.065303,261.350619,255.735893,256.277069,43104300
2020-08-12,258.432184,263.670004,258.383847,262.722931,38773400
2020-08-13,263.495995,265.593046,262.384652,263.322052,31895700
2020-08-14,263.940513,264.211101,261.621182,263.012787,30799500
2020-08-17,264.723262,266.569071,263.051426,266.066559,24803000
2020-08-18,267.129609,269.101024,265.670351,268.627502,23529500
2020-08-19,268.588916,269.642278,266.308249,266.820435,31999400
2020-08-20,266.027928,271.004832,265.622031,270.521637,27723400
2020-08-21,270.714853,272.850567,270.067359,272.396362,34748900
2020-08-24,275.662868,276.387661,271.816624,274.097321,36418500
2020-08-25,273.324218,276.445670,272.879687,276.252380,34866600
2020-08-26,277.499093,282.398701,276.223451,282.147430,42216700
2020-08-27,283.123366,283.973794,279.006534,281.267883,49482700
2020-08-28,282.504922,283.326360,281.151981,282.698212,28021000
2020-08-31,283.220074,286.776384,282.785186,284.969238,36321000
2020-09-01,287.617158,289.955836,285.848676,289.839874,36216200
2020-09-02,293.086863,293.299470,286.911644,292.584351,50836800
2020-09-03,288.081022,288.583535,274.851134,277.750305,110083300
2020-09-04,275.962444,279.219175,262.664903,274.048981,123959000
2020-09-08,263.070863,268.869207,260.596905,260.877167,99568600
2020-09-09,266.375823,270.637578,263.824538,268.540527,64837900
2020-09-10,271.497668,272.715329,261.466533,263.186707,69667500
2020-09-11,264.935917,265.969962,257.929587,261.360291,71809000
2020-09-14,265.138857,267.902749,263.785917,265.911987,38525200
2020-09-15,269.651918,271.024205,265.883001,269.680908,41849900
2020-09-16,270.473390,270.937239,265.032607,265.380493,42321000
2020-09-17,258.557729,265.177509,257.716975,261.234650,81570800
2020-09-18,262.655289,262.945194,253.803148,257.900635,86251100
2020-09-21,253.648518,258.654414,251.367821,258.519135,57168600
2020-09-22,260.915720,263.901863,257.581691,263.322052,41128900
2020-09-23,263.003142,263.186759,254.402274,255.281693,48837300
2020-09-24,252.604896,259.669210,252.440597,256.470459,70631700
2020-09-25,256.972883,263.244748,255.416979,262.432983,55242400
2020-09-28,267.284266,267.883453,262.539315,267.883453,58438300
2020-09-29,267.322941,268.376303,266.114953,266.675476,27050000
2020-09-30,266.868751,271.642722,266.598163,268.501953,49380800
2020-10-01,272.319202,273.372564,270.434728,272.763733,50020200
2020-10-02,266.743126,272.754077,264.249852,265.090607,75497400
2020-10-05,267.052339,271.062853,266.946050,270.743958,28184600
2020-10-06,270.057810,271.739320,265.032568,265.911987,49704200
2020-10-07,268.550283,271.304472,267.960769,270.512054,27539700
2020-10-08,272.908591,272.976245,270.888839,271.951874,25443300
2020-10-09,273.594801,276.184750,273.208250,276.107422,30201100
2020-10-12,280.784707,287.462468,279.741018,284.630951,79370700
2020-10-13,286.428482,287.066274,283.258693,284.621307,64240000
2020-10-14,285.423359,286.389749,280.504436,282.243927,36949100
2020-10-15,277.547327,280.939337,276.909506,280.349854,42514200
2020-10-16,281.992666,283.413261,278.465347,278.813263,40570700
2020-10-19,280.726751,281.683498,273.285562,274.261597,36756800
2020-10-20,274.996088,277.953241,273.440213,274.851135,32195400
2020-10-21,275.102428,277.663357,274.155354,274.638550,29306100
2020-10-22,275.469478,276.368243,271.381667,274.628723,32196200
2020-10-23,275.198912,275.334221,272.309415,275.169922,24658500
2020-10-26,272.889297,275.711140,267.458188,271.043488,38421100
2020-10-27,272.038956,273.981411,270.782661,273.159973,30559100
2020-10-28,268.666249,269.275079,262.259074,262.510345,53413500
2020-10-29,263.824539,270.096403,263.360661,267.100616,43246300
2020-10-30,265.119583,265.989328,258.093934,260.326294,65838300
2020-11-02,262.713304,264.327160,257.997313,260.906158,39987400
2020-11-03,262.819626,267.516301,261.737273,265.419220,43604100
2020-11-04,274.058697,279.064593,272.396504,277.267120,75728200
2020-11-05,283.664586,285.462087,282.186010,284.495697,52054200
2020-11-06,283.838567,285.433106,280.088967,284.708313,40959800
2020-11-09,287.646120,289.086062,278.436420,278.890625,86537100
2020-11-10,275.585623,277.025536,271.188528,273.894440,69024900
2020-11-11,276.416684,280.494854,273.855755,280.021332,36102900
2020-11-12,280.987728,282.253698,277.595688,278.707031,34414600
2020-11-13,280.417510,281.770451,278.194795,281.151947,24806900
2020-11-16,280.852369,283.645251,280.243538,283.345673,30168400
2020-11-17,283.538895,283.867464,281.809048,282.446869,21843500
2020-11-18,281.896084,283.509939,280.272525,280.359497,28069600
2020-11-19,279.808647,282.862444,279.141836,282.553192,22718400
2020-11-20,282.475906,283.220045,280.533481,280.620453,25907300
2020-11-23,281.615865,282.910825,278.388124,280.630157,26875600
2020-11-24,281.693204,285.065928,279.895732,284.573059,24516800
2020-11-25,285.636106,286.960057,284.689032,286.322235,23326800
2020-11-27,288.283994,290.081496,287.887771,288.960480,17163100
2020-11-30,289.279308,289.888139,284.872570,289.549896,27836200
2020-12-01,291.820861,294.884331,290.719162,293.260773,27521300
2020-12-02,292.091495,293.975968,290.255359,293.637726,23620000
2020-12-03,293.946964,295.599484,293.328460,294.053253,22828700
2020-12-04,294.101610,295.396600,293.425155,295.251617,19332100
2020-12-07,295.435243,297.290726,295.251626,296.923492,20851000
2020-12-08,296.449921,298.228076,294.700757,297.928497,18341500
2020-12-09,297.715883,297.996115,290.120040,291.183075,48839300
2020-12-10,289.153727,293.473495,288.071375,292.352478,27519500
2020-12-11,290.699902,291.830592,288.438552,291.704956,26760400
2020-12-14,292.893564,295.763744,292.825939,293.821320,28804800
2020-12-15,296.073036,296.962128,293.888984,296.962128,25709000
2020-12-16,297.358298,299.378050,296.314580,298.595276,25461900
2020-12-17,300.189865,300.779349,298.991550,300.547424,23730500
2020-12-18,301.185238,301.494490,297.271339,299.639008,41173400
2020-12-21,296.696780,299.610896,293.927908,299.078430,37095500
2020-12-22,299.978853,300.811441,297.074426,299.891724,26176300
2020-12-23,299.940042,300.298250,298.226441,298.381348,21201300
2020-12-24,298.642757,300.143366,298.565319,299.698029,16785000
2020-12-28,302.302395,303.193099,300.472592,302.718689,22497700
2020-12-29,304.045017,304.664643,302.089381,302.989746,25871900
2020-12-30,304.151512,304.470985,302.379795,302.999420,18138100
2020-12-31,302.902564,304.228913,301.827940,303.744843,21611400
2021-01-04,305.071268,305.245556,295.457623,299.456055,45305900
2021-01-05,298.468469,302.195821,298.468469,301.924713,29323400
2021-01-06,297.219657,301.944196,296.232163,297.742462,52809600
2021-01-07,300.395155,305.778023,300.366111,304.945435,30394800
2021-01-08,307.230262,309.214971,305.042251,308.866425,33955800
2021-01-11,305.913467,307.084910,303.754500,304.403168,32746400
2021-01-12,304.441904,305.526218,301.285781,303.919128,29266800
2021-01-13,304.180580,306.765503,303.580337,305.971649,22898400
2021-01-14,306.416979,307.414165,303.861070,304.335480,23500100
2021-01-15,304.122414,305.080865,300.685493,301.924713,35118700
2021-01-19,304.238613,306.833227,303.144608,306.329803,24537000
2021-01-20,309.941052,314.394482,306.426691,313.455383,30728100
2021-01-21,314.791386,316.708318,313.416641,315.962830,25130600
2021-01-22,314.926963,316.059672,314.365424,315.052826,21609400
2021-01-25,318.431605,319.796689,311.170540,317.657074,39080600
2021-01-26,318.373614,319.254627,316.795537,318.121887,25498100
2021-01-27,315.866059,315.875720,307.249570,309.253632,55264000
2021-01-28,310.454179,316.020997,309.834554,311.083466,42836300
2021-01-29,309.398851,310.502547,302.796144,304.538788,55259000
2021-02-01,307.975717,313.232752,305.952303,312.148438,35646000
2021-02-02,315.110950,318.392936,314.946352,317.240845,33930800
2021-02-03,319.312681,319.680580,315.924183,315.982269,24824500
2021-02-04,317.376351,319.806368,316.059662,319.719238,22350900
2021-02-05,320.668003,321.810404,319.031841,320.803528,22732000
2021-02-08,322.488131,323.107726,320.851968,322.952820,20462800
2021-02-09,322.023380,324.143613,322.013689,322.885040,17597500
2021-02-10,324.317890,324.772918,319.002800,322.149261,28068700
2021-02-11,323.678863,324.327531,321.539278,323.920898,22046100
2021-02-12,323.078685,325.895982,322.033105,325.731415,20346800
2021-02-16,326.525300,327.416004,323.688651,324.850433,27080800
2021-02-17,321.878147,324.966522,319.651432,323.291626,31360300
2021-02-18,319.709485,323.233505,317.899035,321.878113,32236200
2021-02-19,323.223947,323.349810,319.457889,320.474426,39157700
2021-02-22,316.098348,317.356921,311.964393,312.167694,47256900
2021-02-23,306.901055,312.903548,301.092202,311.238342,97241900
2021-02-24,308.585624,314.113737,305.894190,313.803925,58206300
2021-02-25,311.151184,313.707064,301.324519,302.863861,110182600
2021-02-26,305.787717,308.943840,300.976049,304.132202,104739800
2021-03-01,309.098777,313.620014,307.811160,313.281158,49164500
2021-03-02,313.920076,313.997515,308.004742,308.256439,48370000
2021-03-03,307.162377,308.101476,299.252674,299.310760,86301100
2021-03-04,298.942947,302.099100,290.549141,294.412048,139131600
2021-03-05,297.025958,299.746434,287.973853,298.846069,121523700
2021-03-08,298.303948,300.182146,289.968258,290.384552,88409800
2021-03-09,297.674647,303.735226,297.142181,301.837646,80391100
2021-03-10,306.087802,306.387924,300.288641,300.976013,76798100
2021-03-11,305.710197,309.669894,304.819523,307.907898,53484800
2021-03-12,303.861032,308.091837,301.469749,305.410065,69315600
2021-03-15,305.729659,308.837388,304.093496,308.672791,42955700
2021-03-16,310.860797,313.871735,308.934203,310.367035,54925900
2021-03-17,307.336713,313.532817,305.623083,311.644928,78258700
2021-03-18,306.775142,307.752975,301.644002,302.099030,82718100
2021-03-19,301.934412,304.703313,299.794826,303.163971,78446200
2021-03-22,305.553470,310.914056,305.553470,308.849304,56194800
2021-03-23,309.935161,311.253483,306.687781,307.502045,53455400
2021-03-24,308.868743,308.907525,302.170428,302.315826,64803700
2021-03-25,300.473976,303.304534,297.973028,301.792297,78729000
2021-03-26,301.579127,306.639213,300.183269,306.319336,63519600
2021-03-29,305.786156,307.278957,302.897438,306.232056,54608000
2021-03-30,304.273885,305.262626,301.995872,304.690704,44635700
2021-03-31,306.474349,310.914026,306.135065,309.353363,55032500
2021-04-01,313.172723,314.762466,312.920678,314.626770,55685600
2021-04-05,317.108280,321.673979,316.865938,320.908173,42172500
2021-04-06,320.598033,322.633675,319.909763,320.685272,33537200
2021-04-07,320.210266,322.294424,319.279684,321.460754,32046400
2021-04-08,324.310730,324.998971,323.515843,324.814789,29940800
2021-04-09,323.457678,326.986181,322.720981,326.782593,36664900
2021-04-12,325.745375,326.772899,324.475509,326.356079,25833000
2021-04-13,327.877994,330.630987,327.664732,330.165710,30374000
2021-04-14,330.408029,330.534051,325.386726,326.200989,42564300
2021-04-15,329.070289,331.532484,325.919853,331.144714,36342800
2021-04-16,331.668197,331.745763,329.661604,331.532501,40860100
2021-04-19,329.962133,331.115650,326.579029,328.498383,34533100
2021-04-20,327.839206,329.118745,324.136225,326.104034,38081800
2021-04-21,324.824499,329.080025,323.738815,328.895844,36598100
2021-04-22,328.508050,329.487088,323.777545,324.931091,45936100
2021-04-23,325.561211,330.330470,325.561211,329.021851,36381900
2021-04-26,329.264207,331.445278,328.517777,331.164154,30812000
2021-04-27,331.454961,331.668222,328.779533,329.729492,33187200
2021-04-28,329.399929,330.408077,327.965259,328.614746,33615700
2021-04-29,331.881431,332.298250,326.579004,329.797302,37708900
2021-04-30,327.354526,329.836097,326.724415,327.635620,38263400
2021-05-03,328.837686,329.584086,325.444909,325.890808,29729700
2021-05-04,323.341334,323.661241,316.216497,320.026123,65147000
2021-05-05,322.071460,322.934209,318.174624,318.950104,46219300
2021-05-06,318.688403,321.509258,316.449173,321.354156,46814300
2021-05-07,324.126537,326.336688,321.528646,323.961761,53324500
2021-05-10,322.585203,322.759682,315.576686,315.780273,60700500
2021-05-11,309.905933,316.138941,309.246742,315.344055,71963600
2021-05-12,310.419712,312.736479,306.319288,307.182037,91164900
2021-05-13,310.119133,312.523138,307.191633,309.556885,69877800
2021-05-14,312.717090,317.302167,312.213002,316.390991,44370000
2021-05-17,314.684911,316.371596,311.602338,314.471649,39395000
2021-05-18,315.421624,316.643003,312.077303,312.348724,36528500
2021-05-19,306.959071,313.007898,306.610084,312.707397,66319100
2021-05-20,314.190586,319.609333,313.967651,318.756287,46466100
2021-05-21,320.307246,320.724066,316.633375,316.992035,50330400
2021-05-24,319.279697,323.447984,316.885365,322.323517,32475800
2021-05-25,323.835716,324.553037,321.596486,322.769409,31280300
2021-05-26,323.438196,324.359075,322.749956,323.893799,25444900
2021-05-27,323.447905,324.291247,322.478540,322.682098,27931700
2021-05-28,323.884133,325.289723,323.380074,323.699951,29927400
2021-06-01,325.027999,325.503007,321.276562,322.623993,31145400
2021-06-02,323.040767,324.097371,321.538264,323.254028,22047900
2021-06-03,320.423550,321.693416,318.223103,319.890411,37057800
2021-06-04,321.683669,325.764686,321.615807,325.318787,38736500
2021-06-07,324.785736,326.346429,324.097495,326.288269,32611900
2021-06-08,328.033072,328.895821,324.766317,326.443329,27282800
2021-06-09,327.810177,328.585657,326.336723,326.520905,21485300
2021-06-10,326.860143,330.029956,326.414244,329.923340,33702100
2021-06-11,329.933117,330.795866,329.283659,330.786163,21222800
2021-06-14,331.212553,333.965545,330.029926,333.955872,27827700
2021-06-15,333.606895,333.917099,331.057461,331.774811,35963800
2021-06-16,332.240031,333.306338,327.112114,330.563049,55399500
2021-06-17,329.554893,335.768523,329.506436,334.760376,59722700
2021-06-18,333.102910,334.246754,331.387115,332.133545,55414900
2021-06-21,332.324656,334.517971,330.111941,334.197693,32992600
2021-06-22,333.993932,337.759436,333.693083,337.313019,28941600
2021-06-23,337.254712,338.623105,336.643299,337.477905,27188500
2021-06-24,339.409263,341.088191,338.865791,339.564545,32581600
2021-06-25,340.127421,340.370043,338.545518,339.147217,28682800
2021-06-28,340.428202,343.407611,340.369975,343.271729,39130300
2021-06-29,343.096980,344.542999,342.262373,344.513885,29426000
2021-06-30,344.358740,344.746960,343.388251,343.970551,32724000
2021-07-01,343.621170,344.611059,342.272176,344.106415,29290000
2021-07-02,345.998782,348.376492,345.765874,348.056244,32727200
2021-07-06,348.658029,349.842028,345.969755,349.560577,38842400
2021-07-07,351.753860,352.054709,348.347433,350.298126,35265200
2021-07-08,345.241822,349.036439,343.960799,348.182404,50890000
2021-07-09,347.600168,350.831884,347.017868,350.356354,35184500
2021-07-12,351.753906,352.180924,350.181688,351.724792,25717700
2021-07-13,351.346287,354.684773,350.870757,351.724792,39723000
2021-07-14,354.063571,354.704097,351.530608,352.355530,35336400
2021-07-15,352.268223,352.472018,347.881593,349.880798,53391600
2021-07-16,350.734752,351.714956,346.697514,347.046906,47262000
2021-07-19,343.601702,344.698360,341.651039,344.203430,64404600
2021-07-20,345.135094,349.647863,343.359082,348.201843,42183700
2021-07-21,347.774844,350.890106,347.551621,350.890106,30259900
2021-07-22,351.093845,353.219218,351.093845,353.209534,30252200
2021-07-23,354.529439,357.615588,353.180475,357.334167,31960800
2021-07-26,356.645081,358.003789,355.781361,357.615570,28438100
2021-07-27,357.353609,357.353609,349.531466,353.675446,57933100
2021-07-28,354.810834,356.606244,352.520464,355.034027,42066200
2021-07-29,354.471205,356.829486,354.471205,355.664917,25672500
2021-07-30,351.744193,354.393640,351.715080,353.811340,36484600
2021-08-02,355.470869,356.053169,353.131986,353.840454,27334100
2021-08-03,354.500291,356.101592,351.317087,355.985138,35558500
2021-08-04,355.946295,357.450571,354.839953,356.499481,29602200
2021-08-05,357.314784,358.993742,356.606346,358.760834,21443900
2021-08-06,357.499101,358.469590,356.082195,357.188538,33332100
2021-08-09,357.644687,358.372554,356.548059,357.848511,25960200
2021-08-10,358.362971,358.654106,354.830375,356.014374,35130800
2021-08-11,357.275991,357.770920,354.073358,355.402924,34249800
2021-08-12,354.898233,357.043006,353.549238,356.683929,25969200
2021-08-13,357.033335,358.265845,356.538376,357.935883,19336200
2021-08-16,356.819817,358.129954,352.966974,358.091156,34856900
2021-08-17,355.344662,356.315151,352.510849,354.937073,44793900
2021-08-18,354.403351,355.800858,351.191033,351.520996,38541900
2021-08-19,349.589648,354.888512,349.337312,353.219269,48499400
2021-08-20,354.286863,357.275986,353.976299,356.878082,39486000
2021-08-23,357.916409,362.904737,357.906724,362.215698,34034700
2021-08-24,362.807694,363.923751,362.341848,363.322052,21732900
2021-08-25,363.574444,364.312025,362.827148,363.739410,20441900
2021-08-26,362.885391,363.564716,360.992925,361.429657,29133300
2021-08-27,362.060395,365.447393,361.575150,364.942749,27104700
2021-08-30,365.728897,369.523514,365.709468,369.038269,27295700
2021-08-31,369.280868,369.348780,367.194292,368.737396,29628200
2021-09-01,369.795293,371.415994,369.145052,369.348846,28138300
2021-09-02,370.697839,371.027802,367.961052,369.174164,25453400
2021-09-03,368.028945,370.707505,368.009546,370.309601,24605400
2021-09-07,370.416345,371.483890,369.261461,370.833649,23970200
2021-09-08,370.658995,370.658995,367.281711,369.542938,32949200
2021-09-09,369.766168,370.872511,368.028984,368.271606,29399000
2021-09-10,369.979585,370.697738,365.146539,365.476501,40249400
2021-09-13,367.805748,368.232766,363.176525,365.224243,48741800
2021-09-14,366.709101,367.436968,363.234762,364.185852,41826600
2021-09-15,364.642011,367.242916,362.351641,366.893524,34097900
2021-09-16,365.563911,367.718398,363.642361,367.145813,35193100
2021-09-17,366.670338,366.718851,361.759664,362.798065,60912300
2021-09-20,357.011326,358.750436,350.667007,355.301392,76203200
2021-09-21,357.127918,358.322953,354.611567,355.738586,41927500
2021-09-22,356.651878,360.518719,355.554005,359.061371,46972900
2021-09-23,360.217483,363.404216,359.576247,362.374359,44652000
2021-09-24,360.110659,363.132243,359.741460,362.714447,36056800
2021-09-27,359.673485,360.693617,357.273718,359.819214,43338100
2021-09-28,355.272242,359.770563,349.131943,349.637146,97701600
2021-09-29,350.900237,353.037663,348.442178,349.063965,58076600
2021-09-30,350.705854,352.367222,346.945901,347.781433,61384600
2021-10-01,348.403234,350.977875,344.303228,349.938293,56375500
2021-10-04,348.325614,348.655942,340.358795,342.593384,76766000
2021-10-05,343.652360,349.462331,343.428919,347.218018,47232900
2021-10-06,344.011795,349.714908,343.108247,349.442871,56806500
2021-10-07,352.483899,355.291737,351.949550,352.649078,39411200
2021-10-08,353.727488,353.960683,350.356155,350.890533,41822300
2021-10-11,349.355538,352.872630,348.111935,348.199402,34847200
2021-10-12,349.646881,350.084068,346.343566,346.984802,43905100
2021-10-13,349.287462,350.433902,347.266589,349.763519,40120800
2021-10-14,353.348613,356.418763,352.687955,356.205017,43433900
2021-10-15,357.419453,358.565893,356.389597,358.449310,40419900
2021-10-18,357.157105,362.267548,356.554739,362.053802,34513500
2021-10-19,363.122486,364.842146,362.102354,364.793579,29091000
2021-10-20,365.250321,365.862412,362.840828,364.317627,31390300
2021-10-21,363.520866,366.736744,363.219683,366.542419,25469300
2021-10-22,365.289194,366.251035,361.801278,363.462646,36275800
2021-10-25,364.881050,368.096929,362.937919,367.183655,32597800
2021-10-26,369.418266,371.827729,367.164228,368.339813,47191300
2021-10-27,368.786754,372.255249,368.524442,369.194824,45760500
2021-10-28,371.089448,373.547508,370.321903,373.294891,38007000
2021-10-29,370.224620,375.296191,369.874871,375.131012,37310100
2021-11-01,375.568287,376.539852,373.489152,376.413544,30765300
2021-11-02,375.801405,378.463514,375.752839,377.987427,25135300
2021-11-03,378.473274,382.417827,377.433722,382.000061,33748900
2021-11-04,383.263054,387.848843,382.718979,386.896698,40265300
2021-11-05,388.665017,389.587986,385.866904,387.265961,43383800
2021-11-08,387.236780,388.256911,386.100035,386.741272,29256300
2021-11-09,387.810000,388.208346,382.719008,384.079193,50490700
2021-11-10,381.310212,384.118020,376.510677,378.434387,54937400
2021-11-11,381.407414,381.582288,379.143650,379.483704,32243000
2021-11-12,380.630068,384.011125,379.036716,383.476776,34730600
2021-11-15,384.652365,384.972969,380.950704,383.389313,33716900
2021-11-16,382.660707,386.614985,382.466412,386.119507,27872900
2021-11-17,386.440100,388.354085,385.361677,386.323517,28703300
2021-11-18,388.363834,390.831589,386.148666,390.326385,45721500
2021-11-19,391.958520,393.775342,391.132684,392.502594,45191700
2021-11-22,394.037810,397.088510,387.839217,387.946075,61715400
2021-11-23,386.789826,388.849569,381.747430,386.177765,70098700
2021-11-24,383.700275,387.703119,381.378249,387.421387,46954400
2021-11-26,384.846684,386.236044,378.686964,380.076324,51533300
2021-11-29,384.633045,389.335418,383.904371,388.324982,54447100
2021-11-30,387.440751,389.782226,380.610649,382.621796,81332700
2021-12-01,386.955038,389.092494,375.646033,376.112366,77766500
2021-12-02,374.829910,380.601011,373.411433,378.823059,84416600
2021-12-03,380.183113,381.183823,368.125987,372.235718,105349100
2021-12-06,372.721576,376.578691,368.514682,375.218506,67588800
2021-12-07,381.854290,387.129883,381.815419,386.517792,56005300
2021-12-08,386.848135,388.451212,384.953571,388.247162,39204000
2021-12-09,387.023020,388.820422,382.340068,382.534393,49973700
2021-12-10,385.342228,386.955030,382.174916,386.692719,52545800
2021-12-13,386.682976,387.003580,380.737002,381.106201,50166400
2021-12-14,376.287250,378.997925,372.721621,377.161682,75199200
2021-12-15,376.908974,386.119422,372.964422,385.759918,73858000
2021-12-16,386.721876,387.149367,374.256676,375.840332,82591400
2021-12-17,372.430029,378.123416,370.914390,373.965118,80492500
2021-12-20,369.248047,371.125556,367.205148,370.337585,65336800
2021-12-21,373.606232,378.937221,369.860951,378.625916,48899500
2021-12-22,378.334048,383.441280,377.672547,383.237000,37042200
2021-12-23,383.587212,387.595168,383.421851,386.126251,29595500
2021-12-27,387.420086,392.507874,387.390903,392.507874,32820700
2021-12-28,393.402736,393.577834,389.813079,390.688599,33113700
2021-12-29,390.824883,392.089519,388.256661,390.630310,32248500
2021-12-30,390.416222,392.595327,388.879201,389.462891,23850100
2021-12-31,388.791660,390.153583,386.534743,387.030884,34752900
2022-01-03,388.198290,391.009714,386.087317,390.756775,40575900
2022-01-04,391.301558,391.340478,382.594960,385.688477,58027200
2022-01-05,384.005466,385.124217,373.586722,373.839661,75739800
2022-01-06,372.020621,376.816549,369.792886,373.577087,70814300
2022-01-07,373.586797,375.269763,367.759697,369.530182,72652300
2022-01-10,364.627192,370.288931,359.267021,369.773315,91770500
2022-01-11,369.043745,375.493455,366.961955,375.328094,68295700
2022-01-12,377.896298,379.589001,374.540135,376.816498,54576400
2022-01-13,378.197878,378.878854,366.456129,367.390015,77994000
2022-01-14,364.870482,370.006898,364.666171,369.676147,80121200
2022-01-18,363.868380,365.989090,359.714479,360.473267,75450900
2022-01-19,362.029802,364.500738,356.251331,356.514008,81791500
2022-01-20,359.734038,363.703074,351.348452,351.883484,88610700
2022-01-21,349.694621,352.330917,341.844068,342.126190,143388900
2022-01-24,336.503391,344.353944,325.063181,343.692413,198685800
2022-01-25,337.242733,341.484154,332.388410,335.725128,124398400
2022-01-26,343.313029,347.175071,331.512885,335.199829,146559500
2022-01-27,339.898468,341.717610,330.802724,331.824188,95255700
2022-01-28,333.701656,342.447173,328.759814,342.233154,108167900
2022-01-31,343.595100,353.760905,341.960763,353.177216,94326400
2022-02-01,354.519784,356.231932,349.373660,355.580139,74433000
2022-02-02,359.704751,360.035502,354.383501,358.469269,78777100
2022-02-03,348.780224,352.087760,342.875283,343.935638,95384800
2022-02-04,344.451202,351.572151,342.398595,348.274353,86318300
2022-02-07,348.867709,351.231621,344.217698,345.472626,58198100
2022-02-08,344.334503,350.443725,343.206044,349.354187,64720900
2022-02-09,353.867936,356.834983,352.272520,356.757172,55766400
2022-02-10,349.743339,356.523800,346.844395,348.682983,112468500
2022-02-11,348.682934,350.278350,336.396386,337.622131,101569100
2022-02-14,337.067599,341.435519,334.538327,338.040405,80254400
2022-02-15,343.313058,346.678960,342.252703,346.445496,55128800
2022-02-16,344.198219,347.379284,341.172777,346.357849,58947100
2022-02-17,343.147644,343.848066,335.637579,336.055908,61801400
2022-02-18,336.989766,337.378883,329.917477,332.223022,80001500
2022-02-22,329.285146,334.684238,325.257744,328.886292,85967100
2022-02-23,332.038210,332.874809,320.150517,320.461823,86215400
2022-02-24,310.169468,331.765774,309.605254,331.230713,130614100
2022-02-25,332.028480,336.571498,328.215097,336.367188,78842100
2022-02-28,333.195794,339.061813,332.038152,337.369110,77515500
2022-03-01,336.347747,338.614372,329.684018,332.203583,67407000
2022-03-02,333.750399,339.110572,330.987633,337.777832,70609000
2022-03-03,340.414043,340.521067,331.094573,332.952637,71089400
2022-03-04,330.598500,332.028526,325.812309,328.127563,76936300
2022-03-07,328.117822,329.275464,315.821537,316.025818,89933800
2022-03-08,315.237801,324.148708,311.239582,314.556854,116153900
2022-03-09,322.728398,327.232494,320.140730,325.880280,64723400
2022-03-10,321.823760,323.467805,317.825511,322.261505,69362700
2022-03-11,325.228558,325.539863,315.091905,315.578308,66228400
2022-03-14,314.342903,317.708804,308.817370,309.517792,79802600
2022-03-15,312.154058,320.004612,310.548934,319.226349,76471000
2022-03-16,323.137035,331.182131,319.469537,331.065399,105243000
2022-03-17,329.168364,335.131669,327.874545,335.073303,67810000
2022-03-18,333.419616,342.223531,332.261974,341.931671,85446300
2022-03-21,341.097955,343.318694,336.598008,340.981049,73799100
2022-03-22,341.477788,348.549103,341.097940,347.682220,63345900
2022-03-23,344.808940,348.364067,342.627139,342.685577,70615500
2022-03-24,344.604229,350.350903,342.451678,350.302185,53555300
2022-03-25,350.243884,351.295831,345.714749,350.010132,57584200
2022-03-28,350.000361,355.523005,348.763381,355.425598,56833900
2022-03-29,359.311900,362.165739,356.545718,361.542389,68073000
2022-03-30,359.682032,361.337859,356.068467,357.548950,68757700
2022-03-31,357.694950,358.045608,352.279464,353.117126,67011400
2022-04-01,353.380139,354.159334,349.269821,352.445099,54527800
2022-04-04,353.282732,359.711196,353.019760,359.701447,45950200
2022-04-05,358.250160,358.961197,350.574966,351.714569,62738700
2022-04-06,346.406235,347.506870,341.448533,344.078369,90077100
2022-04-07,343.084904,347.088096,339.627184,344.896576,63777400
2022-04-08,343.162878,343.912854,339.442156,340.075256,61956100
2022-04-11,335.848067,336.763638,331.689059,332.029968,66107400
2022-04-12,336.773282,338.653112,329.253933,330.627289,72790200
2022-04-13,330.968186,338.399878,330.247429,337.347961,61367800
2022-04-14,337.435578,337.951801,329.419475,329.633759,73519400
2022-04-18,328.581947,332.176043,327.062495,329.887115,58560600
2022-04-19,329.244241,337.835007,328.221544,337.260345,56515700
2022-04-20,338.068730,338.526515,331.124042,332.341553,65500000
2022-04-21,336.218155,338.828492,324.539797,325.465088,75801000
2022-04-22,325.620960,326.838471,316.513969,316.942535,82562100
2022-04-25,315.315896,321.325514,314.049667,321.013824,101755900
2022-04-26,318.958653,319.143717,308.624405,308.897156,105819600
2022-04-27,308.994635,314.488061,306.812865,308.527130,111204200
2022-04-28,313.484752,321.315791,309.267277,319.484650,99450000
2022-04-29,315.286681,318.724931,304.475177,305.108276,91977900
2022-05-02,304.699158,310.436084,301.601817,310.202332,115511800
2022-05-03,310.221849,312.822466,307.767357,310.533539,78185500
2022-05-04,311.010795,321.705424,305.731683,321.033356,116083400
2022-05-05,316.718478,316.796385,301.572622,304.864777,154607400
2022-05-06,302.868046,306.900427,297.179809,301.212219,139572800
2022-05-09,295.592282,301.309711,288.033962,289.426788,113387300
2022-05-10,296.595466,297.812977,288.861832,292.942932,124124600
2022-05-11,290.683194,296.186338,283.387878,284.254730,140326100
2022-05-12,279.978887,288.063150,277.534115,283.582703,120910900
2022-05-13,288.033948,295.124732,286.436559,294.092285,83684900
2022-05-16,292.348774,294.403949,289.407278,290.683228,59190400
2022-05-17,296.537075,298.592220,292.738416,298.212372,62715300
2022-05-18,293.702654,294.394192,282.316488,283.572968,79477100
2022-05-19,281.771056,286.738508,280.105479,282.053497,79920700
2022-05-20,285.511231,286.163801,272.927023,281.176880,91764200
2022-05-23,282.219048,286.231960,279.822995,285.852112,63648400
2022-05-24,280.641174,281.352182,274.913997,279.774292,73491100
2022-05-25,278.284082,285.764494,278.079549,283.689850,67144500
2022-05-26,282.891126,293.098749,282.608655,291.550049,59462200
2022-05-27,294.676666,301.212258,294.559790,301.066162,66985600
2022-05-31,301.036962,303.238202,296.420139,300.267487,60968300
2022-06-01,302.400543,304.523876,295.835733,298.046722,65341700
2022-06-02,296.926590,306.384207,295.514265,306.208893,59291300
2022-06-03,300.997886,302.400461,296.994725,298.241455,60914700
2022-06-06,302.673204,304.231624,297.676535,299.234955,51785000
2022-06-07,295.913700,302.595418,294.822814,301.816193,44900300
2022-06-08,301.017369,303.617985,298.796630,299.644043,38342100
2022-06-09,297.959001,301.017372,291.452630,291.618195,55900500
2022-06-10,286.017714,287.206006,280.884697,281.332733,85963500
2022-06-13,272.479058,275.001738,267.394729,268.251862,94442000
2022-06-14,270.443316,271.417325,266.235590,268.738800,64697500
2022-06-15,272.157582,279.374962,269.420590,275.449707,86051400
2022-06-16,268.427154,268.884940,262.281160,264.336334,81910300
2022-06-17,265.105765,269.985560,263.479187,267.550537,82703400
2022-06-21,272.026899,276.613553,271.919567,274.300690,51633700
2022-06-22,271.802405,278.301777,271.207132,273.900574,67472900
2022-06-23,276.379277,278.828748,273.549228,277.979736,57457800
2022-06-24,280.800065,287.924016,280.565863,287.504364,58422300
2022-06-27,288.860851,289.426849,284.264459,285.396484,54151500
2022-06-28,285.933246,288.519325,276.515996,276.701416,61609800
2022-06-29,276.564732,278.457944,274.066478,276.955078,57302700
2022-06-30,273.978685,277.091749,269.128554,273.520020,79313600
2022-07-01,272.222053,275.715694,270.348348,275.325348,56675100
2022-07-05,271.597424,280.155889,270.075052,280.038788,61829300
2022-07-06,280.419493,283.932672,278.701933,281.834503,63194700
2022-07-07,282.644478,288.568084,282.644478,287.865448,56620100
2022-07-08,285.035321,289.592698,284.098483,288.226471,59895500
2022-07-11,285.816075,286.040509,281.190408,282.068695,55273900
2022-07-12,283.317824,285.230543,277.745521,279.336212,55797100
2022-07-13,273.832189,281.102484,273.266162,278.760376,73939400
2022-07-14,276.164594,280.624378,273.051531,279.755859,63741800
2022-07-15,282.742013,284.937746,281.131786,284.830383,63818100
2022-07-18,287.611709,289.016980,281.248974,282.420013,59519600
2022-07-19,286.040521,291.398129,284.440091,291.105347,55172600
2022-07-20,291.525006,296.902091,290.744283,295.721283,67769400
2022-07-21,296.179946,300.024920,293.525548,299.966370,55049400
2022-07-22,299.039275,301.108138,292.881467,294.706360,57127700
2022-07-25,294.735655,295.204089,291.027318,293.027863,40582400
2022-07-26,291.329811,291.583550,286.460173,287.270142,50074100
2022-07-27,291.827480,301.098350,291.261452,299.410065,69304400
2022-07-28,299.195400,302.913504,295.448019,302.337738,55139900
2022-07-29,303.879597,308.759002,302.454789,307.851410,57501000
2022-08-01,306.085154,311.120705,304.992172,307.666077,46358800
2022-08-02,305.372782,310.866969,304.318814,306.748749,48676500
2022-08-03,308.427241,315.922032,308.368691,315.102295,53735700
2022-08-04,315.180333,316.888125,313.033383,316.575836,38973700
2022-08-05,311.491493,316.019566,310.710800,313.989746,53894000
2022-08-08,314.907109,318.595939,311.511032,312.974854,43878500
2022-08-09,311.081615,311.335353,307.812437,309.432373,39764200
2022-08-10,316.761201,318.361660,314.292224,318.068878,51459600
2022-08-11,320.391507,322.392051,315.560884,316.263519,45897700
2022-08-12,318.312906,322.616545,317.258967,322.421387,40928400
2022-08-15,321.474786,325.524686,321.455249,325.026978,38266600
2022-08-16,324.051113,326.354208,321.221063,324.265808,41186900
2022-08-17,321.133258,323.436324,318.488598,320.567230,47842200
2022-08-18,320.518429,322.518973,318.908231,321.338165,41937200
2022-08-19,318.303161,318.956985,314.311781,315.072968,51770600
2022-08-22,310.818116,311.052318,305.967986,306.777954,51098900
2022-08-23,306.543768,309.354311,305.772814,306.524261,39497100
2022-08-24,306.046005,309.227386,305.440963,307.412262,38057100
2022-08-25,309.188407,312.867498,308.144237,312.847961,38098300
2022-08-26,312.555213,313.755557,299.937077,300.024902,69047700
2022-08-29,297.272920,299.810217,295.965243,297.067993,48321900
2022-08-30,298.717259,299.332069,291.242005,293.759766,51184500
2022-08-31,296.658101,297.555925,291.944608,292.051941,50044000
2022-09-01,289.563418,292.549612,285.884357,292.178772,57990700
2022-09-02,295.047956,296.423952,286.440675,288.050903,64666800
2022-09-06,288.529060,289.446391,283.854581,285.981995,57005400
2022-09-07,286.460158,292.754574,286.196651,291.759186,49260400
2022-09-08,289.690353,294.589266,288.324125,293.271820,55649800
2022-09-09,295.526056,300.181028,293.271773,299.683319,56125200
2022-09-12,301.059366,303.577127,300.747077,303.245331,45905700
2022-09-13,294.520916,295.711492,285.728247,286.616302,79562200
2022-09-14,287.758080,289.768393,285.991738,288.890106,54907200
2022-09-15,286.977409,289.378069,282.478581,284.079041,65299400
2022-09-16,280.780473,282.732235,278.731117,282.341888,79920400
2022-09-19,279.701344,284.697044,279.642688,284.540619,52613800
2022-09-20,282.037900,284.560215,279.975104,282.272552,51271100
2022-09-21,283.113246,287.375749,277.081256,277.218109,82931000
2022-09-22,275.693072,276.700035,272.584200,273.806244,62757100
2022-09-23,271.342590,271.635898,265.936270,269.348236,74815200
2022-09-26,268.878946,273.239190,267.441822,268.233704,71176700
2022-09-27,271.596728,273.943045,266.024197,268.341217,69780100
2022-09-28,268.321658,274.959807,266.845449,273.679108,79652100
2022-09-29,269.690397,270.071689,262.827409,265.789642,81216000
2022-09-30,264.968357,269.035321,261.126259,261.282684,78482400
2022-10-03,263.052232,269.006025,261.546666,267.412476,61267400
2022-10-04,272.750342,276.524028,272.750342,275.820129,66696900
2022-10-05,272.056292,277.462613,269.260270,275.673553,55766300
2022-10-06,274.676318,277.824304,273.180538,273.503174,53489400
2022-10-07,268.869125,268.996222,261.751944,263.081543,71354700
2022-10-10,263.277040,263.668118,257.743653,260.451691,60393000
2022-10-11,258.779904,261.644367,255.191972,256.873505,66522500
2022-10-12,257.509085,259.425241,256.091532,256.785645,50580200
2022-10-13,249.453334,264.127644,248.573454,262.807831,112894100
2022-10-14,265.134622,265.730965,254.321982,254.908539,77244300
2022-10-17,260.872085,264.196038,260.774316,263.325958,64576500
2022-10-18,270.345432,271.010216,262.729646,265.408386,69781000
2022-10-19,263.892987,267.559118,262.074600,264.440460,53115400
2022-10-20,263.550798,268.693167,261.927951,263.091309,60605500
2022-10-21,261.986558,269.797850,260.852498,269.260162,77897700
2022-10-24,269.524161,273.151178,265.887358,272.222443,63963600
2022-10-25,273.160972,278.234899,271.684733,277.853607,59014500
2022-10-26,272.232165,277.628728,271.225202,271.714020,63492400
2022-10-27,270.599585,272.056251,266.249097,266.767242,57760300
2022-10-28,266.141583,275.399787,265.975371,274.930511,62651300
2022-10-31,272.681919,273.503129,269.817426,271.733612,47742000
2022-11-01,275.204193,275.761452,268.595372,268.957092,45895900
2022-11-02,268.927863,271.987865,259.669657,259.738098,79803100
2022-11-03,257.127767,258.584434,254.282846,254.664108,70038900
2022-11-04,259.591341,260.647173,253.285585,258.760345,78313200
2022-11-07,259.806472,262.143033,257.675235,261.605316,47333800
2022-11-08,263.120671,266.747688,259.581607,263.511719,63213800
2022-11-09,261.771549,262.553645,257.147325,257.430847,64862100
2022-11-10,269.836990,276.719518,267.725295,276.426239,99256700
2022-11-11,276.240462,282.184498,274.901108,281.519684,66961800
2022-11-14,279.466681,282.741764,278.078456,279.056091,55290700
2022-11-15,285.674663,286.701197,279.574231,282.917755,73985400
2022-11-16,280.962491,283.005744,278.234882,279.056091,48859800
2022-11-17,274.598118,279.916454,274.441693,278.440216,55462100
2022-11-18,281.451328,281.549068,276.005894,278.449982,53588600
2022-11-21,277.061719,278.215321,274.754515,275.585510,40083500
2022-11-22,276.318688,279.711052,274.187422,279.554657,41873400
2022-11-23,279.574269,282.986206,279.398302,282.360535,46390000
2022-11-25,280.766972,281.470870,280.014204,280.503021,15498800
2022-11-28,278.528200,280.542125,275.458441,276.387177,38714200
2022-11-29,276.612065,277.012899,272.926391,274.295074,35618900
2022-11-30,274.559002,286.906536,273.708464,286.798981,74718100
2022-12-01,287.121612,289.135538,284.374460,287.150940,51547300
2022-12-02,282.086845,286.887037,281.910848,286.007141,53583200
2022-12-05,283.885619,285.156533,279.750213,281.206909,41482100
2022-12-06,281.050519,281.187373,273.991994,275.380219,53937600
2022-12-07,274.197326,276.250365,272.545120,274.255981,45614300
2022-12-08,275.605095,278.469558,273.532513,277.501709,42594900
2022-12-09,276.484885,279.251608,275.292169,275.732117,47860500
2022-12-12,275.908154,279.251679,274.871863,279.192993,35732500
2022-12-13,290.015385,290.240251,279.515595,282.194305,80667700
2022-12-14,281.607740,284.892609,276.856448,280.102203,64984400
2022-12-15,276.015602,276.680416,269.504581,270.697296,60554100
2022-12-16,270.022733,271.557597,266.512998,268.116333,68300400
2022-12-19,268.385914,268.474108,263.113640,264.348419,44167900
2022-12-20,263.182191,265.886933,261.604445,264.142578,51064200
2022-12-21,265.181368,269.277658,264.338574,267.974304,46394700
2022-12-22,264.965750,265.093151,257.204331,261.418243,60278400
2022-12-23,260.154088,262.672632,258.252933,262.006226,39373600
2022-12-27,261.398636,261.506449,257.762936,258.301910,38009000
2022-12-28,257.900164,260.154096,254.529046,254.891632,47139000
2022-12-29,257.694290,262.045382,256.998515,261.104614,45893600
2022-12-30,258.341107,261.075247,257.037753,260.947845,37858300
2023-01-03,263.270380,264.740343,256.880951,259.183899,42335300
2023-01-04,261.300642,262.094420,257.272928,260.418640,47754900
2023-01-05,258.752741,258.919320,256.028411,256.341980,45396700
2023-01-06,258.076451,264.534483,255.126716,263.417297,54659700
2023-01-09,265.406730,269.777442,264.514979,265.122559,45568700
2023-01-10,264.093645,267.474573,263.584068,267.366760,35247800
2023-01-11,268.434902,272.100000,267.650903,271.992188,44077000
2023-01-12,272.550758,274.491120,268.258461,273.462128,60600000
2023-01-13,270.963198,275.588683,270.630010,275.343689,44802900
2023-01-17,275.147652,277.186017,273.981479,275.902252,36269700
2023-01-18,277.440835,278.989213,272.109796,272.315582,47754500
2023-01-19,270.688870,271.825646,268.405540,269.640289,44150400
2023-01-20,271.247430,277.352658,270.189040,277.019470,60613600
2023-01-23,277.862256,284.398675,277.068478,283.173706,52799900
2023-01-24,281.556718,283.751853,281.037332,282.595490,44875100
2023-01-25,278.087569,282.585652,275.549436,281.968292,50872000
2023-01-26,285.388430,287.642361,282.742484,287.465973,51596300
2023-01-27,286.152780,292.287435,286.035188,290.327484,56441900
2023-01-30,287.064228,288.485204,284.085123,284.457489,49405800
2023-01-31,284.496676,288.818371,284.388893,288.720367,46705100
2023-02-01,288.514636,297.354006,286.446872,294.894287,67562200
2023-02-02,301.411044,307.398679,300.587868,305.477936,83070600
2023-02-03,298.833760,306.134590,298.441775,300.048920,76170800
2023-02-06,297.432327,299.784262,296.168150,297.510712,40802300
2023-02-07,297.383349,304.801771,296.266192,303.674805,67584000
2023-02-08,302.361596,303.302364,297.589121,298.275085,56720900
2023-02-09,302.655605,302.802595,294.188633,295.638977,49137800
2023-02-10,293.483043,295.531188,291.297687,293.698639,50050100
2023-02-13,295.099984,298.990488,293.924002,298.402496,39636700
2023-02-14,296.824732,301.557999,294.884370,300.607422,64079100
2023-02-15,298.794522,303.077010,298.108557,302.910431,43100600
2023-02-16,298.284861,302.253749,297.079481,297.226471,59498600
2023-02-17,295.041200,295.883965,292.130672,295.129395,58230700
2023-02-21,291.307482,292.748047,288.004970,288.142151,46526700
2023-02-22,288.720313,290.425461,286.701566,288.357727,51389200
2023-02-23,292.003309,292.160108,286.691828,290.876343,69294400
2023-02-24,285.917726,287.103488,284.241946,286.005920,74332000
2023-02-27,289.161424,290.552973,287.466055,288.054047,48995000
2023-02-28,287.426776,290.190314,287.093588,287.681580,48243100
2023-03-01,287.387613,288.044180,284.388891,285.368866,58287000
2023-03-02,282.879670,288.534117,282.595469,287.730530,53565900
2023-03-03,289.474943,293.914231,288.965337,293.679016,60511500
2023-03-06,294.913798,297.912520,293.816230,294.012207,56736300
2023-03-07,294.061264,294.982444,289.798365,290.405945,65955800
2023-03-08,290.827301,292.454063,288.975163,291.856293,50876300
2023-03-09,292.356066,294.953025,285.986225,286.799622,71456700
2023-03-10,286.966205,288.455787,281.625357,282.771912,98593600
2023-03-13,280.988415,288.573417,279.479244,284.869110,97123600
2023-03-14,288.416591,291.964098,287.573826,291.415314,73602500
2023-03-15,288.808533,293.277219,287.367969,292.944031,83631500
2023-03-16,292.032649,301.028815,291.238871,300.666229,98198100
2023-03-17,300.578052,302.959385,297.295128,299.245270,89923700
2023-03-20,298.628938,300.631161,296.420579,300.307281,56359500
2023-03-21,302.240829,305.047883,300.729322,304.596405,49757000
2023-03-22,304.527656,309.415499,300.287631,300.454468,75791900
2023-03-23,304.184170,308.335864,301.328024,304.017303,74576000
2023-03-24,303.595280,305.234356,301.269147,305.136230,57195200
2023-03-27,305.833028,306.912676,302.191700,303.045593,50287400
2023-03-28,302.466590,302.496033,299.129491,301.436005,48585900
2023-03-29,305.126400,307.550688,304.311744,306.932343,53274300
2023-03-30,309.405665,310.465694,307.020646,309.837524,58354800
2023-03-31,310.063305,315.225966,309.759045,314.990387,62138100
2023-04-03,312.870359,314.489845,311.545368,314.224823,47126800
2023-04-04,314.666508,315.677444,311.947754,313.164825,45875400
2023-04-05,312.212767,313.154991,308.257353,310.073120,62795700
2023-04-06,308.424212,312.654443,307.030509,312.163696,46916500
2023-04-10,309.238833,312.036092,307.452509,311.987000,45134700
2023-04-11,311.947757,312.006674,309.474406,309.984772,40113600
2023-04-12,311.937901,312.526802,306.785066,307.246368,62813300
2023-04-13,309.003326,313.734128,307.825553,313.263031,54613800
2023-04-14,311.712229,314.430953,309.768863,312.674103,56278300
2023-04-17,312.261855,313.292440,310.190920,312.939087,43007000
2023-04-18,315.049324,315.471389,311.761348,312.958740,46746900
2023-04-19,310.554042,313.871491,310.426443,312.811462,38960100
2023-04-20,309.847437,313.361167,309.140761,310.426514,62462100
2023-04-21,310.063278,311.525693,308.286780,310.750305,59002300
2023-04-24,310.524635,311.859450,307.933480,310.102600,44043100
2023-04-25,308.473305,309.140712,304.154743,304.252869,57121600
2023-04-26,307.639034,309.111273,305.577894,306.098083,55400500
2023-04-27,309.857208,314.921683,309.219214,314.421143,65430400
2023-04-28,314.185541,316.678541,313.056831,316.590210,59712600
2023-05-01,316.128957,317.640464,315.147464,316.227112,41013400
2023-05-02,316.158396,316.482306,311.731855,313.469116,56519400
2023-05-03,313.832218,316.501879,311.309775,311.417755,59882100
2023-05-04,311.191964,312.340323,309.287866,310.318451,50224500
2023-05-05,312.575974,317.768078,310.357791,316.914185,51806100
2023-05-08,316.452826,318.042839,315.373178,317.699310,36465800
2023-05-09,316.040640,316.904358,315.373232,315.687317,31768800
2023-05-10,318.121386,319.976422,315.648036,319.122528,60446600
2023-05-11,319.672126,320.702681,318.121351,320.162872,44278500
2023-05-12,320.692870,321.114935,316.963211,319.014526,48432800
2023-05-15,319.485695,320.977553,317.964363,320.742004,33375600
2023-05-16,320.025455,322.812890,319.986187,321.105103,40019200
2023-05-17,322.165088,325.570868,320.987315,324.991791,47486100
2023-05-18,325.384402,331.243914,325.364783,331.027985,64213500
2023-05-19,331.243918,331.950593,329.222045,330.282074,61554900
2023-05-22,330.026855,332.402080,330.017030,331.391144,43015900
2023-05-23,329.673574,330.821903,326.837046,327.190369,48216700
2023-05-24,325.237268,326.748775,323.460769,325.512085,62891200
2023-05-25,332.863395,334.698781,330.439107,333.432648,66862800
2023-05-26,334.453379,342.786240,334.355223,341.951965,63007000
2023-05-30,346.182294,347.379716,342.079662,343.502838,72652200
2023-05-31,341.922563,344.111302,340.097001,341.549591,65105400
2023-06-01,341.294422,346.820200,340.244218,345.495209,50488600
2023-06-02,347.252029,349.244458,345.495179,348.086304,53372100
2023-06-05,347.870393,350.883582,347.301140,348.331696,47266200
2023-06-06,347.723194,349.234701,346.398173,348.272827,41390400
2023-06-07,348.557443,350.510603,341.736058,342.364227,69225900
2023-06-08,342.658691,347.075408,342.432967,346.614105,47153900
2023-06-09,348.066716,351.040638,346.496322,347.939117,53196900
2023-06-12,349.597801,353.916362,348.626133,353.818207,44606500
2023-06-13,356.566400,357.371201,353.366725,356.536957,57097800
2023-06-14,356.546783,359.412754,353.749553,359.128113,69525600
2023-06-15,357.861983,364.889474,357.243668,363.407440,71138800
2023-06-16,365.821902,365.949501,360.678891,361.120544,80932000
2023-06-20,359.669837,361.999160,357.645192,360.603516,49204700
2023-06-21,359.463490,359.895941,354.765521,355.689392,53378300
2023-06-22,354.441173,360.043336,354.038205,359.886108,47603000
2023-06-23,355.994006,358.618198,354.627876,356.318359,48922900
2023-06-26,355.787619,358.578877,351.453296,351.541748,52685500
2023-06-27,353.084824,358.313533,352.357533,357.586212,49428100
2023-06-28,355.768023,360.230090,355.689379,358.284088,46498000
2023-06-29,357.989203,358.628072,355.925265,357.566589,46151000
2023-06-30,361.242449,364.131998,360.927964,363.080383,58712500
2023-07-03,363.719199,364.564426,362.638070,363.935425,19432900
2023-07-05,362.372695,365.625890,362.333373,363.925568,34460900
2023-07-06,360.220313,361.596281,358.264443,361.153992,49374700
2023-07-07,360.927956,364.122183,359.728892,359.954926,47133700
2023-07-10,359.679685,360.750976,357.173458,360.072815,48498800
2023-07-11,360.495454,362.303874,358.362680,361.851776,38214100
2023-07-12,365.950224,367.768482,363.945224,366.421997,61975400
2023-07-13,369.596565,373.468953,369.016694,372.643372,46960000
2023-07-14,373.075793,376.289665,371.689987,372.564728,55148500
2023-07-17,373.282140,376.918656,372.800559,376.043915,40868900
2023-07-18,375.405140,380.486430,373.478784,379.120270,55262000
2023-07-19,380.181734,381.321831,377.704961,379.031799,54093000
2023-07-20,376.043987,377.508437,369.272242,370.294403,71941700
2023-07-21,372.672781,373.400102,368.751264,369.183716,60499600
2023-07-24,370.156790,371.100307,367.915919,369.773499,40380100
2023-07-25,370.481112,373.940694,370.461436,372.279694,38894400
2023-07-26,371.237901,372.731805,368.741481,371.041321,47075700
2023-07-27,376.496091,378.107932,368.869252,370.156769,63940200
2023-07-28,374.206049,377.921179,373.694984,376.899048,56902900
2023-07-31,377.203739,378.275030,375.778611,377.095612,44019900
2023-08-01,375.749113,376.977661,374.156919,376.220886,41060600
2023-08-02,372.751478,372.751478,366.726671,367.965057,72687100
2023-08-03,365.557047,369.498240,365.389952,367.375305,47666400
2023-08-04,369.301750,371.611428,365.154169,365.655426,61702800
2023-08-07,367.463826,368.849633,365.134503,368.751343,37230400
2023-08-08,366.245059,366.264705,362.490608,365.616028,44726500
2023-08-09,365.901091,366.058349,360.839477,361.596252,51150900
2023-08-10,364.603718,367.935526,360.741169,362.264557,72035300
2023-08-11,359.709216,361.684732,358.431537,359.954926,48707200
2023-08-14,359.158804,364.112321,358.441351,363.994385,42130800
2023-08-15,363.021355,363.817482,359.463483,360.131836,45539900
2023-08-16,359.591199,361.124425,356.220070,356.318359,53190500
2023-08-17,357.714039,358.058039,352.013586,352.426361,62604300
2023-08-18,349.163388,353.242164,348.622808,351.984131,61191400
2023-08-21,353.448511,358.333221,352.986575,357.655060,50696500
2023-08-22,360.259564,360.269402,356.455983,357.143982,44530200
2023-08-23,358.323436,363.866663,358.107210,362.775696,51770600
2023-08-24,366.245090,366.343350,354.814669,355.021057,66842500
2023-08-25,355.856432,359.463433,352.426304,357.772949,69960500
2023-08-28,360.692007,361.399652,357.999038,360.465973,40910000
2023-08-29,360.269403,368.692339,359.945079,368.338501,58492400
2023-08-30,368.446637,370.972540,367.444123,370.392639,41731500
2023-08-31,370.471266,373.203557,370.402460,371.503235,35730700
2023-09-01,373.871882,374.294496,369.626011,371.110107,39801200
2023-09-05,370.304170,372.800589,369.380299,371.581879,32344200
2023-09-06,370.805440,371.149440,366.304051,368.309021,42998700
2023-09-07,363.856791,366.451500,362.814984,365.675049,52060700
2023-09-08,365.625870,368.417129,365.222903,366.186066,35800100
2023-09-11,369.213246,371.011828,367.247569,370.500763,39936600
2023-09-12,368.829938,370.481130,366.107485,366.392517,41391000
2023-09-13,366.628374,369.390149,365.498115,367.788116,46300700
2023-09-14,369.537622,371.778493,367.473684,370.795654,48039400
2023-09-15,369.458956,369.861924,363.512763,364.446472,69811200
2023-09-18,363.507448,365.938575,363.222004,364.826355,36903500
2023-09-19,363.507466,364.846047,361.027108,364.048798,37621700
2023-09-20,365.111855,365.466175,358.723977,358.802734,45514200
2023-09-21,355.121576,355.909003,352.060537,352.227844,69734800
2023-09-22,353.970031,356.105862,351.962129,352.277100,51589700
2023-09-25,351.312443,354.038866,350.328181,353.950256,39168000
2023-09-26,351.371530,351.912892,347.651023,348.635284,53657700
2023-09-27,349.786916,351.361741,345.830165,349.452271,56066000
2023-09-28,348.536814,354.501466,347.680511,352.375458,56453300
2023-09-29,355.849963,357.237776,351.401082,352.631409,64829600
2023-10-02,352.897178,356.972006,352.286941,355.574371,51625100
2023-10-03,353.133372,355.328286,347.719934,349.334137,60478500
2023-10-04,350.170763,354.934585,349.708158,354.088135,54786700
2023-10-05,354.078232,354.481783,349.550653,353.044769,45897400
2023-10-06,350.052620,360.151153,349.265223,358.960205,75049100
2023-10-09,356.597960,361.332256,355.101893,360.790924,45304800
2023-10-10,361.125566,365.436637,360.623614,362.788971,46968800
2023-10-11,364.117710,365.564576,362.395252,365.377563,38215100
2023-10-12,365.879569,367.857914,361.716131,364.107880,49587900
2023-10-13,364.737757,365.318468,358.133341,359.531006,52469900
2023-10-16,360.849971,364.649236,360.702338,363.596069,44201100
2023-10-17,360.052721,364.098052,357.936565,362.405121,50999100
2023-10-18,359.914943,362.119679,356.322364,357.651123,54280500
2023-10-19,359.068480,360.259428,353.507407,354.304657,72274200
2023-10-20,353.802693,354.373581,348.792805,349.019196,72559700
2023-10-23,347.700283,353.605853,345.593949,350.072357,60665200
2023-10-24,351.883376,354.245598,350.190445,353.477875,47082100
2023-10-25,351.086122,351.263282,344.245492,344.826202,71190500
2023-10-26,343.625403,344.560463,336.961962,338.251343,78621400
2023-10-27,340.977796,343.349870,338.664774,339.875427,63476700
2023-10-30,342.355669,345.023039,340.997413,343.704132,55298500
2023-10-31,343.733636,345.721833,341.164698,345.347809,47671900
2023-11-01,346.184519,351.903077,346.086087,351.342041,58992700
2023-11-02,355.849910,357.956214,354.629406,357.720001,58162400
2023-11-03,359.009385,363.212171,358.782994,361.922791,53280500
2023-11-06,362.690500,363.960206,361.135381,363.399170,38848700
2023-11-07,364.442541,367.700445,363.241741,366.834320,50777400
2023-11-08,367.208307,367.907154,364.787032,367.070526,35663400
2023-11-09,367.759487,368.901204,363.753536,364.245667,53859400
2023-11-10,365.968178,372.582417,365.436668,372.434784,58309800
2023-11-13,370.859942,372.326483,369.334319,371.273315,40733500
2023-11-14,377.671004,380.180889,377.149347,379.265503,67792600
2023-11-15,381.155316,381.647446,378.192679,379.550964,54141400
2023-11-16,378.783247,380.112007,377.523394,379.875793,45343500
2023-11-17,379.147402,380.978144,378.241898,379.964355,46571900
2023-11-20,379.974203,385.249862,379.974203,384.590393,44429600
2023-11-21,382.887589,383.104127,380.613947,382.356079,43337000
2023-11-22,384.423065,386.883719,382.917146,383.921082,44121000
2023-11-24,383.517542,384.108105,382.385647,383.379761,15718800
2023-11-27,382.887620,384.993924,382.169098,383.045105,34139700
2023-11-28,382.297057,384.629752,381.942707,384.049042,35491100
2023-11-29,386.509666,387.936857,383.330490,383.674988,38811700
2023-11-30,383.940776,384.403380,379.747842,382.710449,52834400
2023-12-01,381.647474,384.393572,379.993921,383.803009,40490100
2023-12-04,380.013508,380.515491,376.637498,380.239899,51186900
2023-12-05,378.340349,382.385650,378.163159,381.194702,42933000
2023-12-06,384.127776,384.226208,378.645462,378.989929,41994100
2023-12-07,381.962466,385.112085,380.869919,384.285309,49593500
2023-12-08,382.553009,386.440825,382.365997,385.997925,46687500
2023-12-11,385.574598,389.560875,385.367911,389.295105,41198000
2023-12-12,389.334530,392.513706,388.202635,392.395599,39221200
2023-12-13,393.330620,397.996010,392.562897,397.385773,55408100
2023-12-14,398.606263,399.905465,394.039274,397.041290,55447800
2023-12-15,397.818824,400.141697,397.218439,398.960571,62896600
2023-12-18,399.353097,402.370951,399.027655,401.473480,46610000
2023-12-19,401.927188,403.643214,401.739802,403.524872,35711900
2023-12-20,402.726034,404.816831,397.351081,397.528595,54042400
2023-12-21,401.453779,402.518921,398.899453,402.153992,45568900
2023-12-22,403.367072,404.323713,400.881789,402.755615,34314000
2023-12-26,403.613666,405.891850,403.515037,405.221222,22722500
2023-12-27,405.503353,406.332216,404.644858,406.046051,31980500
2023-12-28,407.200592,407.447279,405.493510,405.848724,27029200
2023-12-29,405.829060,406.184304,402.178086,404.092377,42662100
2024-01-02,400.461106,400.707793,394.935321,397.254181,58026900
2024-01-03,394.629398,395.685224,392.616458,393.050598,47002800
2024-01-04,391.185746,394.293991,390.810777,391.027863,39432800
2024-01-05,391.195565,394.264332,390.100261,391.491577,44922800
2024-01-08,392.715111,399.869020,392.567105,399.582886,42473800
2024-01-09,396.583182,401.299828,396.385821,400.372284,39132900
2024-01-10,400.688090,404.092347,399.800024,403.085876,33962800
2024-01-11,404.358792,405.750108,398.882332,403.924622,54536200
2024-01-12,404.960669,405.799409,402.740490,404.131805,39595000
2024-01-16,402.898422,405.671177,401.438026,404.092377,43903000
2024-01-17,400.786794,402.187957,397.579868,401.812988,54386000
2024-01-18,405.079062,408.098504,403.737102,407.516327,59562500
2024-01-19,409.716809,415.755692,409.134632,415.597809,70325100
2024-01-22,417.798229,419.100742,415.538572,416.140503,44880600
2024-01-23,416.831269,418.084456,414.995935,417.867371,33003800
2024-01-24,421.774865,424.152927,419.692815,420.186188,46948000
2024-01-25,422.682619,423.353630,418.360696,420.699280,44367200
2024-01-26,418.814618,420.561148,417.541706,418.192963,37137000
2024-01-29,418.646853,422.672795,417.995597,422.475433,38694700
2024-01-30,421.439369,422.011669,418.755418,419.663208,36739000
2024-01-31,415.272184,417.265401,411.265996,411.443604,64010600
2024-02-01,413.239531,416.781947,412.272509,416.288574,51008600
2024-02-02,418.183066,424.537714,417.186473,423.324036,59602400
2024-02-05,423.383262,423.916084,419.367197,422.771484,39889200
2024-02-06,423.916068,424.517999,419.584268,421.922852,35846100
2024-02-07,424.705450,427.093359,423.402938,426.264496,37712700
2024-02-08,426.382945,427.813739,425.702117,427.053955,29889900
2024-02-09,428.188680,432.046861,427.399295,431.257446,36943900
2024-02-12,431.148960,433.319814,428.889303,429.570160,33203300
2024-02-13,421.616991,425.554099,419.692823,422.870148,64491700
2024-02-14,425.544257,427.902565,423.195796,427.478271,45092700
2024-02-15,428.169013,429.214962,425.613314,428.751190,38796100
2024-02-16,429.126155,429.224806,424.152945,424.863403,53716500
2024-02-20,422.870112,424.379832,417.887055,421.656433,53999500
2024-02-21,418.923107,420.057889,416.041824,419.969055,49779000
2024-02-22,428.731408,433.300049,427.961747,432.263977,53887800
2024-02-23,433.823015,434.750559,430.014189,430.991058,39853900
2024-02-26,431.800170,432.786917,430.576584,430.764069,33043200
2024-02-27,431.869250,432.184986,429.264226,431.800171,33713200
2024-02-28,429.658921,430.882506,428.543893,429.501038,32938800
2024-02-29,432.421887,434.257221,429.254410,433.181671,42495200
2024-03-01,434.069697,440.661155,434.010495,439.704010,43853000
2024-03-04,439.703994,440.128318,437.888384,438.135071,34325700
2024-03-05,435.095925,435.105803,427.902536,430.270721,57917100
2024-03-06,434.484116,436.131966,431.099584,432.974396,46234500
2024-03-07,436.556303,440.799300,435.016951,439.546143,44526700
2024-03-08,439.901402,442.693911,432.530405,433.201385,72096000
2024-03-11,431.711361,432.846113,429.668789,431.592957,45860000
2024-03-12,433.901971,438.135091,430.675291,437.779877,55300900
2024-03-13,436.783255,436.803009,433.300041,434.415070,37928700
2024-03-14,435.648531,436.171506,430.606272,433.319824,52195200
2024-03-15,430.290444,433.053321,427.004562,428.168945,73069800
2024-03-18,433.487658,435.770053,432.015441,432.252594,47323800
2024-03-19,430.246845,433.734664,428.152151,433.329559,43004100
2024-03-20,434.525093,438.803341,432.825644,438.467407,43653500
2024-03-21,443.516402,443.970897,440.344766,440.542358,39345700
2024-03-22,440.028512,442.142926,439.178773,441.046204,28253900
2024-03-25,438.250024,440.927664,437.252113,439.445587,27789200
2024-03-26,440.967169,441.886080,437.795534,438.022797,34142000
2024-03-27,441.105518,441.204329,436.649398,439.514740,41359200
2024-03-28,439.465378,440.315118,438.348876,438.704590,36839600
2024-04-01,439.653081,442.182490,437.726370,439.633331,38729000
2024-04-02,434.821481,436.155356,432.795988,435.839172,44259700
2024-04-03,433.714888,438.694674,433.705028,436.817383,39949800
2024-04-04,440.996825,441.609442,429.910890,430.138153,57267700
2024-04-05,431.560937,437.874598,430.750728,435.206848,54744600
2024-04-08,436.135585,437.212557,433.952001,435.335266,28144900
2024-04-09,437.667120,437.943773,432.213088,436.945862,39443600
2024-04-10,431.778302,433.991527,431.066904,433.131927,61502200
2024-04-11,434.999413,440.996861,432.726877,440.048340,45474600
2024-04-12,435.829344,436.955706,431.659767,433.033142,53665000
2024-04-15,436.777832,436.866753,425.069422,425.909271,63453600
2024-04-16,425.751200,428.577041,424.565557,425.948822,47619000
2024-04-17,427.924908,427.944658,419.822878,420.751648,56880500
2024-04-18,421.393892,423.122981,417.777622,418.350708,46549400
2024-04-19,417.174896,417.698562,408.134236,409.695343,75231000
2024-04-22,412.323585,416.147338,408.993858,413.815552,47807700
2024-04-23,415.742207,421.186378,413.864916,419.990845,44384700
2024-04-24,423.083474,424.595191,419.131270,421.413666,48440300
2024-04-25,414.230528,420.237896,413.143696,419.378296,57392200
2024-04-26,422.510419,427.381504,421.818801,425.850037,41874900
2024-04-29,427.954535,428.577012,424.842181,427.579071,30022200
2024-04-30,425.998183,427.391339,419.437540,419.516571,43665900
2024-05-01,418.093835,425.000333,415.633597,416.483307,52251700
2024-05-02,420.218063,422.698080,415.603882,421.798950,36559000
2024-05-03,429.248969,431.264601,427.450708,430.276550,48515300
2024-05-06,432.074739,435.078423,431.304060,434.989502,30227200
2024-05-07,435.434119,436.688933,434.327476,435.058655,30996100
2024-05-08,432.440362,436.204834,432.321770,434.801788,24896700
2024-05-09,435.068517,436.323361,433.220866,435.750275,24580100
2024-05-10,437.252168,439.001008,435.236536,436.777893,27116600
2024-05-13,438.684775,438.783586,436.372739,437.785645,22994200
2024-05-14,437.360817,441.135180,437.173085,440.601624,34478300
2024-05-15,443.071722,447.735325,441.560006,447.488312,41464700
2024-05-16,447.300634,449.256986,446.411394,446.579376,34780400
2024-05-17,446.707732,447.310459,444.168464,446.361938,35803700
2024-05-20,446.579292,450.136251,446.391559,449.474274,24474200
2024-05-21,447.626637,450.541370,447.429015,450.353638,23167700
2024-05-22,450.610533,451.361462,447.666131,450.264709,25120000
2024-05-23,455.046852,455.076492,446.450827,448.239197,40899200
2024-05-24,449.849808,453.742732,448.150359,452.478027,29669500
2024-05-28,453.693291,454.246598,451.233054,454.187317,26216800
2024-05-29,450.037533,452.764533,449.899191,450.986053,29739200
2024-05-30,450.057263,450.195605,444.830465,446.154449,30536800
2024-05-31,446.381715,447.073363,437.765909,445.324493,55941300
2024-06-03,449.138433,450.136345,442.548119,447.715637,32997500
2024-06-04,447.458658,450.136268,445.739459,448.940735,23767400
2024-06-05,452.507631,458.070333,448.980282,457.991302,33817400
2024-06-06,458.673101,458.989285,456.667359,457.833252,21966800
2024-06-07,457.467601,460.174851,456.321458,457.428070,25829700
2024-06-10,456.301804,459.631532,456.015261,459.275818,20660800
2024-06-11,458.001193,462.546234,456.509227,462.427643,22053300
2024-06-12,466.350212,470.806332,465.658594,468.484406,34532600
2024-06-13,472.011763,472.673771,468.751207,471.023712,25859000
2024-06-14,470.826063,473.533343,470.361678,473.464172,23372600
2024-06-17,473.730946,481.042518,472.426742,479.264038,37054500
2024-06-18,479.214670,480.094020,477.653532,479.412262,24438600
2024-06-20,480.607845,481.022810,473.889079,475.716980,33918700
2024-06-21,475.440294,476.774168,472.950416,474.442352,37456800
2024-06-24,473.217220,474.949057,468.902484,469.041016,37751000
2024-06-25,471.129110,474.701629,470.188957,474.404755,29014700
2024-06-26,473.583342,475.928770,473.167718,475.384460,22737100
2024-06-27,475.137107,478.086190,474.325610,476.611633,26222100
2024-06-28,477.403312,482.143607,473.494295,474.137543,34881600
2024-07-01,475.057903,477.482457,471.317135,476.918396,24898300
2024-07-02,475.424053,481.985248,475.295397,481.925873,26723600
2024-07-03,481.173803,486.072442,481.173803,485.943787,18064900
2024-07-05,486.784917,491.446025,486.488012,491.010590,28495900
2024-07-08,491.376754,492.732530,490.357445,492.178345,22109400
2024-07-09,493.692472,494.810749,491.089762,492.603882,25614500
2024-07-10,494.523781,498.294237,493.217504,497.740051,28046900
2024-07-11,497.848891,498.056703,485.636966,486.824493,49966600
2024-07-12,487.398516,494.434711,486.933393,489.684540,37109400
2024-07-15,491.455919,495.810278,488.962084,491.000702,31151400
2024-07-16,492.455466,493.266962,488.031856,491.188751,25950600
2024-07-17,483.212373,483.726966,476.700677,476.769928,56268800
2024-07-18,480.490964,480.669089,471.327059,474.513641,49347400
2024-07-19,474.177163,476.690810,469.021243,470.307739,42042900
2024-07-22,476.166305,478.333579,472.752099,477.314270,40300000
2024-07-23,476.413706,479.402353,475.156898,475.631897,23282500
2024-07-24,468.902483,469.268638,457.709865,458.570831,58818600
2024-07-25,458.907304,463.083509,450.901270,453.513855,59256800
2024-07-26,457.848383,461.094341,454.998269,458.165070,39992100
2024-07-29,460.876662,463.053841,456.829113,459.085449,28218500
2024-07-30,461.015214,461.717837,449.436629,452.781555,41317200
2024-07-31,463.014229,467.883181,461.569390,466.181030,44552100
2024-08-01,466.863830,470.614474,451.247605,454.889404,56653900
2024-08-02,446.210456,448.862634,439.857073,444.092651,66323200
2024-08-05,420.302133,437.699695,419.055230,430.851501,87483500
2024-08-06,432.692236,442.430108,430.049933,434.968353,63164400
2024-08-07,441.856086,444.340046,429.861878,430.257721,54929200
2024-08-08,436.482452,444.330143,432.613028,443.419708,47890100
2024-08-09,442.103519,447.368313,440.985242,445.735443,33574000
2024-08-12,446.705279,449.654332,443.894728,446.695374,27795000
2024-08-13,451.089263,458.046300,450.950701,457.779083,40084500
2024-08-14,458.699424,460.282794,453.642443,457.927521,34733700
2024-08-15,463.895015,469.892119,463.518954,469.496277,38280600
2024-08-16,467.714923,471.465597,466.754989,470.099915,38383600
2024-08-19,470.238419,476.314679,468.457082,476.275085,23737700
2024-08-20,475.364697,477.927813,473.583360,475.275635,29209300
2024-08-21,476.057377,479.342927,474.345351,477.492340,25658800
2024-08-22,479.808062,480.500809,468.892538,469.921753,37739600
2024-08-23,474.266219,477.729894,470.347326,475.018341,36061500
2024-08-26,474.474037,475.394378,468.328466,470.406677,27452600
2024-08-27,468.773805,472.880729,466.814344,471.811951,27510000
2024-08-28,471.346801,472.069205,463.033987,466.458069,37372400
2024-08-29,468.368072,472.969806,464.498648,465.775269,41081500
2024-08-30,470.109811,471.950493,465.626827,471.327026,33466500
2024-09-03,468.288924,468.417550,454.642035,457.017120,44985200
2024-09-04,453.909721,459.629733,452.979475,455.829559,32505100
2024-09-05,454.206573,460.530238,453.187264,456.255096,34452400
2024-09-06,455.552474,456.433251,443.538484,444.033295,50624400
2024-09-09,448.357883,450.732969,445.151519,449.743347,32981200
2024-09-10,451.504883,454.404497,447.536522,453.899780,29680300
2024-09-11,455.136814,464.498625,446.596376,463.756409,57843000
2024-09-12,463.786108,469.120182,462.004801,468.308685,40067800
2024-09-13,467.576374,471.584329,467.348750,470.406677,29111800
2024-09-16,468.278961,468.941991,465.013223,468.328430,22585600
2024-09-17,471.346856,472.643257,466.082062,468.575897,30084400
2024-09-18,469.773325,473.860437,465.943465,466.547150,39909200
2024-09-19,477.601198,481.183653,475.503206,478.343414,52782500
2024-09-20,477.482513,478.670071,473.335997,477.433044,34577700
2024-09-23,478.609329,479.788636,477.271457,478.698517,24843000
2024-09-24,480.105774,481.958962,475.854353,481.007599,25952600
2024-09-25,480.383212,483.405817,480.204837,481.453522,26549900
2024-09-26,488.935681,489.262732,481.433712,485.070740,32020200
2024-09-27,486.091448,486.230204,481.195846,482.375153,22851100
2024-09-30,481.413862,484.020229,478.579582,483.683289,30281100
2024-10-01,483.316628,483.613919,473.109185,476.944397,42735400
2024-10-02,476.042611,479.530993,473.426355,477.618347,23744000
2024-10-03,475.428157,480.194923,474.684898,477.261536,25337200
2024-10-04,483.068839,483.494967,478.054320,482.940002,30686600
2024-10-07,481.027406,482.196793,476.548012,477.766968,24975100
2024-10-08,480.304002,485.586084,479.501284,484.902283,28272000
2024-10-09,484.604957,489.292455,483.564406,488.717651,24995000
2024-10-10,486.438368,490.025828,485.130225,488.162720,25750400
2024-10-11,486.329273,489.946492,485.764419,488.925720,20644500
2024-10-14,491.314072,494.346567,490.808676,493.028534,26060100
2024-10-15,493.355600,494.019592,484.287845,486.438354,34784500
2024-10-16,486.765335,487.270760,483.187795,486.497772,22996800
2024-10-17,491.978103,492.027642,486.775289,486.834747,27210700
2024-10-18,489.619469,491.115907,488.866290,490.025787,25335000
2024-10-21,488.816745,491.769972,486.894179,490.967255,30336500
2024-10-22,488.301400,492.978978,487.548221,491.502350,26685800
2024-10-23,489.153677,489.807749,480.690425,483.970673,39346600
2024-10-24,487.686977,488.568992,485.040991,487.895111,22024900
2024-10-25,490.689789,495.783576,489.986149,490.868164,38762100
2024-10-28,493.979913,494.039371,490.650127,490.947418,20477800
2024-10-29,491.264576,496.843980,489.411388,495.664673,28014100
2024-10-30,494.901597,495.852960,491.433054,491.918640,29756000
2024-10-31,487.954584,488.004122,479.402144,479.501251,41245200
2024-11-01,481.136365,486.339179,480.839074,483.049011,33655800
2024-11-04,482.444533,484.981521,479.897624,481.641815,23291600
2024-11-05,483.227440,488.450094,483.138253,487.786102,24353600
2024-11-06,496.061079,501.858507,495.109716,501.035950,43082200
2024-11-07,503.830560,509.707285,503.771102,508.924347,32853100
2024-11-08,508.428924,510.292032,507.804581,509.519073,22924500
2024-11-11,510.737958,510.946092,506.327972,509.221741,24167500
2024-11-12,509.152365,510.034320,505.247745,508.300049,25835300
2024-11-13,507.794703,510.351471,505.366711,507.646027,24567400
2024-11-14,507.309103,508.181168,503.206297,504.118042,28679500
2024-11-15,498.419676,498.806155,490.045611,492.106934,51461100
2024-11-18,493.652912,497.626881,492.265501,495.525909,27080800
2024-11-19,492.949275,499.420584,492.612305,498.934967,24523000
2024-11-20,498.637694,498.954825,492.097007,498.647614,29565500
2024-11-21,501.690000,502.403530,493.088021,500.441345,34526700
2024-11-22,499.886337,501.977358,498.261062,501.244019,23826600
2024-11-25,505.317113,506.853200,499.727820,502.036865,26375200
2024-11-26,503.513405,505.554918,502.671069,504.732361,26557100
2024-11-27,503.602653,503.672001,497.418717,500.758423,24957400
2024-11-29,501.382755,505.753122,500.768332,505.158508,15334000
2024-12-02,506.417160,511.619974,506.030651,510.658661,25147200
2024-12-03,509.330749,512.502000,508.755944,512.224487,18597900
2024-12-04,515.643490,518.814741,514.929929,518.557068,26086200
2024-12-05,518.606574,519.329994,516.733547,517.120056,18169600
2024-12-06,517.783998,521.985880,517.655162,521.748047,23762600
2024-12-09,520.826428,521.619226,516.535329,517.684937,20674400
2024-12-10,518.913836,520.658027,514.493899,515.920959,24350000
2024-12-11,520.281342,525.840905,519.875054,525.157104,32168600
2024-12-12,522.937270,524.205795,521.292217,521.767883,23577500
2024-12-13,525.692341,528.377945,522.560708,525.761719,28780400
2024-12-16,528.288790,534.304241,528.209492,533.333008,31979900
2024-12-17,531.539278,532.649207,529.329341,530.984314,28579100
2024-12-18,530.340194,532.054626,510.381194,511.828033,54703200
2024-12-19,516.505631,517.070515,509.211796,509.548706,46441800
2024-12-20,505.852321,520.103083,504.712663,513.998413,60530000
2024-12-23,515.710630,519.383300,512.315920,519.006104,29672800
2024-12-24,520.951485,526.132880,520.316200,526.043579,17558200
2024-12-26,524.415831,527.314236,522.420675,525.686340,19090500
2024-12-27,522.122881,522.559632,514.033084,518.698364,33839600
2024-12-30,511.700537,515.522063,508.047709,511.799774,34584000
2024-12-31,513.080262,513.834595,506.489315,507.452148,29117000
2025-01-02,510.499373,512.822107,501.972856,506.459473,36389800
2025-01-03,509.556410,515.809903,508.742523,514.747803,29059500
2025-01-06,520.147641,524.018785,518.172356,520.663757,36109700
2025-01-07,521.706000,522.103008,509.486971,511.372894,36690300
2025-01-08,511.273651,513.100020,506.796970,511.462250,30777800
2025-01-10,507.700262,507.799498,500.196131,503.441956,40532500
2025-01-13,497.496209,502.280567,496.007294,501.823975,31694200
2025-01-14,504.980491,506.390011,497.883334,501.347534,33737200
2025-01-15,509.238851,514.023179,507.680416,512.881714,34957600
2025-01-16,515.144847,515.224273,509.159438,509.288483,28229000
2025-01-17,518.986304,520.197321,509.318289,517.884521,51837900
2025-01-21,520.604171,522.083151,516.216851,520.921814,23628000
2025-01-22,525.656609,529.875203,525.348902,527.582275,33593000
2025-01-23,525.130425,528.822966,524.544819,528.703857,23096600
2025-01-24,529.081027,529.845296,524.247021,525.716064,19878300
2025-01-27,507.223764,514.162099,506.380040,510.410065,60771700
2025-01-28,511.412651,519.135188,507.998099,517.953979,33194200
2025-01-29,518.599222,518.728266,513.080311,516.981262,26649000
2025-01-30,519.839910,522.212202,514.380554,519.184753,27431300
2025-01-31,523.026149,527.592192,517.338512,518.430359,38755200
2025-02-03,509.675524,517.000992,507.273424,514.281250,40580800
2025-02-04,514.797429,521.229523,514.400360,520.594238,26046800
2025-02-05,517.963867,523.115517,516.772723,522.956665,21134100
2025-02-06,523.462903,525.894810,521.854879,525.686340,19434500
2025-02-07,526.222402,528.167880,518.331139,519.055725,29605500
2025-02-10,523.323840,526.440650,522.857342,525.338867,20852800
2025-02-11,522.073350,526.004049,521.944306,524.088318,19325500
2025-02-12,518.440334,525.279434,518.092945,524.395996,25009400
2025-02-13,526.063523,532.257401,525.279383,531.939819,28714800
2025-02-14,532.048957,534.858060,531.711442,534.173157,17862600
2025-02-18,535.741419,536.009443,532.078686,535.384094,20565000
2025-02-19,534.589967,536.813404,532.495575,535.532959,19666900
2025-02-20,534.748803,535.116064,528.525179,533.259888,26550800
2025-02-21,534.401414,534.421285,521.825061,522.192322,47093800
2025-02-24,523.979077,525.160285,515.690806,516.028259,39268400
2025-02-25,515.402908,515.482334,505.675340,509.526672,48940000
2025-02-26,511.720340,515.819764,507.591048,510.757477,34457600
2025-02-27,514.301123,515.234179,496.354714,496.573090,52448000
2025-02-28,496.434109,505.020181,493.257745,504.414703,47654000
2025-03-03,507.739963,509.248720,489.932533,493.376892,44587200
2025-03-04,490.528129,500.017481,484.135717,491.888000,67875400
2025-03-05,492.533169,499.908256,487.629673,498.300232,46323700
2025-03-06,490.041705,494.895553,482.607065,484.592285,57574300
2025-03-07,483.559972,489.634741,476.978962,488.155762,54714700
2025-03-10,479.877416,480.393562,465.196702,469.236633,76668000
2025-03-11,468.859387,475.271640,463.558852,468.114929,68760800
2025-03-12,475.619067,477.505020,468.303535,473.395630,46971100
2025-03-13,472.730640,472.760417,462.983200,464.879089,46563300
2025-03-14,470.229216,477.008730,469.623708,476.115387,43563000
2025-03-17,476.065741,482.249713,474.269119,479.202393,41744400
2025-03-18,475.867302,476.065806,468.919030,471.033295,39072300
2025-03-19,473.286468,481.743496,471.360801,477.336334,40430300
2025-03-20,473.355997,480.969301,472.661158,475.718414,36780500
2025-03-21,470.576628,478.050981,469.415291,477.286682,42234900
2025-03-24,484.857679,488.605420,481.537421,487.760437,34567200
2025-03-25,488.486110,490.702912,487.521841,490.543854,26035200
2025-03-26,489.390696,490.245630,479.966738,481.517517,34627100
2025-03-27,479.559174,483.704514,477.411935,478.773834,33469800
2025-03-28,476.974520,477.680316,465.284007,466.168762,46363800
2025-03-31,459.190262,467.083312,454.627361,466.148895,53000300
2025-04-01,464.538473,470.831083,461.675518,469.906586,41156200
2025-04-02,463.365425,476.726003,463.106952,473.336151,49894500
2025-04-03,453.742637,457.351190,447.479880,447.996796,70456300
2025-04-04,435.550791,437.767593,420.172211,420.172211,117088400
2025-04-07,406.245009,440.521259,400.012073,421.186188,161557000
2025-04-08,435.570630,440.521210,407.368291,413.601227,101248100
2025-04-09,413.114126,465.065266,412.974938,463.246094,142876900
2025-04-10,450.879666,452.897669,430.073360,443.543274,108384100
2025-04-11,442.022309,453.096491,438.721922,451.714691,52483800
2025-04-14,461.715221,462.301731,449.955145,454.776489,43941200
2025-04-15,455.830276,459.647580,453.454385,455.283508,35404200
2025-04-16,446.376398,449.945179,435.173011,441.555054,48980600
2025-04-17,444.527420,445.103979,438.751727,441.475555,44837000
2025-04-21,435.640244,436.485197,425.401095,430.550476,44149300
2025-04-22,436.226777,444.934989,435.033856,441.853333,52304400
2025-04-23,455.462400,460.641603,450.203654,451.873718,55801100
2025-04-24,453.782407,464.896331,453.136224,464.588165,45956100
2025-04-25,464.210433,470.294262,462.639783,469.767395,38697100
2025-04-28,470.234617,472.004097,463.275984,469.618286,33550800
2025-04-29,467.391508,473.604573,466.814919,472.719818,30613100
2025-04-30,464.369446,474.379944,459.697209,472.660156,46810600
2025-05-01,480.553253,484.300963,477.899018,478.833466,43316500
2025-05-02,483.664747,488.008918,481.964831,485.941193,39218100
2025-05-05,481.736223,486.140036,481.239177,483.058350,28309500
2025-05-06,476.725990,482.183537,475.364091,478.565063,32786300
2025-05-07,479.231117,482.929135,473.962450,480.443909,38006300
2025-05-08,485.642991,489.788361,481.308771,485.404419,39577600
2025-05-09,487.313087,488.635245,483.326805,485.086334,27767400
2025-05-12,503.993882,504.888588,498.516465,504.848816,45090600
2025-05-13,506.151127,514.332503,505.415510,512.543152,53269600
2025-05-14,513.716121,516.161545,512.702130,515.614807,47014500
2025-05-15,513.467610,518.845613,512.125552,516.181458,50153300
2025-05-16,517.583087,518.616980,514.044128,518.428101,48394600
2025-05-19,511.201069,519.442117,511.201069,518.925171,52536200
2025-05-20,516.400114,517.851508,513.606722,517.195435,42517600
2025-05-21,513.219102,519.909311,508.218797,510.008148,71292800
2025-05-22,510.624415,514.650530,509.272467,510.962433,55607200
2025-05-23,503.188707,508.815263,502.592247,506.230621,58368100
2025-05-27,513.099786,518.626926,511.549007,518.139771,47226300
2025-05-28,519.094079,520.585214,515.326498,515.843384,46637200
2025-05-29,523.219625,523.368702,514.262860,516.857422,58513300
2025-05-30,516.370364,517.603027,508.904735,516.042297,67662800
2025-06-02,514.183351,520.356675,512.920837,520.118103,44762800
2025-06-03,520.465950,525.615330,519.601096,524.183838,44070300
2025-06-04,524.889684,526.708887,522.861701,525.645203,41359300
2025-06-05,527.046821,529.899856,519.571242,521.688660,61031200
2025-06-06,526.867874,528.657225,525.088474,526.788330,42467000
2025-06-09,527.007094,529.203994,525.883767,527.563782,33688700
2025-06-10,528.031027,531.739025,525.764532,531.053101,40664800
2025-06-11,532.454785,533.607965,526.977337,529.263733,53701000
2025-06-12,527.951528,531.480537,527.703005,530.506287,34104900
2025-06-13,524.561602,528.726843,522.623114,523.845886,55814400
2025-06-16,527.364927,532.206142,527.315234,531.132507,37622100
2025-06-17,528.567893,530.178315,524.790301,525.953430,42180900
2025-06-18,526.967317,529.402851,524.283322,525.863892,43983500
2025-06-20,529.114579,530.406884,521.778186,523.716675,61643500
2025-06-23,524.284918,529.619212,521.140091,529.101746,50666100
2025-06-24,534.316708,538.108445,533.699685,537.192871,45442000
2025-06-25,539.461812,540.705820,536.794665,538.566101,44804200
2025-06-26,540.745629,544.049723,538.924444,543.601868,43811400
2025-06-27,544.636913,547.353808,541.929919,545.462952,57577100
2025-06-30,548.617727,550.150324,546.378512,548.995911,45548700
2025-07-01,547.095082,548.070426,542.049376,544.368225,56166700
2025-07-02,543.542138,548.358966,543.502351,548.159912,36538300
2025-07-03,550.528548,554.529299,550.528548,553.553955,26443500
2025-07-07,550.866943,551.683020,546.945825,549.384094,45349300
2025-07-08,550.727620,551.354606,548.458519,549.692627,36153300
2025-07-09,551.822327,554.957253,550.448936,553.583862,43045500
2025-07-10,554.220820,554.628828,550.100649,552.787720,34710900
2025-07-11,550.647930,553.125985,549.403921,551.543640,39618600
2025-07-14,551.334676,554.280511,548.986003,553.544067,36453300
2025-07-15,557.564623,558.111975,553.991804,554.051514,43277700
2025-07-16,554.608934,557.524883,548.916319,554.618835,52314700
2025-07-17,555.345328,559.614743,554.539212,559.107178,40423800
2025-07-18,560.420894,562.023163,557.295930,558.569824,50484700
2025-07-21,559.395895,563.346837,559.366009,561.465881,39595200
2025-07-22,561.595244,561.644993,555.932515,558.559875,43270600
2025-07-23,559.644680,561.147391,556.897899,561.107605,40215300
2025-07-24,562.421239,563.525904,560.590032,562.301819,42275500
2025-07-25,562.222173,564.978915,561.565363,563.655273,30630800
2025-07-28,565.018824,566.312581,564.152999,565.416931,31498700
2025-07-29,568.024301,569.367806,563.814595,564.541077,45463300
2025-07-30,565.456631,567.884938,562.341628,565.297424,43433800
2025-07-31,571.786108,571.875704,561.167268,562.301819,64613600
2025-08-01,556.151506,556.340598,549.035752,551.225220,69400800
2025-08-04,556.370397,561.615156,556.270900,561.396179,47669800
2025-08-05,562.680049,563.844424,557.047144,557.584595,48666600
2025-08-06,558.420513,565.038662,557.942833,564.600769,41823700
2025-08-07,568.929881,570.571997,562.401327,566.511536,44463000
2025-08-08,567.715818,572.015120,567.417268,571.796143,35255500
2025-08-11,571.935394,574.035266,568.830354,570.104187,33112900
2025-08-12,572.403138,577.568264,569.745953,577.269714,42143300
2025-08-13,579.966794,580.524108,576.165097,577.558411,41209300
2025-08-14,575.508266,579.090987,575.139984,577.110535,45425000
2025-08-15,577.020985,577.060832,572.811279,574.572815,49480200
2025-08-18,573.677100,575.000743,572.482840,574.343872,29831000
2025-08-19,573.627298,573.796466,565.526299,566.551392,53752600
2025-08-20,565.605968,565.725388,556.161464,563.187622,76781100
2025-08-21,561.645018,563.774776,558.291176,560.580200,46436900
2025-08-22,561.963456,571.238792,560.570203,569.228455,51502100
2025-08-25,567.666120,570.542223,566.432013,567.586487,34044700
2025-08-26,567.098713,570.173868,566.073621,569.865356,34103000
2025-08-27,568.850354,571.656784,567.636170,570.741211,36927100
2025-08-28,571.358169,575.229538,569.716114,574.313965,46787900
2025-08-29,571.905546,572.273828,565.814885,567.666016,56030400
2025-09-02,558.619657,563.257295,556.858121,562.908997,65876800
2025-09-03,566.501585,568.959778,564.013568,567.337585,54230200
2025-09-04,568.004370,572.841061,566.302605,572.472839,47526300
2025-09-05,577.707648,578.334634,568.790633,573.298889,68342500
2025-09-08,575.597795,578.055987,575.000695,576.095398,46371400
2025-09-09,576.891539,578.155471,574.274140,577.727539,44007600
2025-09-10,580.942094,580.971980,575.776968,577.916687,49308000
2025-09-11,580.444456,582.076610,578.832226,581.280457,44745800
2025-09-12,582.235853,585.042344,581.300356,583.848083,50745900
2025-09-15,585.619534,588.953452,585.470228,588.843994,44360300
2025-09-16,589.769513,590.018315,587.659679,588.346375,36942100
2025-09-17,588.266761,588.913670,581.569039,587.172058,69384800
2025-09-18,592.058545,595.273105,590.117940,592.466614,61069300
2025-09-19,594.466896,597.173830,592.993949,596.477173,58196100
2025-09-22,595.564572,600.675906,595.544625,600.008362,57154800
2025-09-23,600.177756,600.377040,594.807358,596.022949,64635500
2025-09-24,597.397918,597.716761,591.200524,593.930542,49850300
2025-09-25,590.044757,592.954113,586.358211,591.369934,70920200
2025-09-26,592.186926,594.129841,588.908921,593.801025,54337400
2025-09-29,596.929586,599.858889,595.235761,596.550964,48332900
2025-09-30,596.252116,598.523848,593.930579,598.185059,46533800
2025-10-01,594.996615,601.592517,594.169680,601.054504,46899600
2025-10-02,604.850628,604.950240,600.735654,603.525452,43765400
2025-10-03,604.302700,605.119723,599.201339,600.984802,46482100
2025-10-06,606.235588,607.142249,603.764573,605.498291,41962100
2025-10-07,606.803532,607.491024,600.835342,602.309937,58209500
2025-10-08,603.206638,609.523591,603.057221,609.214722,50629800
2025-10-09,609.254547,609.384078,605.269104,608.477417,45551000
2025-10-10,609.174937,610.948428,586.906240,587.354614,97614800
2025-10-13,597.497494,600.755612,595.056398,599.819031,65872600
2025-10-14,593.143457,600.496603,587.982316,595.823669,69203200
2025-10-15,601.811784,604.491996,593.761173,600.028259,62805500
2025-10-16,602.907758,606.096124,593.332747,597.806396,70982000
2025-10-17,595.773839,603.306322,594.199572,601.732056,72024900
2025-10-20,604.930381,610.569755,604.860628,609.314331,45761700
2025-10-21,609.414032,610.490057,607.102468,609.154968,44538200
2025-10-22,608.596996,609.184815,597.557303,603.286377,61478800
2025-10-23,602.708441,609.144952,602.319907,608.357849,42844300
2025-10-24,613.748119,616.169268,612.891264,614.854065,47632500
2025-10-27,622.247124,626.262425,621.758917,625.804138,54098600
2025-10-28,628.065896,632.370182,626.959951,630.616577,61195700
2025-10-29,633.276900,634.691715,627.956307,633.456238,67422800
2025-10-30,629.869267,631.194444,623.661960,623.771545,61628600
2025-10-31,631.862055,631.891975,624.409296,626.780640,66305100
2025-11-03,632.798543,633.505981,627.557677,629.779602,37154300
2025-11-04,621.011639,624.668265,616.209174,616.996277,63830800
2025-11-05,616.239112,624.319583,614.963802,621.011719,48688500
2025-11-06,619.527074,619.776164,608.078899,609.443909,72115100
2025-11-07,606.096147,607.730193,596.491215,607.520935,81835400
2025-11-10,616.667541,622.037940,614.644960,620.961853,55919900
2025-11-11,618.311501,620.453640,615.272613,619.307861,44868800
2025-11-12,622.565967,622.585852,615.561523,618.819641,47444400
2025-11-13,615.292542,615.870449,603.874288,606.185852,71333600
2025-11-14,597.367989,611.117753,594.996646,606.644104,80087300
2025-11-17,604.093481,610.250982,597.686889,601.463074,63850400
2025-11-18,597.437660,600.117872,589.187827,594.139709,83327300
2025-11-19,594.897031,603.953915,592.426076,597.686829,73111500
2025-11-20,609.394020,611.795283,582.621817,583.538452,117743200
2025-11-21,585.331911,594.807310,578.626424,587.922485,103344200
2025-11-24,593.113593,604.472068,592.993974,602.957581,60168100
2025-11-25,601.313647,608.039082,595.146172,606.674072,57560900
2025-11-26,610.280820,613.947419,608.168540,612.034424,42393600
2025-11-28,613.867690,617.066029,613.180199,616.996277,23034400
2025-12-01,611.396734,617.185586,610.290788,614.923828,40957600
2025-12-02,617.205533,621.479898,615.342344,619.736267,54541800
2025-12-03,617.364902,621.948136,615.780723,621.250732,47841600
2025-12-04,622.655661,622.665634,617.285262,620.672913,47067800
2025-12-05,622.107641,626.631096,621.440096,623.203613,53614200
2025-12-08,624.927325,626.551397,619.427395,622.007996,43462400
2025-12-09,620.742593,623.592169,618.739898,622.775146,37156000
2025-12-10,621.579541,626.920080,618.729964,625.325867,55031400
2025-12-11,621.549679,623.502568,615.471843,623.303284,58272800
2025-12-12,619.816012,621.270660,609.134995,611.386780,75158700
2025-12-15,616.119514,616.169320,607.102462,608.317993,49538200
2025-12-16,606.046271,611.277164,604.701148,609.523560,55152800
2025-12-17,610.828840,611.416719,598.095383,598.224854,70654300
2025-12-18,607.580680,610.699293,604.711156,606.893188,78875800
2025-12-19,609.722906,615.372254,609.643180,614.804321,60369800
2025-12-22,619.886255,620.185597,616.314733,617.751343,43703100
2025-12-23,616.743708,620.943751,616.324714,620.644470,41120400
2025-12-24,620.524834,622.809478,620.255450,622.460266,18468700
2025-12-26,623.188433,624.046453,621.672055,622.420288,28959800
2025-12-29,618.639204,621.312944,617.272436,619.407410,32458300
2025-12-30,618.379832,620.714286,617.761237,617.970764,31226800
2025-12-31,618.190301,618.499569,612.603457,612.862854,40746500
2026-01-02,618.599375,621.382781,608.712746,611.675720,61859200
2026-01-05,617.861064,619.347544,615.267152,616.534180,46828400
2026-01-06,617.771284,622.550039,617.082907,621.951416,43137500
2026-01-07,621.572316,626.460798,621.093466,622.550049,44880300
2026-01-08,621.562390,621.951425,616.344668,619.008362,50435900
2026-01-09,619.946121,626.410897,617.601681,625.173828,49688700
2026-01-12,620.844029,627.368601,620.794159,625.692566,37388700
2026-01-13,625.792373,627.987142,622.230776,624.764771,44481400
2026-01-14,620.774181,621.981352,613.112280,618.090515,72598700
2026-01-15,625.123900,628.515915,619.287705,620.315308,53934900
2026-01-16,624.026511,624.605162,617.422110,619.796509,61058100
2026-01-20,609.091838,613.611135,605.619994,606.627625,81988900
2026-01-21,608.034231,618.958448,606.428038,614.828247,79837900
2026-01-22,620.883889,620.993676,616.324708,619.297668,42254800
2026-01-23,618.270105,623.926792,617.192693,621.253052,43645800
2026-01-26,621.741934,626.131532,620.654475,623.986633,35983000
2026-01-27,627.428448,630.551079,625.862200,629.643250,38997200
2026-01-28,633.963107,635.100375,630.321681,631.728333,50691700
2026-01-29,631.159712,632.177268,616.813582,627.947266,79944000
2026-01-30,624.236071,626.780052,617.841137,620.405090,65650700
2026-02-02,617.242563,627.009479,617.202618,624.665039,49020300
2026-02-03,626.819906,628.495941,609.520788,615.067688,81234000
2026-02-04,613.571242,613.651009,599.055468,604.323059,81850700
2026-02-05,598.796159,603.385299,593.358985,595.623657,89354500
2026-02-06,598.776130,609.969670,597.359492,608.213867,78019300
2026-02-09,606.108806,615.007837,603.644654,612.872864,56797600
2026-02-10,613.860522,615.566516,609.570664,610.029541,53938900
2026-02-11,614.928027,616.065356,606.258495,611.665710,58575100
2026-02-12,613.261961,614.359345,598.157611,599.225098,81378900
2026-02-13,599.015595,605.051331,595.015031,600.502075,69237500
2026-02-17,596.970380,602.527266,591.942275,599.883484,69013800
2026-02-18,600.691591,608.333581,599.304851,604.362915,64250700
2026-02-19,601.389982,604.392902,599.334838,602.048401,60960800
2026-02-20,598.706323,608.912205,597.818405,607.375854,74127300
2026-02-23,605.180988,606.577714,597.638799,599.993225,63859100
2026-02-24,600.980964,607.555406,598.317210,606.438049,55023700
2026-02-25,609.630525,615.376966,609.560682,615.227295,55710700
2026-02-26,614.139887,614.139887,602.557191,607.804810,96178900
2026-02-27,601.559531,606.886978,600.771414,605.859375,68125200
2026-03-02,597.449234,608.483177,596.581288,606.657532,75264600
2026-03-03,594.925270,602.537301,590.475754,600.162903,97015500
2026-03-04,602.736776,611.436267,602.008515,609.311279,70943900
2026-03-05,605.969133,611.316492,600.841227,607.475525,89602400
2026-03-06,598.895837,604.572435,596.920520,598.337158,86302300
2026-03-09,592.830152,607.834761,589.937020,606.328308,93068200
2026-03-10,606.348304,611.845273,603.993817,606.338318,64078900
2026-03-11,607.515525,610.987308,603.604777,606.258484,60114800
2026-03-12,601.340132,602.716887,595.643561,595.853088,71836600
2026-03-13,598.317202,602.178081,591.174096,592.321350,63145500
2026-03-16,598.626472,602.437481,597.698670,598.965698,49077200
2026-03-17,601.719211,604.472720,600.452184,601.888794,47106600
2026-03-18,600.073099,601.739149,593.159431,593.498657,56128000
2026-03-19,588.121306,594.396466,585.697037,591.623047,75597600
2026-03-20,589.667642,589.777368,577.177115,580.688843,91964700
2026-03-23,589.871807,594.426799,585.316814,587.354553,89936100
2026-03-24,584.168034,587.284604,581.291191,583.338928,57750900
2026-03-25,588.493302,590.720835,585.047077,587.174744,60475500
2026-03-26,581.960422,583.988222,572.800505,573.160095,81492100
2026-03-27,570.183410,570.393201,560.953562,561.962463,82702200
2026-03-30,566.757161,567.426409,554.990064,557.667175,70602600
2026-03-31,563.670522,578.004806,563.590654,576.546387,95878000
2026-04-01,580.841669,587.094807,579.782835,583.668579,79435100
2026-04-02,573.339906,585.406662,571.292168,584.337830,50941700
2026-04-06,585.586476,589.961673,584.048189,587.854004,35108500
2026-04-07,584.997135,588.333434,577.765092,587.943909,49948200
2026-04-08,608.041802,609.230498,601.459009,605.424683,63086000
2026-04-09,605.264869,609.829860,602.368089,609.520203,37837500
2026-04-10,611.168405,612.996353,608.910876,610.399231,34038500
2026-04-13,608.810929,626.051992,607.442438,616.712280,32972100
2026-04-14,619.539107,627.909912,619.419243,627.909912,49921100
2026-04-15,628.389443,637.129838,627.510405,636.700317,50102400
2026-04-16,638.508341,641.475052,634.562665,639.766907,42320600
2026-04-17,644.881325,649.286457,643.362974,648.137695,53488900
2026-04-20,647.328584,648.047825,641.814685,646.079956,37138500
2026-04-21,647.698158,649.486232,641.505013,643.622681,39580500
2026-04-22,649.436353,654.610659,647.808137,654.390869,37368400
2026-04-23,652.832562,656.198857,644.811408,650.704895,40099800
2026-04-24,657.787145,663.780558,655.809338,663.151245,45563100
2026-04-27,662.671809,663.700647,659.964762,663.500854,32717000
2026-04-28,656.688325,658.915919,653.092301,656.828186,34147900
2026-04-29,657.906975,660.993549,655.869236,660.843750,31724900
2026-04-30,664.619567,668.165719,656.838141,667.006958,40622200
2026-05-01,668.425400,675.227922,668.065810,673.409973,39172600
2026-05-04,673.919372,675.987107,668.165746,672.141357,34542000
2026-05-05,677.215799,682.020516,676.766280,680.861755,37101100
2026-05-06,687.025007,695.166023,685.726385,695.006226,38778500
2026-05-07,695.815338,700.470196,691.010621,694.177124,43779100
2026-05-08,699.151637,710.449219,698.732115,710.449219,44320400
2026-05-11,709.580182,713.805580,708.131761,712.506958,36019100
2026-05-12,707.442528,709.400398,695.875284,706.463623,45873000
2026-05-13,709.180690,715.863349,704.056317,713.925476,40012500
2026-05-14,713.835509,721.237409,713.435924,718.999817,33327500
2026-05-15,709.360488,714.345001,704.775500,708.151794,51792700
2026-05-18,710.758862,711.288310,698.082791,705.105103,49834500
2026-05-19,699.041805,705.714465,694.486813,700.759949,46827500
2026-05-20,704.515769,712.367188,703.017416,712.367188,36779200
2026-05-21,708.211687,716.332767,705.994153,713.725647,36415400
2026-05-22,717.281767,721.327309,715.164099,716.752319,33118600
2026-05-26,725.163128,730.367370,723.365055,729.478394,34254700
2026-05-27,732.155449,732.515039,724.643684,728.649292,35148700
2026-05-28,728.928929,735.791383,725.612566,734.792480,32840000
2026-05-29,737.030057,740.815874,734.442873,737.499512,37541700
2026-06-01,736.230927,744.831522,735.182092,741.924683,33890600
2026-06-02,741.585060,745.620603,738.418496,745.340881,30085200
2026-06-03,746.489639,747.828195,740.196567,743.393066,40270200
2026-06-04,734.672624,742.683839,731.815778,739.796997,40782600
2026-06-05,729.258567,730.886782,703.546833,704.286011,99606600
2026-06-08,717.022016,722.236317,712.287229,715.283936,47401500
2026-06-09,722.186311,724.863361,685.616515,707.052979,91932200
2026-06-10,700.889750,710.499246,692.169352,692.928528,65334300
2026-06-11,698.522320,717.581391,694.237051,716.332764,71798900
2026-06-12,716.822210,723.215209,710.499203,720.548157,51168400
2026-06-15,737.289741,743.942464,736.570560,743.183289,46710200
2026-06-16,741.435190,743.402998,728.839048,729.058777,45348700
2026-06-17,734.382931,734.872383,720.058646,721.716858,51669300
2026-06-18,736.390778,741.005702,731.705924,739.807007,50154600
2026-06-22,742.020020,745.450012,734.390015,737.950012,43518600
2026-06-23,715.739990,723.609985,712.109985,713.650024,53354200
2026-06-24,715.369995,719.929993,704.450012,710.619995,52480400
2026-06-25,725.900024,726.830017,705.299988,716.380005,49668000
2026-06-26,707.130005,715.559998,702.809998,706.520020,47081800
2026-06-29,713.989990,724.580017,705.169983,724.080017,44939100
2026-06-30,724.179993,737.619995,723.909973,736.400024,42121800
2026-07-01,729.190002,731.919983,724.599976,725.169983,40803800
2026-07-02,725.580017,730.830017,707.559998,712.599976,50959800
2026-07-06,719.929993,726.080017,718.450012,722.820007,30220400
2026-07-07,714.169983,716.349976,704.900024,709.429993,42483100
2026-07-08,704.950012,712.260010,700.909973,711.440002,35603200
2026-07-09,718.330017,724.229980,715.130005,723.280029,33654700
2026-07-10,720.700012,726.390015,717.000000,725.510010,26415900
2026-07-13,717.719971,718.739990,710.080017,711.739990,36552400
2026-07-14,720.219971,722.289978,714.340027,719.690002,29448100
2026-07-15,723.849976,724.359985,710.229980,717.739990,32627600
2026-07-16,712.010010,713.599976,702.609985,705.940002,39402000
2026-07-17,691.650024,702.299988,686.760010,695.330017,53985400
