date,open,high,low,close,volume
2014-01-02,18.540512,18.562547,18.412707,18.505257,1548400
2014-01-03,18.483221,18.514071,18.368638,18.447966,1441000
2014-01-06,18.465595,18.465595,18.298126,18.328976,1171200
2014-01-07,18.320160,18.443557,18.315753,18.390673,1500200
2014-01-08,18.483223,18.615436,18.465596,18.588993,2913400
2014-01-09,18.544919,18.588989,18.328972,18.425928,2149800
2014-01-10,18.492033,18.549325,18.425928,18.500847,798000
2014-01-13,18.469999,18.593396,18.280495,18.315752,1596600
2014-01-14,18.434744,18.831378,18.403893,18.804935,5084800
2014-01-15,18.857818,19.007659,18.857818,18.928331,2163400
2014-01-16,18.959186,18.963592,18.796125,18.866638,2281400
2014-01-17,18.650687,18.752049,18.575768,18.637466,2675000
2014-01-21,18.716797,18.747646,18.588991,18.721203,1396800
2014-01-22,18.756462,18.950372,18.690355,18.932743,1606000
2014-01-23,18.835787,18.835787,18.580177,18.690353,2355000
2014-01-24,18.544922,18.624248,18.302532,18.337790,3948400
2014-01-27,18.351010,18.368639,18.077772,18.174728,3689600
2014-01-28,18.161507,18.302533,18.073365,18.258463,4592600
2014-01-29,18.090995,18.284907,18.090995,18.143879,3849000
2014-01-30,18.218799,18.355419,18.183542,18.293718,1657200
2014-01-31,18.055739,18.258464,18.024890,18.143879,2135800
2014-02-03,18.073363,18.152690,17.747241,17.830975,4971600
2014-02-04,17.747243,17.795721,17.637066,17.764872,3396200
2014-02-05,17.672320,17.853010,17.584180,17.760462,1858800
2014-02-06,17.778095,18.060147,17.778095,18.024891,2766600
2014-02-07,18.090995,18.293720,18.042517,18.267279,2483400
2014-02-10,18.249648,18.386268,18.249648,18.368639,2218400
2014-02-11,18.386268,18.655099,18.386268,18.593399,2457000
2014-02-12,18.628654,18.765274,18.624246,18.694759,2764600
2014-02-13,18.641877,18.915115,18.615436,18.893080,3227600
2014-02-14,18.937149,19.064953,18.840193,19.034103,2418000
2014-02-18,19.007660,19.086987,18.932739,19.073765,2022000
2014-02-19,19.012065,19.126650,18.972401,19.029694,2780000
2014-02-20,18.994442,19.170726,18.976816,19.157505,3122400
2014-02-21,19.192761,19.245645,19.025292,19.051735,2512400
2014-02-24,19.179541,19.298532,19.122249,19.166321,1941200
2014-02-25,19.131056,19.197163,18.967995,19.060543,4097000
2014-02-26,19.117838,19.333783,19.117838,19.214792,1398800
2014-02-27,19.214792,19.236828,19.073766,19.223606,2505600
2014-02-28,19.232424,19.307345,19.109026,19.236832,4448600
2014-03-03,19.082583,19.148689,18.937150,19.113432,3193000
2014-03-04,19.316155,19.404295,19.280898,19.364632,3212400
2014-03-05,19.426329,19.465991,19.351408,19.386665,3634000
2014-03-06,19.474807,19.598206,19.443958,19.593798,2289000
2014-03-07,19.655496,19.686346,19.532099,19.593798,2186800
2014-03-10,19.523285,19.642276,19.474807,19.593798,3817800
2014-03-11,19.607022,19.664313,19.404296,19.452774,3758200
2014-03-12,19.377852,19.668718,19.338189,19.668718,1355600
2014-03-13,19.673128,19.761270,19.272086,19.399891,4712800
2014-03-14,19.280899,19.430740,19.232421,19.241236,1934600
2014-03-17,19.324969,19.501252,19.324969,19.452774,1747600
2014-03-18,19.488030,19.690754,19.404295,19.681940,1424800
2014-03-19,19.602614,19.796524,19.527695,19.659906,1958200
2014-03-20,19.607023,19.990437,19.549730,19.990437,2511800
2014-03-21,19.986029,20.047729,19.748049,19.783304,2460200
2014-03-24,19.809747,19.897889,19.571765,19.717199,4688400
2014-03-25,19.726015,20.008069,19.726015,19.928741,3284600
2014-03-26,20.096208,20.140280,19.717202,19.726015,4402400
2014-03-27,19.695162,19.831782,19.571765,19.615835,3715000
2014-03-28,19.651092,19.924329,19.651092,19.761269,1869600
2014-03-31,19.880258,20.157903,19.862629,20.100611,3114600
2014-04-01,20.100617,20.400297,20.100617,20.400297,5397000
2014-04-02,20.413514,20.417922,20.201975,20.298931,4034200
2014-04-03,20.329781,20.519285,20.259268,20.351816,3454400
2014-04-04,20.532503,20.532503,19.822966,19.849409,8198000
2014-04-07,19.800932,19.986027,19.624648,19.739233,7552200
2014-04-08,19.752457,20.047731,19.752457,20.021288,4932600
2014-04-09,20.127056,20.268084,20.030102,20.259270,2779800
2014-04-10,20.193163,20.285711,19.633466,19.651094,6204400
2014-04-11,19.483624,19.686349,19.329378,19.369041,4861400
2014-04-14,19.637869,19.651089,19.360223,19.540913,3061200
2014-04-15,19.540916,19.695163,19.307343,19.677536,4984000
2014-04-16,19.677535,19.677535,19.329376,19.633463,7136200
2014-04-17,19.615836,19.968402,19.615836,19.875853,5449800
2014-04-21,19.990437,20.012472,19.739234,19.986029,3166000
2014-04-22,19.906699,20.157903,19.906699,20.127052,2773000
2014-04-23,20.082984,20.153497,20.016878,20.060949,2282600
2014-04-24,20.268085,20.276897,19.994846,20.210793,3656600
2014-04-25,19.994842,19.994842,19.540915,19.571764,4586400
2014-04-28,19.659907,19.730420,19.254456,19.518881,6263600
2014-04-29,19.611430,19.690757,19.488032,19.602615,2077200
2014-04-30,19.501254,19.699572,19.474811,19.686350,2303800
2014-05-01,19.655495,19.792115,19.518878,19.540913,3033600
2014-05-02,19.536508,19.677534,19.505657,19.571764,2125400
2014-05-05,19.347008,19.620245,19.347008,19.576174,2139000
2014-05-06,19.580582,19.726014,19.540918,19.545324,2477400
2014-05-07,19.571765,19.642278,19.457182,19.620243,4673800
2014-05-08,19.593802,19.986031,19.554139,19.748051,3539000
2014-05-09,19.721605,19.743640,19.576171,19.659906,2723000
2014-05-12,19.800933,19.999251,19.752455,19.986029,1849000
2014-05-13,19.986029,20.030101,19.836189,19.840597,1380800
2014-05-14,19.792119,19.845003,19.673128,19.677536,1023000
2014-05-15,19.677539,19.686352,19.364636,19.483627,2128200
2014-05-16,19.501251,19.673126,19.435145,19.637871,1545600
2014-05-19,19.629060,19.849413,19.624652,19.809750,1553000
2014-05-20,19.774490,19.849411,19.611429,19.712791,3525600
2014-05-21,19.814155,19.871447,19.717201,19.827377,4119200
2014-05-22,19.893482,19.963995,19.845004,19.897890,1254200
2014-05-23,19.919928,20.060954,19.867043,20.052139,2154000
2014-05-27,20.193162,20.338596,20.118243,20.338596,1778800
2014-05-28,20.316560,20.409109,20.263676,20.369446,2758200
2014-05-29,20.444365,20.444365,20.334188,20.373852,1320800
2014-05-30,20.373849,20.457583,20.338593,20.422327,1689000
2014-06-02,20.633871,20.633871,20.382668,20.536915,2676000
2014-06-03,20.461995,20.805745,20.461995,20.792524,3596800
2014-06-04,20.774896,20.898293,20.717604,20.858631,2212600
2014-06-05,20.885073,20.964401,20.779305,20.942366,2657600
2014-06-06,21.021685,21.078977,20.986428,21.052534,2241000
2014-06-09,21.074578,21.237639,21.074578,21.096613,5460600
2014-06-10,21.127456,21.242041,21.043723,21.202377,2922800
2014-06-11,21.211195,21.308150,21.171532,21.237637,2735200
2014-06-12,21.114237,21.316961,21.109830,21.189157,3768200
2014-06-13,21.541724,21.585794,21.391884,21.532909,2248600
2014-06-16,21.493247,21.673936,21.480026,21.621052,1812400
2014-06-17,21.621052,21.748856,21.585795,21.713600,2244200
2014-06-18,21.695970,21.744448,21.510874,21.673935,5132600
2014-06-19,21.616642,21.757668,21.612236,21.753262,3119800
2014-06-20,21.762076,21.775297,21.673934,21.753262,3325200
2014-06-23,21.766484,21.766484,21.638679,21.682751,1236200
2014-06-24,21.691565,21.828183,21.502062,21.541725,5262600
2014-06-25,21.506467,21.709192,21.462397,21.687157,2965400
2014-06-26,21.634273,21.678343,21.435955,21.581388,2352400
2014-06-27,21.612236,21.660714,21.532908,21.651899,2106200
2014-06-30,21.634269,21.841402,21.634269,21.810553,2116600
2014-07-01,22.030907,22.220409,21.889879,22.163118,4388000
2014-07-02,22.163118,22.260073,22.127861,22.229223,4776400
2014-07-03,22.405506,22.476019,22.339399,22.445169,1517000
2014-07-07,22.427543,22.453986,22.268888,22.277702,2632200
2014-07-08,22.224817,22.308550,22.026498,22.167524,3786000
2014-07-09,22.211598,22.260074,22.057350,22.238039,2231800
2014-07-10,21.885474,22.304145,21.876659,22.251261,4436800
2014-07-11,22.295332,22.308552,22.114642,22.202784,2049200
2014-07-14,22.330585,22.379063,22.246852,22.334993,3938800
2014-07-15,22.343811,22.387881,22.052945,22.282112,3973000
2014-07-16,22.480426,22.542126,22.383472,22.528904,4134800
2014-07-17,22.387879,22.414322,21.938358,21.973616,7024400
2014-07-18,22.044125,22.242444,22.026497,22.233629,3812200
2014-07-21,22.207191,22.343810,22.180750,22.321775,1648600
2014-07-22,22.414325,22.550943,22.409917,22.533316,4009600
2014-07-23,22.379065,22.427543,22.066164,22.066164,6675800
2014-07-24,22.097013,22.176340,22.008871,22.044128,3406800
2014-07-25,21.907509,21.907509,21.563759,21.629866,8413000
2014-07-28,21.665122,21.665122,21.361035,21.621052,6873600
2014-07-29,21.647492,21.801740,21.607828,21.612236,6010800
2014-07-30,21.801741,21.969208,21.757669,21.903103,7673200
2014-07-31,21.621051,21.704785,21.396290,21.488838,6727400
2014-08-01,21.440362,21.673935,21.391884,21.563759,6201800
2014-08-04,21.704785,21.713600,21.462397,21.656307,3195600
2014-08-05,21.510876,21.532911,21.224416,21.299337,5683000
2014-08-06,21.211196,21.559353,21.211196,21.418327,5377200
2014-08-07,21.559348,21.581384,21.127456,21.180342,5383600
2014-08-08,21.250857,21.369848,21.189158,21.343405,2408600
2014-08-11,21.457989,21.660715,21.453582,21.563759,4201000
2014-08-12,21.506464,21.603420,21.361032,21.546127,2876000
2014-08-13,21.634269,21.832588,21.612234,21.810553,5289800
2014-08-14,21.863438,21.903102,21.819367,21.885473,3519200
2014-08-15,22.022094,22.119048,21.810555,22.066164,8560600
2014-08-18,22.105826,22.167525,21.995650,22.163118,3421600
2014-08-19,22.246854,22.339401,22.229225,22.304146,1638800
2014-08-20,22.299737,22.453985,22.299737,22.427542,3172800
2014-08-21,22.431950,22.542127,22.387878,22.524498,2690600
2014-08-22,22.555347,22.643489,22.498055,22.555347,1894000
2014-08-25,22.727224,22.727224,22.427543,22.471615,2058800
2014-08-26,22.493648,22.568567,22.453984,22.476019,3628200
2014-08-27,22.537717,22.568566,22.383470,22.520088,2613200
2014-08-28,22.440760,22.621451,22.370247,22.599415,618400
2014-08-29,22.771294,22.815365,22.669931,22.775702,5463000
2014-09-02,22.877064,22.894693,22.691968,22.771294,2620600
2014-09-03,22.868248,22.951983,22.784514,22.837399,2708200
2014-09-04,22.872655,23.031308,22.819769,22.885876,3002400
2014-09-05,22.868250,22.996056,22.832995,22.996056,1806600
2014-09-08,22.951981,23.159112,22.943167,23.013680,2863600
2014-09-09,22.978422,23.048935,22.802141,22.841805,2074400
2014-09-10,22.780106,22.890283,22.687558,22.837399,2678200
2014-09-11,22.731626,22.881465,22.639077,22.872652,1919200
2014-09-12,22.819768,22.828582,22.506867,22.564159,8679000
2014-09-15,22.608233,22.669931,22.348216,22.370251,3602200
2014-09-16,22.308551,22.753665,22.308551,22.700779,4435800
2014-09-17,22.771293,22.982834,22.736037,22.850620,3271600
2014-09-18,22.903504,23.163521,22.881468,23.159113,3235000
2014-09-19,23.203185,23.216405,22.846212,22.885876,3728800
2014-09-22,22.828584,22.859434,22.590603,22.630266,4460000
2014-09-23,22.533312,22.696373,22.453985,22.528904,4588000
2014-09-24,22.661118,22.828587,22.595013,22.793331,3200000
2014-09-25,22.766884,22.766884,22.308549,22.401098,4351200
2014-09-26,22.550942,22.661119,22.423139,22.608234,1956400
2014-09-29,22.418729,22.709595,22.334995,22.643490,3627600
2014-09-30,22.674339,22.674339,22.401101,22.515684,3749800
2014-10-01,22.440762,22.476020,21.964801,22.022093,6784400
2014-10-02,22.022095,22.026501,21.550539,21.916325,13885800
2014-10-03,22.092602,22.211593,21.942762,22.092602,5266200
2014-10-06,22.189560,22.242446,21.872252,21.991243,9177800
2014-10-07,21.889881,21.951581,21.563759,21.563759,7972600
2014-10-08,21.572572,22.052942,21.374254,22.022093,15607000
2014-10-09,21.991244,22.017685,21.497652,21.506466,7601200
2014-10-10,20.902703,20.959995,19.946369,20.082989,33935000
2014-10-13,20.201977,20.426736,19.796526,19.796526,12968000
2014-10-14,20.122649,20.567761,20.025693,20.219604,19158200
2014-10-15,19.651091,20.356221,19.580578,20.215195,9758400
2014-10-16,19.871446,20.669125,19.867040,20.457584,8788400
2014-10-17,20.752860,20.924735,20.603020,20.673532,7657000
2014-10-20,20.563356,20.911515,20.479623,20.871851,7086600
2014-10-21,21.004061,21.532908,20.924733,21.515280,8816400
2014-10-22,21.625456,21.757667,21.250856,21.259670,9969200
2014-10-23,21.524095,21.647492,21.444768,21.532909,7180600
2014-10-24,21.563760,21.775299,21.475618,21.713600,4837200
2014-10-27,21.568165,22.079384,21.493245,22.079384,4476000
2014-10-28,21.876660,22.141085,21.863439,22.136677,5966400
2014-10-29,22.097016,22.211601,21.925141,22.149900,6005800
2014-10-30,22.008872,22.061758,21.576980,21.792927,16089000
2014-10-31,22.489240,22.718408,22.462799,22.661116,10286600
2014-11-03,22.674340,22.877065,22.630269,22.788923,4579800
2014-11-04,22.775699,22.894690,22.612638,22.780106,2231600
2014-11-05,22.863842,22.982833,22.696373,22.934355,5689200
2014-11-06,22.947579,23.031312,22.766889,22.907915,5161600
2014-11-07,22.916724,22.943167,22.542125,22.731628,6357000
2014-11-10,22.771292,22.947575,22.722816,22.903505,3241400
2014-11-11,23.026902,23.026902,22.771292,22.837399,1553600
2014-11-12,22.740445,22.815366,22.669932,22.788923,1404400
2014-11-13,22.868249,23.044532,22.771293,22.850620,3285600
2014-11-14,22.850621,23.057753,22.705188,23.048939,3680200
2014-11-17,22.974018,23.018088,22.758072,22.934355,3198800
2014-11-18,22.978425,23.308955,22.921133,23.229628,4960600
2014-11-19,23.291327,23.357433,23.088602,23.189964,2541200
2014-11-20,23.093010,23.555751,23.018089,23.538122,3801600
2014-11-21,23.793736,23.811363,23.520497,23.674746,4203600
2014-11-24,23.736442,23.895096,23.652706,23.855433,3578000
2014-11-25,23.895095,23.956794,23.815768,23.837803,4766000
2014-11-26,23.864247,24.331395,23.864247,24.318174,3226800
2014-11-28,24.401906,24.569375,24.304952,24.481234,3432000
2014-12-01,24.450381,24.512080,24.119851,24.199179,6547000
2014-12-02,24.150705,24.265290,24.053751,24.256475,3597200
2014-12-03,24.397499,24.754470,24.340207,24.670736,6918200
2014-12-04,24.772097,24.789725,24.560558,24.705992,6425200
2014-12-05,24.736844,24.917534,24.719216,24.913126,3575800
2014-12-08,24.873460,24.961602,24.419534,24.573780,5439800
2014-12-09,24.296137,24.617852,24.194775,24.529711,10729800
2014-12-10,24.494454,24.542930,24.097817,24.150702,6291200
2014-12-11,24.291729,24.529711,24.185961,24.252066,3525600
2014-12-12,24.044936,24.221218,23.868653,23.890688,7613600
2014-12-15,24.027308,24.247661,23.621857,23.683558,9540400
2014-12-16,23.613042,23.987642,23.476423,23.485237,12206000
2014-12-17,23.546938,23.987644,23.326585,23.952387,9739800
2014-12-18,24.357835,24.379870,24.150702,24.371056,9203200
2014-12-19,24.415132,24.534121,24.177150,24.282919,5271000
2014-12-22,24.444306,24.729630,24.386349,24.685047,4902400
2014-12-23,24.769753,24.858915,24.627090,24.631548,2968600
2014-12-24,24.702881,24.783128,24.609259,24.693964,1261800
2014-12-26,24.930249,24.930249,24.649384,24.671675,1292800
2014-12-29,24.711795,24.711795,24.537925,24.604797,2120400
2014-12-30,24.564675,24.564675,24.444305,24.448763,4968600
2014-12-31,24.511171,24.689500,24.319468,24.350676,6521000
2015-01-02,24.368513,24.591423,24.105479,24.292725,3612000
2015-01-05,24.212479,24.234770,23.846907,23.860281,5594600
2015-01-06,23.824610,23.824610,23.213837,23.298542,12135800
2015-01-07,23.409999,23.695325,23.352044,23.601702,8044600
2015-01-08,23.900402,24.261515,23.797863,24.190184,6162000
2015-01-09,24.252602,24.283809,23.837989,24.118855,3346600
2015-01-12,24.083186,24.127767,23.664116,23.811235,6240800
2015-01-13,23.855821,24.292726,23.552665,23.677494,7038800
2015-01-14,23.494706,23.775573,23.352043,23.588327,7464200
2015-01-15,23.895948,24.087651,23.655206,23.717621,7772800
2015-01-16,23.570497,23.940528,23.427835,23.909321,7306000
2015-01-20,23.980652,24.216936,23.846907,24.145605,5092000
2015-01-21,24.114394,24.515633,24.038604,24.457676,5385000
2015-01-22,24.422011,24.676128,24.043065,24.676128,6108000
2015-01-23,24.578050,24.760836,24.515636,24.569134,3743000
2015-01-26,24.529008,24.604797,24.332848,24.573589,3602400
2015-01-27,24.225847,24.315012,23.909316,24.083185,10021800
2015-01-28,24.386343,24.493339,23.873650,23.878109,7021000
2015-01-29,23.949443,24.127770,23.583871,24.011858,6044600
2015-01-30,23.833532,24.016318,23.472419,23.508083,7182600
2015-02-02,23.512542,23.619538,23.111303,23.552666,13757400
2015-02-03,23.735449,23.918235,23.579411,23.887028,6067600
2015-02-04,23.878112,24.216934,23.878112,24.056438,7655800
2015-02-05,24.212477,24.297182,24.007398,24.297182,5047200
2015-02-06,24.297183,24.448762,23.985109,24.038607,5105800
2015-02-09,23.953899,23.953899,23.597244,23.722073,5815400
2015-02-10,24.145605,24.511177,23.998485,24.502260,7357600
2015-02-11,24.515634,24.720711,24.430927,24.644920,5740400
2015-02-12,24.743003,24.992662,24.734086,24.992662,5937400
2015-02-13,25.023868,25.188820,24.903496,25.139780,5912200
2015-02-17,25.095202,25.255697,25.028328,25.246780,3562600
2015-02-18,25.228947,25.242321,25.063994,25.162073,5212800
2015-02-19,25.095200,25.242319,25.041700,25.175447,4734000
2015-02-20,25.188822,25.309194,25.028327,25.291361,4190800
2015-02-23,25.246781,25.273529,25.037245,25.108576,2701400
2015-02-24,25.126411,25.630188,25.032789,25.625729,5209600
2015-02-25,25.558854,25.603435,25.393900,25.451857,3616600
2015-02-26,25.474146,25.639099,25.429565,25.545477,4028800
2015-02-27,25.536560,25.581143,25.380524,25.398357,7039000
2015-03-02,25.612353,26.067089,25.612353,26.067089,9773800
2015-03-03,25.924427,25.977925,25.590062,25.639101,9878000
2015-03-04,25.639100,25.639100,25.340401,25.598976,4061800
2015-03-05,25.732721,25.750553,25.483062,25.590059,2515600
2015-03-06,25.460774,25.527646,25.211115,25.269072,3590600
2015-03-09,25.237864,25.295821,25.077368,25.179907,3771200
2015-03-10,24.974830,25.019412,24.662756,24.667215,9557800
2015-03-11,24.836623,25.099656,24.836623,24.849998,7273200
2015-03-12,24.426471,24.783127,24.426471,24.711796,9198600
2015-03-13,24.685045,24.925789,24.595881,24.916872,6343000
2015-03-16,24.974830,25.273529,24.974830,25.246780,5882000
2015-03-17,25.050616,25.113032,24.916870,25.077366,2674200
2015-03-18,25.032785,25.438481,24.760834,25.309193,10024200
2015-03-19,25.282444,25.393899,25.260153,25.340401,4733200
2015-03-20,25.478604,25.804053,25.478604,25.741638,6201400
2015-03-23,25.683681,25.781762,25.514269,25.514269,5507200
2015-03-24,25.483065,25.554396,25.282446,25.282446,5225800
2015-03-25,25.291359,25.291359,24.060897,24.101021,20870600
2015-03-26,23.610623,24.127774,23.459044,23.927155,23673400
2015-03-27,23.891489,24.845543,23.855822,24.693964,15603400
2015-03-30,24.765291,25.023867,24.622629,24.903496,10097400
2015-03-31,24.792044,24.943623,24.640465,24.653839,5471600
2015-04-01,24.676129,24.676129,24.323933,24.413095,6369800
2015-04-02,24.533469,24.702881,24.453221,24.479971,5737000
2015-04-06,24.181268,24.600338,24.118852,24.542381,6550400
2015-04-07,24.529006,24.769749,24.511173,24.555756,3759000
2015-04-08,24.471052,24.743002,24.462135,24.676128,3848800
2015-04-09,24.466593,24.943620,24.466593,24.921329,5220800
2015-04-10,24.890124,25.068451,24.890124,25.068451,3024400
2015-04-13,25.077371,25.166535,24.876751,24.894585,6005200
2015-04-14,24.907957,24.930247,24.560218,24.667215,5845200
2015-04-15,24.823250,25.215572,24.823250,25.126408,6375200
2015-04-16,24.845542,25.081826,24.845542,25.014954,10816800
2015-04-17,24.783128,24.818793,24.573592,24.693964,5640800
2015-04-20,24.827707,25.006036,24.827707,24.899038,3556400
2015-04-21,25.144243,25.251239,24.961457,25.059536,4024800
2015-04-22,25.237861,25.514269,25.086282,25.514269,4985800
2015-04-23,25.050620,25.358237,25.041704,25.251240,5246400
2015-04-24,25.318112,25.398360,24.894583,24.983747,8055600
2015-04-27,25.019410,25.434022,24.979286,25.184364,27557800
2015-04-28,25.157614,25.179905,24.814333,25.166531,6500800
2015-04-29,24.988205,25.072912,24.756378,24.983747,8033200
2015-04-30,24.899038,24.997119,24.600339,24.725168,6352200
2015-05-01,24.948081,25.438484,24.943624,25.429567,8296000
2015-05-04,25.456314,25.491980,25.246780,25.291361,5460400
2015-05-05,25.153153,25.211110,24.796498,24.809874,12282200
2015-05-06,24.934706,25.023871,24.636006,24.805418,8962200
2015-05-07,24.867833,25.068453,24.850002,24.983747,6930200
2015-05-08,25.162073,25.327027,25.144241,25.220030,8114400
2015-05-11,25.202198,25.291363,25.117493,25.211115,6724400
2015-05-12,25.126409,25.148699,24.885665,25.019411,6319400
2015-05-13,25.081825,25.327027,25.072910,25.144241,4333200
2015-05-14,25.286902,25.509812,25.211112,25.402815,8296400
2015-05-15,25.491982,25.545480,25.318113,25.438484,6632000
2015-05-18,25.500897,25.670309,25.380525,25.661392,3563400
2015-05-19,25.768385,25.839716,25.514268,25.616806,4022400
2015-05-20,25.603436,25.857553,25.554395,25.692600,3047400
2015-05-21,25.674765,25.786219,25.496436,25.741638,2819400
2015-05-22,25.719346,25.853094,25.719346,25.763929,1732400
2015-05-26,25.723806,25.723806,25.451856,25.558853,4396800
2015-05-27,25.688141,26.593157,25.621269,26.512909,15446400
2015-05-28,26.490617,26.646655,26.361331,26.548574,13910600
2015-05-29,26.584238,26.744734,26.521824,26.664486,11821400
2015-06-01,26.735820,26.807151,26.428203,26.570866,7304000
2015-06-02,26.441579,26.539658,26.183003,26.191919,5703400
2015-06-03,26.361327,26.365784,25.986838,26.009129,3508400
2015-06-04,25.924425,25.991297,25.625725,25.701515,6571200
2015-06-05,25.643562,25.728267,25.460776,25.625729,3332600
2015-06-08,25.630184,25.634641,25.113033,25.166531,8659600
2015-06-09,25.188824,25.286905,24.988204,25.193281,7530200
2015-06-10,25.335942,25.670307,25.322566,25.576683,5838200
2015-06-11,25.714889,25.763929,25.581143,25.607891,3451400
2015-06-12,25.487518,25.549934,25.358231,25.389439,3000800
2015-06-15,25.139783,25.349319,25.028328,25.318111,5048600
2015-06-16,25.224491,25.491982,25.170991,25.429567,3259600
2015-06-17,25.429566,25.572228,25.358235,25.451857,2815200
2015-06-18,25.536560,25.906591,25.532102,25.812969,4358000
2015-06-19,25.879841,25.897674,25.598974,25.719345,5700200
2015-06-22,25.911050,25.969007,25.795137,25.942257,4815000
2015-06-23,25.986843,26.040340,25.737183,25.817430,3083400
2015-06-24,25.821883,25.866466,25.598973,25.616806,4513800
2015-06-25,25.804055,25.853095,25.616809,25.674767,2351400
2015-06-26,25.420651,25.420651,24.765295,24.925791,20158600
2015-06-29,24.600341,24.743004,24.181271,24.212479,14581800
2015-06-30,24.453217,24.529007,24.208017,24.328388,9920600
2015-07-01,24.569134,24.734087,24.346224,24.422012,7093600
2015-07-02,24.515634,24.662754,24.399720,24.573589,7262600
2015-07-06,24.328388,24.533465,24.069814,24.176809,9861600
2015-07-07,24.029690,24.114396,23.378792,24.056438,15372200
2015-07-08,23.820156,23.820156,23.356502,23.427834,19992600
2015-07-09,23.887030,23.909321,23.124677,23.164801,13330600
2015-07-10,23.392167,23.659658,23.392167,23.583870,12053600
2015-07-13,23.726532,23.842444,23.396624,23.788946,8819000
2015-07-14,23.900402,24.038605,23.864736,23.980650,10953600
2015-07-15,24.025234,24.060900,23.753283,23.860281,8059800
2015-07-16,23.994023,23.994023,23.583869,23.846903,12379600
2015-07-17,23.842445,23.864736,23.601702,23.833529,7441800
2015-07-20,23.855822,23.909321,23.632912,23.641829,4809800
2015-07-21,23.637367,23.833527,23.588327,23.623993,5674200
2015-07-22,22.968641,23.392171,22.834896,23.048889,17806200
2015-07-23,23.200463,23.637366,23.182630,23.369873,10110600
2015-07-24,23.427832,23.450122,22.817059,22.830433,7354400
2015-07-27,22.683313,22.888390,22.482694,22.741268,9295400
2015-07-28,22.821519,23.360962,22.687773,23.213840,14212600
2015-07-29,23.258422,23.360962,23.053345,23.307463,7922000
2015-07-30,23.316383,23.588333,23.245052,23.521460,7605200
2015-07-31,23.508079,23.516995,23.196004,23.249504,4326000
2015-08-03,23.209385,23.227217,23.008766,23.138054,5694800
2015-08-04,23.080096,23.124677,22.745731,22.892851,7697200
2015-08-05,23.285169,23.338667,22.910680,23.169256,6238200
2015-08-06,23.182633,23.182633,22.692232,22.901766,8453800
2015-08-07,22.821520,22.986474,22.741272,22.959724,5166200
2015-08-10,23.093473,23.606167,23.080099,23.539293,9107600
2015-08-11,23.182632,23.258420,22.910681,23.004303,5672400
2015-08-12,22.710063,23.151426,22.509446,23.062262,6472000
2015-08-13,22.995389,23.071178,22.741270,22.745729,3232400
2015-08-14,22.643189,22.701144,22.438112,22.580774,4578800
2015-08-17,22.473781,22.768022,22.308828,22.754648,6324000
2015-08-18,22.710064,22.741272,22.313285,22.353409,10867600
2015-08-19,22.389075,22.406907,21.983379,22.126041,15532000
2015-08-20,21.943254,21.952170,21.399353,21.403811,10792600
2015-08-21,21.149695,21.452852,20.815330,20.859913,21142200
2015-08-24,19.406540,21.385982,19.406540,20.530006,19834000
2015-08-25,20.940161,21.421646,20.356136,20.356136,12624200
2015-08-26,20.761831,21.319106,20.574588,21.287899,9502600
2015-08-27,21.568763,22.045790,21.568763,21.996750,11120600
2015-08-28,21.970005,22.241955,21.903133,22.183998,9824600
2015-08-31,22.085917,22.344491,21.907588,22.090374,5967800
2015-09-01,21.649013,21.854090,21.261148,21.403811,13667000
2015-09-02,21.831801,21.947714,21.595515,21.934340,8109600
2015-09-03,22.126042,22.406907,22.068085,22.152790,5681400
2015-09-04,21.916501,22.010123,21.689134,21.805046,6818400
2015-09-08,22.331116,22.661023,22.282075,22.634274,10223200
2015-09-09,22.839349,23.071176,22.228576,22.290991,13549200
2015-09-10,22.241954,22.580778,22.010128,22.362326,10696200
2015-09-11,22.161704,22.433654,22.112663,22.402447,7115600
2015-09-14,22.531736,22.580777,22.357867,22.455946,2958200
2015-09-15,22.652111,22.879478,22.576320,22.785856,7775600
2015-09-16,22.848268,22.910682,22.647648,22.888391,2446200
2015-09-17,22.888390,23.129133,22.714520,22.741268,5659600
2015-09-18,22.357864,22.656563,22.273158,22.357864,8768000
2015-09-21,22.513904,22.545111,22.210746,22.344492,5692200
2015-09-22,21.898674,22.050253,21.787219,21.880842,10660600
2015-09-23,21.907588,21.987836,21.698052,21.724802,3530400
2015-09-24,21.497434,21.827340,21.194277,21.715885,7770200
2015-09-25,22.032412,22.130493,21.662383,21.831795,4268400
2015-09-28,21.760469,21.858548,21.345856,21.368147,6083400
2015-09-29,21.363689,21.662390,21.256694,21.515268,8143600
2015-09-30,21.934336,22.299908,21.867462,22.237494,6315200
2015-10-01,22.304367,22.304367,21.738176,22.090374,5670000
2015-10-02,21.818425,22.451490,21.796134,22.438116,7659600
2015-10-05,22.669938,22.973095,22.562942,22.834892,7922400
2015-10-06,22.817063,23.008766,22.589694,22.928518,11149000
2015-10-07,23.173718,23.405545,22.919601,23.271799,9412200
2015-10-08,23.289632,23.570498,23.102387,23.570498,5992400
2015-10-09,23.454580,23.530369,23.191546,23.298542,4006200
2015-10-12,23.410000,23.410000,23.249506,23.334211,2566600
2015-10-13,23.151428,23.289632,23.039973,23.048889,6764400
2015-10-14,23.031055,23.931611,22.955266,23.739908,23660200
2015-10-15,23.900404,24.047524,23.730992,23.900404,9743400
2015-10-16,23.931612,24.020776,23.793407,23.998486,4762400
2015-10-19,24.011858,24.127770,23.869196,24.016315,5340800
2015-10-20,23.985107,24.078729,23.873652,23.967274,6586800
2015-10-21,24.243685,24.395263,24.007399,24.011858,6060600
2015-10-22,24.364054,24.818789,24.364054,24.743000,9127400
2015-10-23,24.974830,25.126409,24.769753,25.023870,10415000
2015-10-26,25.001577,25.001577,24.471050,24.546841,4209000
2015-10-27,24.372969,24.569131,24.328388,24.395262,7205000
2015-10-28,24.520091,24.707335,24.364055,24.640463,9957000
2015-10-29,24.101024,24.216936,23.971736,24.002943,8654200
2015-10-30,24.105480,24.283808,24.087647,24.167894,3365600
2015-11-02,24.225850,24.435386,24.172352,24.395262,3818800
2015-11-03,24.319473,24.716252,24.283808,24.604797,3427600
2015-11-04,24.725169,24.800960,24.578050,24.765293,4005000
2015-11-05,24.569132,24.604797,24.060897,24.123312,5219400
2015-11-06,24.270432,24.631547,24.208018,24.604797,6433000
2015-11-09,24.569133,24.569133,24.261517,24.408638,3274400
2015-11-10,24.074271,24.150059,23.922692,24.020773,4874800
2015-11-11,24.029692,24.265976,24.011858,24.029692,2070800
2015-11-12,23.940525,24.043063,23.717615,23.722073,4982600
2015-11-13,23.668578,23.744367,23.374337,23.476875,6644800
2015-11-16,23.476874,23.780031,23.472416,23.780031,3844200
2015-11-17,23.753280,24.145602,23.753280,24.020773,5432800
2015-11-18,24.016317,24.172355,23.802324,24.145605,5680400
2015-11-19,24.306098,24.546841,24.114395,24.332848,7587400
2015-11-20,24.399722,24.573591,24.346224,24.426472,2667800
2015-11-23,24.426472,24.426472,24.109940,24.150063,2456000
2015-11-24,24.016318,24.430931,24.016318,24.404182,8014400
2015-11-25,24.377430,24.551299,24.332848,24.439844,2013000
2015-11-27,24.462132,24.613711,24.453216,24.560213,1344600
2015-11-30,24.653837,24.876747,24.564673,24.876747,4766800
2015-12-01,24.912415,25.170990,24.912415,25.170990,3111400
2015-12-02,25.242323,25.362694,25.037246,25.072912,3616200
2015-12-03,25.389439,25.398356,24.760834,24.903496,6402600
2015-12-04,24.952536,25.376063,24.832164,25.322565,3891600
2015-12-07,25.407272,25.407272,25.077365,25.113031,4817800
2015-12-08,24.814331,24.988200,24.698419,24.885662,3872000
2015-12-09,24.823248,24.948077,24.484424,24.622629,6798800
2015-12-10,24.618174,24.899039,24.609257,24.711796,3527000
2015-12-11,24.386349,24.529011,24.185729,24.234770,7769600
2015-12-14,24.252600,24.292724,23.793405,24.051981,8035000
2015-12-15,24.154521,24.551301,24.154521,24.430929,6334600
2015-12-16,24.609255,24.662753,24.234766,24.622629,3467800
2015-12-17,24.702878,24.792042,24.265975,24.292725,7532800
2015-12-18,24.105480,24.230309,23.958361,23.958361,8333200
2015-12-21,24.200228,24.377869,24.122793,24.377869,5164400
2015-12-22,24.423414,24.505402,24.286767,24.482628,2294600
2015-12-23,24.528179,24.646607,24.478076,24.614723,1595600
2015-12-24,24.564619,24.778701,24.541845,24.683046,927000
2015-12-28,24.591947,24.651159,24.377865,24.623831,3046000
2015-12-29,24.724038,24.983668,24.701264,24.897125,2377200
2015-12-30,24.951782,24.951782,24.632940,24.655714,4888800
2015-12-31,24.560061,24.560061,24.268547,24.268547,3246000
2016-01-04,23.840385,24.013472,23.680964,24.013472,5739200
2016-01-05,24.013474,24.077243,23.749289,23.790283,6894800
2016-01-06,23.362122,23.407671,22.970400,23.175371,6245200
2016-01-07,22.637892,22.965844,22.432921,22.460251,9856200
2016-01-08,22.528576,22.683443,22.104969,22.104969,6364600
2016-01-11,22.382814,22.483023,21.991092,22.305382,6564400
2016-01-12,22.615121,22.674334,22.177849,22.496693,9614000
2016-01-13,22.391925,22.669774,21.808897,21.836226,10653400
2016-01-14,21.922770,22.524018,21.731463,22.414700,9039800
2016-01-15,21.312412,21.572041,21.016342,21.271418,10587000
2016-01-19,21.594818,21.758795,21.230425,21.412621,15148600
2016-01-20,21.148436,21.676805,20.957129,21.467279,10765000
2016-01-21,21.708691,22.013871,21.403513,21.763350,8607200
2016-01-22,22.191513,22.305386,22.027536,22.177847,8001200
2016-01-25,22.136852,22.209730,21.890888,21.927326,4509600
2016-01-26,22.036646,22.264391,21.931883,22.114079,7913600
2016-01-27,22.050310,22.255281,21.772460,21.868113,7428600
2016-01-28,21.968317,22.027532,21.649474,21.754236,6481600
2016-01-29,22.127744,22.683442,21.963767,22.647003,11275000
2016-02-01,22.455694,22.879300,22.455694,22.747208,4788200
2016-02-02,22.496690,22.601453,22.032090,22.123188,9225400
2016-02-03,22.305384,22.364597,21.717801,22.155071,16536000
2016-02-04,22.218837,22.683438,22.150514,22.583231,5473200
2016-02-05,22.451141,22.478469,21.713244,21.795233,10674000
2016-02-08,21.417174,21.471832,20.984457,21.330631,11078000
2016-02-09,20.998123,21.540158,20.989015,21.239534,6885000
2016-02-10,21.344297,21.471834,20.916135,20.934355,4779600
2016-02-11,20.620064,20.888803,20.510745,20.784040,8039000
2016-02-12,21.225869,21.225869,20.702056,21.193985,4430800
2016-02-16,22.141409,22.141409,21.467283,21.913664,8423800
2016-02-17,22.054863,22.460251,21.981984,22.437475,4024400
2016-02-18,22.601454,22.615120,22.341824,22.346380,2861200
2016-02-19,22.419259,22.569570,22.291720,22.387375,5254600
2016-02-22,22.624226,22.847417,22.615117,22.751764,5169400
2016-02-23,22.569567,22.678886,22.328158,22.369152,3320400
2016-02-24,22.073081,22.697105,21.986539,22.656111,6106000
2016-02-25,22.756319,22.920296,22.478469,22.920296,2591600
2016-02-26,23.056941,23.152595,22.956734,23.047831,4801400
2016-02-29,23.056944,23.334794,22.961292,22.970402,4661400
2016-03-01,23.280134,23.676411,23.207256,23.676411,3944600
2016-03-02,23.617196,23.799393,23.562537,23.799393,2565200
2016-03-03,23.872274,23.913268,23.699187,23.854053,3599600
2016-03-04,23.945150,24.209336,23.767509,24.008919,6209800
2016-03-07,23.858606,24.191114,23.767508,24.100016,6493000
2016-03-08,23.913265,24.008918,23.608087,23.644526,7157600
2016-03-09,23.762953,23.885935,23.658190,23.813057,3137000
2016-03-10,23.963374,24.163789,23.589871,23.940599,5354400
2016-03-11,24.209337,24.423416,24.186561,24.423416,4448000
2016-03-14,24.318653,24.405197,24.218444,24.314098,4298600
2016-03-15,24.186561,24.245775,24.045360,24.232111,2575200
2016-03-16,24.154677,24.537289,24.141013,24.514515,6804800
2016-03-17,24.441637,24.719486,24.423417,24.683046,6516400
2016-03-18,24.710376,25.006445,24.710376,24.997335,2838400
2016-03-21,24.865243,25.001890,24.778700,24.997335,4020200
2016-03-22,24.856131,25.061102,24.792362,24.983667,1640600
2016-03-23,24.992777,24.992777,24.678489,24.687599,3672200
2016-03-24,24.509956,24.655713,24.414301,24.646603,3466200
2016-03-28,24.687599,24.696709,24.528176,24.637495,2957600
2016-03-29,24.546400,25.015555,24.464411,24.979116,5163600
2016-03-30,25.129427,25.348064,25.074768,25.229635,5981600
2016-03-31,25.133979,25.197747,25.065654,25.088430,3000000
2016-04-01,24.892573,25.215972,24.828803,25.206861,3118400
2016-04-04,25.220525,25.234191,24.965451,25.011000,5429000
2016-04-05,24.828800,24.965448,24.783251,24.824245,3150600
2016-04-06,24.705819,25.079321,24.614720,25.056545,2722200
2016-04-07,24.901680,24.960894,24.632942,24.724039,3979400
2016-04-08,24.983671,25.070216,24.755926,24.842470,2350800
2016-04-11,25.001888,25.220523,24.851577,24.869795,5078600
2016-04-12,24.919901,24.956341,24.546398,24.828802,3492600
2016-04-13,25.033773,25.352616,24.974560,25.334396,3935400
2016-04-14,25.056548,25.097542,24.842468,25.061104,4771400
2016-04-15,25.092987,25.092987,24.865241,24.874352,5842200
2016-04-18,24.778698,24.965449,24.724038,24.906235,3473600
2016-04-19,24.960894,24.997334,24.591948,24.696711,5667800
2016-04-20,24.573726,24.933565,24.555506,24.815136,5986000
2016-04-21,24.787806,24.847021,24.569171,24.678490,4348000
2016-04-22,24.696712,24.883463,24.496295,24.692156,3210000
2016-04-25,24.742263,24.755927,24.500853,24.569176,2096800
2016-04-26,24.733148,25.038328,24.733148,24.833357,4501000
2016-04-27,24.660270,25.161310,24.637495,25.124870,6979200
2016-04-28,24.833357,25.111206,24.455299,24.500849,6869000
2016-04-29,24.418861,24.418861,23.744735,23.895046,18970400
2016-05-02,23.940594,24.104569,23.822165,24.054466,6567800
2016-05-03,23.835831,23.931484,23.676409,23.803946,8778600
2016-05-04,23.603532,23.785729,23.475995,23.548874,6204600
2016-05-05,23.658190,23.831277,23.535208,23.635416,7554600
2016-05-06,23.480550,23.667301,23.366677,23.639973,6249600
2016-05-09,23.685521,23.808504,23.548874,23.617197,4660200
2016-05-10,23.676413,23.885938,23.571650,23.881384,4536800
2016-05-11,23.767510,23.963371,23.767510,23.772064,1805000
2016-05-12,23.858610,23.876829,23.175374,23.348459,13003400
2016-05-13,23.498769,23.635416,23.384896,23.416780,4632600
2016-05-16,23.430444,24.013473,23.430444,23.885935,3655800
2016-05-17,23.808505,23.940598,23.621754,23.662748,4212200
2016-05-18,23.649082,24.259440,23.649082,24.081799,6193200
2016-05-19,23.890491,24.095462,23.708294,23.872271,3431200
2016-05-20,24.186557,24.664824,24.186557,24.664824,8714400
2016-05-23,24.897124,25.047437,24.796915,24.824245,7665600
2016-05-24,24.947228,25.430049,24.947228,25.425493,6043200
2016-05-25,25.562142,25.621356,25.384501,25.566698,6215400
2016-05-26,25.603134,25.698787,25.534811,25.653238,5014000
2016-05-27,25.657795,25.853654,25.657795,25.821770,2803800
2016-05-31,25.935642,25.935642,25.739780,25.917423,7380000
2016-06-01,25.817215,26.063181,25.785331,26.022186,3819600
2016-06-02,25.908315,26.017632,25.858210,26.017632,4484600
2016-06-03,26.158834,26.213493,25.903759,26.067736,5199000
2016-06-06,26.076846,26.199828,25.935643,26.003967,5914800
2016-06-07,26.104175,26.309144,26.076845,26.277260,7954600
2016-06-08,26.272712,26.331926,26.190724,26.281822,4424600
2016-06-09,26.054077,26.309151,25.990308,26.281822,6188400
2016-06-10,25.949311,26.022189,25.753450,25.826328,5754000
2016-06-13,25.685126,26.003970,25.676016,25.717010,3332200
2016-06-14,25.666901,25.762556,25.448266,25.685122,7676600
2016-06-15,25.853654,25.853654,25.621355,25.657795,2736800
2016-06-16,25.379945,25.712453,25.234188,25.671459,7024600
2016-06-17,25.698790,25.698790,25.329844,25.498375,10150400
2016-06-20,25.862764,26.186164,25.862764,25.926533,5203600
2016-06-21,26.040407,26.095067,25.917426,26.049517,6131000
2016-06-22,26.054072,26.300037,25.990303,26.017632,7197800
2016-06-23,26.300037,26.668983,26.263597,26.668983,6354600
2016-06-24,25.484706,25.926531,25.111204,25.111204,15770000
2016-06-27,24.865243,24.892573,24.182007,24.336874,15619800
2016-06-28,24.696708,25.001886,24.596500,25.001886,10836000
2016-06-29,25.307068,25.571252,25.202305,25.512037,10907400
2016-06-30,25.603137,26.172501,25.502930,25.967529,7017200
2016-07-01,25.803552,25.862765,25.739782,25.776222,3211400
2016-07-05,25.557587,25.580361,25.243297,25.366280,5103200
2016-07-06,25.174976,25.439160,24.970005,25.402721,6892400
2016-07-07,25.457381,25.876433,25.366282,25.689682,3192400
2016-07-08,25.944754,26.391134,25.853655,26.391134,5685600
2016-07-11,26.546005,26.805634,26.518676,26.746422,2958400
2016-07-12,26.942279,27.060706,26.851180,27.037931,2907800
2016-07-13,27.065260,27.170025,26.983274,27.042486,1979000
2016-07-14,27.279341,27.320336,27.042486,27.270231,3159600
2016-07-15,27.252011,27.252011,27.101698,27.192797,4029400
2016-07-18,27.876033,28.003570,27.835039,27.985350,5257200
2016-07-19,27.885146,27.926140,27.789491,27.876036,1668200
2016-07-20,27.989907,28.354300,27.944357,28.304195,4552800
2016-07-21,28.263203,28.276869,27.935251,28.062788,7103200
2016-07-22,27.980798,28.231318,27.862369,28.231318,4302600
2016-07-25,28.244980,28.386183,28.244980,28.363409,2636200
2016-07-26,28.613929,29.288057,28.509166,29.183292,17223200
2016-07-27,29.388261,29.388261,28.937327,29.078529,5555600
2016-07-28,29.055755,29.192401,28.928217,29.042089,3439800
2016-07-29,29.042091,29.101305,28.796127,28.923664,3932000
2016-08-01,28.996543,29.105862,28.923665,29.005653,2496600
2016-08-02,28.946439,29.064868,28.463620,28.623041,11176000
2016-08-03,28.550160,28.695917,28.504612,28.695917,2550600
2016-08-04,28.700471,28.914553,28.682253,28.900888,3049800
2016-08-05,29.051198,29.278944,28.973766,29.237951,1860800
2016-08-08,29.342712,29.379152,29.187847,29.237951,1544600
2016-08-09,29.383709,29.506690,29.383709,29.433813,3950000
2016-08-10,29.497581,29.497581,29.146853,29.237951,1284600
2016-08-11,29.329050,29.397375,29.201513,29.356379,1214600
2016-08-12,29.379154,29.543131,29.374598,29.479362,2661400
2016-08-15,29.575013,29.880191,29.575013,29.811867,3495200
2016-08-16,29.775431,29.779984,29.606898,29.638783,1530000
2016-08-17,29.643338,29.643338,29.415593,29.575014,4162200
2016-08-18,29.597794,29.802763,29.597794,29.802763,2669800
2016-08-19,29.843756,30.012288,29.743550,29.957628,1981200
2016-08-22,29.902971,30.025952,29.830091,29.966740,1880600
2016-08-23,30.148936,30.267361,30.089719,30.112495,3425000
2016-08-24,30.121604,30.153489,29.798206,29.875639,3948200
2016-08-25,29.907525,30.103382,29.884749,29.975845,3200800
2016-08-26,30.057834,30.340239,29.921189,30.103382,4488200
2016-08-29,30.199039,30.308356,30.153487,30.208147,2169000
2016-08-30,30.217261,30.358466,30.076060,30.158049,2923200
2016-08-31,30.212709,30.230929,30.012292,30.158049,2065000
2016-09-01,30.185375,30.435896,30.071502,30.435896,3622400
2016-09-02,30.554321,30.554321,30.294691,30.408564,4418800
2016-09-06,30.495108,30.554324,30.240034,30.404011,4397000
2016-09-07,30.531550,30.581654,30.171712,30.203596,7942000
2016-09-08,30.103386,30.217259,29.953077,30.144382,7480000
2016-09-09,29.880192,29.884748,29.010205,29.051199,21847200
2016-09-12,28.887223,29.661560,28.723248,29.647892,13353800
2016-09-13,29.547688,29.720774,29.196958,29.324495,7442600
2016-09-14,29.360934,29.657004,29.228841,29.570459,5247200
2016-09-15,29.643338,30.358459,29.493026,30.303799,10300600
2016-09-16,30.722847,30.722847,30.094272,30.317461,5363600
2016-09-19,30.631757,30.827618,30.353907,30.422232,4351800
2016-09-20,30.599871,30.636311,30.244589,30.308357,2850400
2016-09-21,30.554322,30.782068,30.353905,30.727407,7751800
2016-09-22,31.037140,31.151013,30.768402,30.873163,6243200
2016-09-23,30.859503,30.873167,30.486000,30.513329,4215400
2016-09-26,30.335682,30.404006,30.135268,30.230921,3491200
2016-09-27,30.176264,30.741072,30.130716,30.727407,8105600
2016-09-28,30.804841,30.905049,30.554323,30.768404,3194400
2016-09-29,30.718299,31.333211,30.440449,31.146458,13499000
2016-09-30,31.351432,31.770483,31.342321,31.642946,6644800
2016-10-03,31.588289,31.797815,31.360544,31.396984,4400000
2016-10-04,31.529074,31.647503,31.219340,31.264889,7234000
2016-10-05,31.424304,31.756814,31.374200,31.506292,8053000
2016-10-06,31.588279,31.747701,31.328650,31.688488,4965800
2016-10-07,31.775040,31.775040,31.433422,31.711271,4203000
2016-10-10,31.898017,31.980006,31.592839,31.611059,3550200
2016-10-11,31.483520,31.556397,30.709184,30.959705,8279400
2016-10-12,30.914157,31.005254,30.640860,30.959705,8534800
2016-10-13,30.668194,30.731962,30.089719,30.604425,13193800
2016-10-14,30.813951,31.141905,30.763847,30.800287,4692200
2016-10-17,30.741071,30.927824,30.645418,30.672747,1803000
2016-10-18,31.023481,31.182902,30.932384,31.018925,5397800
2016-10-19,30.686415,30.813952,30.545210,30.700079,13399600
2016-10-20,30.659081,31.069023,30.531544,30.968815,7140800
2016-10-21,30.864057,30.964266,30.636312,30.927826,4053400
2016-10-24,31.123685,31.324099,31.069025,31.324099,2598200
2016-10-25,31.251219,31.360536,31.187450,31.237555,2844600
2016-10-26,30.795731,31.342319,30.795731,31.146458,2260000
2016-10-27,31.424303,31.533624,31.028029,31.055357,5114800
2016-10-28,31.137349,31.301326,30.868608,30.877720,4301600
2016-10-31,31.046253,31.210226,31.032585,31.096354,3145400
2016-11-01,31.137347,31.273995,30.499659,30.809393,5390400
2016-11-02,30.786621,30.964266,30.540659,30.618092,3659800
2016-11-03,30.654532,30.813953,30.454115,30.490555,5384400
2016-11-04,30.290140,30.636314,30.180824,30.331133,6104000
2016-11-07,30.827609,31.246659,30.782060,31.242104,4196000
2016-11-08,31.146457,31.456191,31.041696,31.296770,1879000
2016-11-09,30.531548,31.137352,30.422231,31.046255,10449400
2016-11-10,31.296770,31.301326,30.121603,30.467777,11724200
2016-11-11,30.540658,31.228447,30.540658,31.228447,13167800
2016-11-14,31.192012,31.214784,30.809398,30.891386,5860400
2016-11-15,31.005261,31.478972,30.987041,31.406092,5905600
2016-11-16,31.346880,31.693054,31.296775,31.652058,3667800
2016-11-17,31.738596,31.980005,31.579175,31.852468,3043200
2016-11-18,31.866135,32.075660,31.784147,32.034668,10706200
2016-11-21,32.339843,32.339843,32.021001,32.244190,7345400
2016-11-22,32.494714,32.667803,32.458278,32.617699,6829600
2016-11-23,32.590369,32.690574,32.471940,32.567593,3642200
2016-11-25,32.640474,32.676910,32.522045,32.663246,887000
2016-11-28,32.594921,32.717905,32.508380,32.581257,6545000
2016-11-29,32.435499,32.640472,32.321626,32.458275,5897600
2016-11-30,32.503829,32.540269,32.348960,32.367180,3534600
2016-12-01,32.317069,32.317069,30.741071,30.827616,22106600
2016-12-02,30.804839,31.355983,30.791175,31.324099,7593000
2016-12-05,31.538173,31.729482,31.378752,31.638382,5308000
2016-12-06,31.752266,31.984568,31.674834,31.984568,5366200
2016-12-07,31.884353,32.645022,31.788701,32.622250,6927000
2016-12-08,32.626803,32.941092,32.594918,32.818111,5062000
2016-12-09,33.064073,33.114177,32.512929,32.649578,6822400
2016-12-12,32.526599,32.617696,32.230530,32.512932,7697000
2016-12-13,32.576697,33.114176,32.576697,33.091404,7620200
2016-12-14,32.895543,33.000304,32.658686,32.736122,6313200
2016-12-15,32.831771,33.341918,32.827215,33.259930,11967400
2016-12-16,33.323714,33.373815,32.699691,32.831783,6983000
2016-12-19,32.917176,33.238586,32.894216,33.238586,3446600
2016-12-20,33.279919,33.417665,33.183492,33.289101,2349200
2016-12-21,33.514090,33.514090,33.215636,33.256962,4060200
2016-12-22,33.569184,33.569184,33.252363,33.426846,1515200
2016-12-23,33.330415,33.582954,33.330415,33.582954,1045000
2016-12-27,33.670203,33.964065,33.670203,33.867641,2561200
2016-12-28,34.000797,34.133950,33.307465,33.307465,3869800
2016-12-29,33.174308,33.362565,33.059518,33.316647,2533800
2016-12-30,33.481947,33.610511,32.839122,32.894222,3038600
2017-01-03,33.445208,33.445208,32.747286,32.949318,5741400
2017-01-04,33.096250,33.197266,32.958501,33.054924,3870400
2017-01-05,33.132986,33.252365,32.862080,32.862080,3016600
2017-01-06,32.907992,33.160531,32.779428,33.031967,5188000
2017-01-09,33.077882,33.504901,33.077882,33.413067,4708400
2017-01-10,33.390114,33.615101,33.390114,33.541637,3542000
2017-01-11,33.449806,33.693161,33.408484,33.683979,4425800
2017-01-12,33.463576,33.463576,32.963093,33.123798,7836000
2017-01-13,33.449811,33.679391,33.394714,33.615108,2261400
2017-01-17,33.518685,33.550826,33.137581,33.220230,3131400
2017-01-18,33.394708,33.807949,33.335015,33.807949,4002200
2017-01-19,33.578360,33.812533,33.486530,33.550812,2134200
2017-01-20,33.867641,34.092629,33.821726,33.872231,5442000
2017-01-23,33.775804,33.830905,33.408478,33.573776,3328600
2017-01-24,33.720713,34.230381,33.720713,34.230381,8233400
2017-01-25,34.556378,34.675757,34.377306,34.652802,5480400
2017-01-26,34.689533,34.689533,34.262514,34.386486,5233200
2017-01-27,34.551787,34.827282,34.551787,34.827282,3379800
2017-01-30,34.721684,34.721684,34.276298,34.661991,3569400
2017-01-31,34.478326,34.602301,34.051310,34.179874,4364800
2017-02-01,34.579332,34.675755,34.303836,34.528824,3412600
2017-02-02,34.322201,34.639023,34.207411,34.565556,2290200
2017-02-03,34.735454,34.804328,34.639030,34.717087,3290600
2017-02-06,34.735455,34.808919,34.556383,34.675762,1919800
2017-02-07,34.850245,34.914527,34.666580,34.822693,2852800
2017-02-08,34.818102,34.965033,34.698719,34.859425,2678600
2017-02-09,34.905336,34.923703,34.556377,34.556377,3577800
2017-02-10,34.868604,34.868604,34.322203,34.593105,4023000
2017-02-13,34.850245,35.047684,34.767596,35.047684,3427000
2017-02-14,34.859424,34.859424,34.593111,34.776775,3845400
2017-02-15,34.882386,35.134922,34.735455,35.134922,3246000
2017-02-16,35.167058,35.268074,35.043087,35.268074,3860000
2017-02-17,35.089008,35.396645,35.006359,35.396645,3377000
2017-02-21,35.575714,35.731827,35.465513,35.731827,2242200
2017-02-22,35.612444,35.695093,35.474698,35.575714,2620200
2017-02-23,35.561936,35.571121,35.052268,35.180836,5455400
2017-02-24,34.795142,35.245120,34.666578,35.231346,2751600
2017-02-27,35.208391,35.401237,35.130335,35.401237,3777400
2017-02-28,35.327769,35.346136,34.987988,35.075230,4832800
2017-03-01,35.359904,35.534383,35.084408,35.483875,3665200
2017-03-02,35.447153,35.520620,35.157883,35.171658,3834400
2017-03-03,35.268076,35.295628,35.052270,35.295628,2671000
2017-03-06,35.134923,35.350729,34.997177,35.309406,5125000
2017-03-07,35.226758,35.548168,35.180842,35.396645,3065800
2017-03-08,35.392054,35.672141,35.350727,35.433376,3001000
2017-03-09,35.323176,35.506840,35.217567,35.447147,2138200
2017-03-10,35.667547,35.874168,35.598672,35.782337,3582200
2017-03-13,35.897128,35.956818,35.727238,35.956818,5468200
2017-03-14,35.837436,35.851210,35.594078,35.828251,2539800
2017-03-15,35.842026,36.181807,35.736421,36.154255,4813800
2017-03-16,36.209353,36.301184,36.094563,36.181805,3208400
2017-03-17,36.305777,36.374652,36.181806,36.278229,4099000
2017-03-20,36.429753,36.654744,36.282822,36.507812,2270400
2017-03-21,36.631780,36.723614,35.722645,35.809883,10765000
2017-03-22,35.842026,36.190989,35.750196,36.158848,6625800
2017-03-23,36.094568,36.223132,35.961411,36.048653,2660600
2017-03-24,36.604234,36.728206,36.218538,36.333328,3248400
2017-03-27,36.177216,36.516994,35.966003,36.498627,2495800
2017-03-28,36.461892,36.691472,36.342510,36.567497,4663800
2017-03-29,36.503219,36.516994,36.342514,36.420570,2358200
2017-03-30,36.415976,36.686882,36.411386,36.604233,1175800
2017-03-31,36.562906,36.755756,36.480257,36.599640,1731400
2017-04-03,36.640969,36.709841,36.246091,36.512402,2521000
2017-04-04,36.319557,36.535362,36.269049,36.383839,2975400
2017-04-05,36.434343,36.700657,36.131300,36.168030,2891400
2017-04-06,36.099152,36.278224,35.897120,36.186390,2020200
2017-04-07,36.154260,36.415981,36.122119,36.328743,1723200
2017-04-10,36.310368,36.314957,35.929264,36.007320,3922600
2017-04-11,35.887947,35.887947,35.268078,35.736423,13529800
2017-04-12,35.745605,35.763972,35.157881,35.272671,15788200
2017-04-13,35.093597,35.538983,35.010948,35.010948,5420400
2017-04-17,35.176242,35.410415,35.167057,35.392048,4378600
2017-04-18,35.249709,35.548164,35.185427,35.534389,4251400
2017-04-19,35.832850,36.002740,35.640003,35.727242,7181400
2017-04-20,35.961409,36.278231,35.805296,36.241497,4511200
2017-04-21,36.094563,36.172619,35.851208,36.094563,5448000
2017-04-24,36.645556,36.732798,36.494036,36.618008,4373800
2017-04-25,36.792486,37.008292,36.663922,36.985336,4021800
2017-04-26,36.957782,36.980741,36.618004,36.705246,3993000
2017-04-27,36.902686,37.228690,36.902686,37.196548,5043800
2017-04-28,36.976154,37.040437,36.494039,36.595051,8783400
2017-05-01,36.705248,36.976151,36.535357,36.976151,4598600
2017-05-02,36.921055,36.921055,36.576685,36.778713,6497400
2017-05-03,36.705248,37.008292,36.677696,36.989925,5324800
2017-05-04,36.994516,37.054206,36.810852,36.953194,1905800
2017-05-05,36.989927,37.100128,36.783307,37.100128,2059000
2017-05-08,37.146046,37.159821,36.962382,37.008297,1855000
2017-05-09,37.067982,37.453675,37.067982,37.380211,3260600
2017-05-10,37.756726,37.958754,37.614384,37.853149,3330400
2017-05-11,37.784275,38.064363,37.545510,37.935799,3388200
2017-05-12,37.967941,38.068957,37.821010,38.041405,1947600
2017-05-15,38.087322,38.463833,38.041406,38.463833,3541600
2017-05-16,38.532707,38.922993,38.399551,38.922993,3641600
2017-05-17,38.376595,38.555667,37.435315,37.458275,12639400
2017-05-18,37.591429,38.179153,37.393990,38.013855,6609800
2017-05-19,38.417913,38.555663,38.353631,38.454647,6180400
2017-05-22,38.596985,38.835750,38.551070,38.821976,4292200
2017-05-23,38.909210,38.909210,38.450050,38.739323,5040200
2017-05-24,38.987278,39.014826,38.762287,38.909218,1998000
2017-05-25,39.129614,39.253586,38.877075,39.175529,6936400
2017-05-26,39.115840,39.258178,38.872486,39.248997,1588400
2017-05-30,39.308688,39.570409,39.230632,39.529083,3494200
2017-05-31,39.740302,39.754076,39.262775,39.483170,3466600
2017-06-01,39.588770,39.588770,39.313275,39.556629,5250800
2017-06-02,39.767846,39.905595,39.483166,39.864269,2599600
2017-06-05,39.896412,40.158133,39.868863,39.969879,4386600
2017-06-06,39.923961,40.309657,39.777030,40.061710,3496800
2017-06-07,40.263738,40.484132,40.139763,40.360161,5305800
2017-06-08,40.543825,40.929518,40.332608,40.892784,6589400
2017-06-09,41.126956,41.195831,38.610758,39.345417,17851800
2017-06-12,38.867890,39.106651,38.169965,39.106651,16678400
2017-06-13,39.496942,39.671425,38.941358,39.359196,6954800
2017-06-14,39.451025,39.487758,38.638313,39.019417,6346200
2017-06-15,38.367408,38.799020,38.367408,38.661270,8397800
2017-06-16,38.826567,39.019417,38.537298,38.638313,7413400
2017-06-19,39.046965,39.363786,39.046965,39.322460,5378800
2017-06-20,39.377559,39.538264,38.831158,38.831158,5286000
2017-06-21,39.014822,39.281135,38.863298,39.276543,6412000
2017-06-22,39.271953,39.372968,39.046965,39.175529,4491800
2017-06-23,39.193900,39.496944,39.102070,39.336239,4133800
2017-06-26,39.708157,39.799988,38.927583,39.184711,10756400
2017-06-27,38.886254,38.890844,38.064358,38.064358,15194000
2017-06-28,38.344446,38.693405,37.917427,38.615349,7873000
2017-06-29,38.362816,38.436279,37.274605,37.747540,15391200
2017-06-30,37.917434,38.045998,37.449088,37.586838,10455000
2017-07-03,37.825597,37.935798,37.155224,37.155224,6499800
2017-07-05,37.302156,37.917432,37.302156,37.862331,12905600
2017-07-06,37.618981,37.949576,37.361852,37.701630,5441600
2017-07-07,37.949567,38.371993,37.876100,38.206696,6831000
2017-07-10,38.284756,38.693408,38.124051,38.601578,6785400
2017-07-11,38.661271,38.978093,38.514340,38.909218,5848600
2017-07-12,39.368375,39.538266,39.138795,39.469391,6302600
2017-07-13,39.487761,39.735708,39.262773,39.377563,6005000
2017-07-14,39.579589,39.923959,39.519899,39.864269,4687000
2017-07-17,39.951505,39.965280,39.588769,39.754066,3431000
2017-07-18,39.616325,39.905598,39.446438,39.905598,7818200
2017-07-19,40.130578,40.300465,40.057110,40.300465,6027200
2017-07-20,40.419855,40.419855,39.988244,40.387714,5455800
2017-07-21,40.093853,40.162727,39.878047,40.162727,6271000
2017-07-24,40.093850,40.121399,39.919371,40.034161,5348200
2017-07-25,39.896413,40.020388,39.602551,39.923962,6417000
2017-07-26,40.240774,40.447394,40.116802,40.346382,4032200
2017-07-27,40.474952,40.566782,39.428067,39.836720,12734600
2017-07-28,39.643864,39.832121,39.492344,39.648457,7256800
2017-07-31,39.758654,39.910177,39.281130,39.414284,7057800
2017-08-01,39.547445,39.588772,39.340825,39.584179,4375200
2017-08-02,40.024977,40.024977,39.129616,39.368378,7962200
2017-08-03,39.368371,39.464794,39.074509,39.230625,5946000
2017-08-04,39.391332,39.588771,39.193893,39.345417,6791600
2017-08-07,39.469396,40.052531,39.469396,40.038754,6041800
2017-08-08,40.038752,40.346392,39.804583,39.919373,10179400
2017-08-09,39.501535,39.845905,39.460212,39.841312,7067000
2017-08-10,39.496938,39.611728,38.739327,38.748508,11112800
2017-08-11,38.675043,39.147978,38.606169,39.106651,6642400
2017-08-14,39.409702,39.923959,39.409702,39.878044,6643000
2017-08-15,39.928548,40.052523,39.749476,40.024971,8062600
2017-08-16,40.089257,40.204047,39.901003,40.107624,6273600
2017-08-17,39.882635,39.997425,39.147980,39.157162,11995600
2017-08-18,39.322456,39.542855,39.060735,39.244400,17463400
2017-08-21,39.327053,39.327053,38.789837,39.097473,6845000
2017-08-22,39.317867,39.721930,39.294911,39.620914,5273000
2017-08-23,39.377557,39.804576,39.285723,39.703560,4235200
2017-08-24,39.891817,39.905595,39.478576,39.698971,2259800
2017-08-25,39.914778,39.914778,39.492352,39.575001,4024400
2017-08-28,39.689789,39.717337,39.478576,39.689789,4206200
2017-08-29,39.290320,39.896411,39.281138,39.799988,5013200
2017-08-30,39.965286,40.424446,39.841311,40.355572,4659000
2017-08-31,40.447399,40.732080,40.383117,40.672390,4803800
2017-09-01,40.773408,41.035129,40.773408,40.865238,2998200
2017-09-05,40.672385,40.791764,40.024968,40.346382,8848000
2017-09-06,40.488728,40.654025,40.286696,40.488728,3225000
2017-09-07,40.649429,40.732078,40.424442,40.644836,2636200
2017-09-08,40.575966,40.667797,40.103029,40.204044,4944600
2017-09-11,40.580561,41.012173,40.465771,40.934116,5448800
2017-09-12,41.048899,41.195830,40.865234,41.090221,4886600
2017-09-13,41.002992,41.205020,40.842283,41.099415,5872800
2017-09-14,41.099412,41.480512,40.952481,41.278484,8595600
2017-09-15,41.498879,41.884576,41.324400,41.824883,9237600
2017-09-18,42.132517,42.573310,42.082009,42.408012,7475000
2017-09-19,42.531986,42.655961,42.265675,42.518211,4539200
2017-09-20,42.573315,42.628411,41.420822,41.953449,9208800
2017-09-21,41.898345,41.980994,41.503467,41.875385,19256800
2017-09-22,41.687132,42.095785,41.558568,42.045277,2660400
2017-09-25,42.045277,42.045277,41.090223,41.200424,7540800
2017-09-26,41.595297,41.622849,41.076447,41.250927,4284000
2017-09-27,41.737643,42.311593,41.613668,42.183029,7999200
2017-09-28,42.095782,42.467700,41.985585,42.453926,5945000
2017-09-29,42.564132,42.880953,42.421793,42.848812,7555200
2017-10-02,43.082976,43.303371,42.844211,43.133484,6376000
2017-10-03,43.257459,43.386023,43.101346,43.275826,4141200
2017-10-04,43.211547,43.358478,42.986559,43.340111,3352400
2017-10-05,43.519181,43.523774,43.161037,43.386024,3692200
2017-10-06,43.317155,43.574287,43.229917,43.560513,2669600
2017-10-09,43.702847,43.900286,43.666114,43.877327,2407000
2017-10-10,44.290572,44.295164,43.661521,44.102318,5315000
2017-10-11,44.033440,44.451273,44.010480,44.414543,3258400
2017-10-12,44.460458,44.602796,44.295160,44.322708,5800600
2017-10-13,44.593618,44.777279,44.437502,44.625759,3370400
2017-10-16,44.804831,44.864521,44.552292,44.864521,3274000
2017-10-17,44.841569,44.882891,44.616578,44.855343,5849000
2017-10-18,45.020634,45.084916,44.428317,45.020634,6093600
2017-10-19,44.667081,44.928802,44.267615,44.928802,4864400
2017-10-20,45.300725,45.323681,45.094101,45.172157,10134600
2017-10-23,45.387956,45.580803,45.190517,45.342041,5250400
2017-10-24,45.456837,45.658868,45.259398,45.617542,6298000
2017-10-25,45.282352,45.484380,44.625753,45.038994,8612800
2017-10-26,45.135425,45.406328,45.094099,45.282356,6899200
2017-10-27,45.649681,46.241998,45.433876,46.191490,6465800
2017-10-30,45.649686,46.434849,45.649686,46.209862,4894800
2017-10-31,46.393526,46.806770,46.297103,46.655247,5721400
2017-11-01,46.981244,47.036344,46.154754,46.531265,9836800
2017-11-02,46.517491,46.797578,46.241995,46.751663,7863600
2017-11-03,47.004209,47.265930,46.554231,47.265930,10232600
2017-11-06,47.771009,47.876614,47.339397,47.876614,7235400
2017-11-07,47.752637,47.913343,47.504690,47.780186,5460600
2017-11-08,47.761813,47.936296,47.546011,47.890381,4088200
2017-11-09,47.890388,47.913344,46.430259,46.958290,15495600
2017-11-10,47.073082,47.256747,46.935336,47.229198,5616200
2017-11-13,47.050125,47.458777,46.976657,47.426636,3448000
2017-11-14,47.321027,47.467958,47.045532,47.426636,3108400
2017-11-15,47.059304,47.201646,46.655244,46.985840,5601200
2017-11-16,47.187869,48.152107,47.187869,48.152107,7401400
2017-11-17,47.950081,47.982222,47.343990,47.408272,8951200
2017-11-20,47.633257,48.051094,47.568975,47.982220,3694400
2017-11-21,48.230168,48.519437,48.170478,48.473522,4289200
2017-11-22,48.588308,48.592900,48.097007,48.156696,3058200
2017-11-24,48.262302,48.592898,48.262302,48.565346,1206400
2017-11-27,48.060275,48.101601,47.757231,47.812328,5964600
2017-11-28,47.954668,47.973035,47.614888,47.771004,7976400
2017-11-29,47.725091,47.771006,45.369598,45.746109,34478800
2017-11-30,46.237405,46.471578,45.773656,46.030785,13382000
2017-12-01,45.686418,45.888449,44.589026,45.631317,19874600
2017-12-04,46.021600,46.072104,44.400762,44.662483,20150800
2017-12-05,44.483411,45.447650,44.129860,44.662483,13001600
2017-12-06,44.267614,44.846153,44.042623,44.763504,10486000
2017-12-07,45.144607,45.309904,44.896660,45.204296,10849800
2017-12-08,45.635905,45.750695,44.965532,44.997673,9719600
2017-12-11,45.107873,45.424694,44.988494,45.273170,6617200
2017-12-12,45.130837,45.158385,44.772692,44.827789,10415600
2017-12-13,45.052782,45.208895,44.827791,44.855343,7922400
2017-12-14,44.937987,45.117059,44.722181,44.836971,8270000
2017-12-15,44.965538,45.571629,44.791058,45.571629,43080400
2017-12-18,45.923703,46.394071,45.756047,46.375443,10766400
2017-12-19,46.305587,46.445302,46.077390,46.352158,6066000
2017-12-20,46.827187,46.929640,46.282303,46.654873,11095600
2017-12-21,46.654872,46.715414,46.109992,46.161221,6029200
2017-12-22,46.077391,46.198473,45.839878,46.179848,4900000
2017-12-26,45.644282,45.709481,45.327599,45.658253,4413600
2017-12-27,45.639622,45.993563,45.634964,45.807278,5500000
2017-12-28,46.063424,46.086707,45.886451,45.974937,5424200
2017-12-29,45.974934,46.077391,45.532507,45.551136,3376600
2018-01-02,45.872471,46.752664,45.770014,46.743351,8908600
2018-01-03,46.934295,47.441921,46.855125,47.404663,7617000
2018-01-04,47.679431,47.786546,47.255636,47.646832,6699600
2018-01-05,47.823802,48.145140,47.632859,47.954201,3584800
2018-01-08,47.954201,48.415253,47.819144,48.284855,2768400
2018-01-09,48.326767,48.368682,47.749287,47.833115,7800600
2018-01-10,47.413979,47.432608,46.841157,47.199753,7958600
2018-01-11,47.376720,47.451232,47.139207,47.423290,5162600
2018-01-12,47.413978,47.753949,47.311522,47.665462,3809200
2018-01-16,48.126510,48.424568,47.623546,47.884342,7623600
2018-01-17,48.433887,49.393249,48.345401,49.314079,12285600
2018-01-18,49.332709,49.905535,49.276823,49.677334,7106600
2018-01-19,49.966075,50.003333,49.435165,49.723904,6568400
2018-01-22,49.891557,50.212898,49.672676,50.212898,4790600
2018-01-23,50.357268,50.557523,50.222211,50.538895,7356400
2018-01-24,50.035933,50.240843,49.216281,49.514336,14236200
2018-01-25,50.101129,50.250156,48.703998,48.713310,13986800
2018-01-26,49.458441,50.278093,49.435158,50.264122,7895000
2018-01-29,50.147699,50.501640,49.598161,50.170986,8147400
2018-01-30,49.309418,49.728558,49.118478,49.188335,10836600
2018-01-31,49.747190,49.905534,49.342021,49.602821,7457800
2018-02-01,49.174366,50.026617,49.127796,49.300110,8369000
2018-02-02,48.853021,48.932191,47.926258,47.926258,26015400
2018-02-05,47.409327,48.340747,45.765366,45.765366,22948000
2018-02-06,45.364856,47.451237,45.197200,47.451237,26244800
2018-02-07,46.934294,47.353434,46.189158,46.198471,20566600
2018-02-08,46.426673,46.496526,44.340288,44.358917,29822200
2018-02-09,45.248422,45.839873,43.720889,45.518532,34208400
2018-02-12,45.779339,46.771301,45.779339,46.482559,19014000
2018-02-13,46.221760,46.454615,45.928363,46.389416,7415000
2018-02-14,46.049443,47.474519,45.946990,47.376720,10839800
2018-02-15,47.744631,47.972832,46.869097,47.972832,9639200
2018-02-16,47.786549,48.461827,47.739978,47.870377,12480400
2018-02-20,47.893661,49.220938,47.879690,48.820427,29405400
2018-02-21,49.011365,49.146422,48.270888,48.289516,8997800
2018-02-22,48.433881,48.596879,47.996112,48.126511,8959400
2018-02-23,48.648112,49.220937,48.550313,49.206966,6304800
2018-02-26,49.458447,50.198929,49.458447,50.198929,9254200
2018-02-27,50.119749,50.827627,50.012634,50.012634,7976600
2018-02-28,50.268782,50.431780,49.556246,49.616787,6339600
2018-03-01,49.635420,49.784447,48.275546,48.825081,10790000
2018-03-02,48.326773,49.663364,48.205691,49.588852,10659600
2018-03-05,49.383939,50.394530,49.244224,50.161674,9524800
2018-03-06,50.618070,51.074464,50.403843,50.897495,8957400
2018-03-07,50.427126,51.195549,50.389868,51.116379,7682000
2018-03-08,51.419085,51.474968,50.846260,51.139656,6518000
2018-03-09,51.498256,52.126965,51.400457,52.126965,8815200
2018-03-12,52.471594,52.923334,52.322567,52.657879,8825600
2018-03-13,52.932653,53.347135,51.707832,51.922058,18245800
2018-03-14,52.140940,52.196827,51.488945,51.950001,12020200
2018-03-15,52.085058,52.271343,51.679892,51.903431,3826200
2018-03-16,52.010540,52.196825,51.824255,51.884800,5937000
2018-03-19,51.498260,51.614688,50.347955,51.041862,14245400
2018-03-20,51.069810,51.530863,51.041865,51.386490,6683400
2018-03-21,51.321289,52.071083,51.223490,51.493603,6437200
2018-03-22,50.739144,51.200200,50.087152,50.105778,8698800
2018-03-23,50.040587,50.124415,48.475799,48.480457,16819400
2018-03-26,49.532959,50.413151,48.983420,50.408493,11172400
2018-03-27,50.799691,50.822974,48.322112,48.671394,17266200
2018-03-28,48.377994,48.773851,47.404661,47.590946,21806600
2018-03-29,48.005434,48.978767,47.632864,48.564285,13193200
2018-04-02,48.159119,48.522372,46.375447,46.785271,18445000
2018-04-03,47.404664,47.763259,46.906354,47.646832,10773200
2018-04-04,46.473243,48.340743,46.342845,48.228970,11654000
2018-04-05,48.545656,48.620171,47.404667,47.698063,12228000
2018-04-06,46.999494,47.604919,46.151901,46.319557,13935600
2018-04-09,46.794581,47.921600,46.608297,46.636238,13015400
2018-04-10,47.763259,48.322114,47.330148,48.061314,14981600
2018-04-11,47.809839,48.461831,47.693412,48.038036,8595600
2018-04-12,48.354715,48.960137,48.294171,48.834396,9236800
2018-04-13,49.225583,49.295441,48.228964,48.377991,9073800
2018-04-16,48.573598,48.722625,48.098571,48.475796,5267200
2018-04-17,48.783165,49.430503,48.727279,49.360645,8727600
2018-04-18,48.922878,49.062589,48.354711,48.801792,8458000
2018-04-19,47.688749,47.879689,46.459274,46.626930,32931400
2018-04-20,46.571043,46.906355,45.886448,46.091362,25979400
2018-04-23,46.240391,46.356818,45.397456,45.495255,17681000
2018-04-24,45.984247,46.403387,44.866541,45.262398,30902000
2018-04-25,45.402107,45.434706,44.461373,45.034195,18606400
2018-04-26,45.825906,46.077390,45.588393,45.979591,13144800
2018-04-27,46.617617,46.617617,45.471969,45.681538,11083200
2018-04-30,45.639620,45.937674,45.048169,45.248425,15927800
2018-05-01,45.136657,46.016850,45.090087,45.974937,13111200
2018-05-02,45.881789,46.058761,45.499907,45.644279,9036400
2018-05-03,45.127342,45.905077,44.736143,45.756050,19701800
2018-05-04,45.416082,46.943615,45.304312,46.943615,21447800
2018-05-07,47.083322,47.400005,47.013464,47.195091,13800200
2018-05-08,47.097297,47.525753,46.962240,47.525753,7606000
2018-05-09,47.637518,48.201027,47.535061,48.201027,8065400
2018-05-10,48.387315,49.002052,48.387315,49.002052,9350000
2018-05-11,48.755227,49.062594,48.541000,48.624828,8866000
2018-05-14,49.500365,50.003333,49.369967,49.472424,13298200
2018-05-15,49.262845,49.397902,48.615508,48.918221,9570600
2018-05-16,49.053286,49.649395,49.039315,49.612137,6935000
2018-05-17,49.425851,49.737880,48.927541,49.286140,7238600
2018-05-18,48.783166,48.997392,48.424571,48.690025,20494400
2018-05-21,49.402559,49.775125,48.913561,49.388588,7672400
2018-05-22,49.826355,50.054556,49.546929,49.742527,8696000
2018-05-23,49.234903,49.807725,49.081218,49.798412,8442600
2018-05-24,49.789105,50.077844,49.337366,49.942787,13344800
2018-05-25,49.956758,50.483013,49.900875,50.441097,8586600
2018-05-29,50.203587,50.524924,49.765818,50.035931,9106000
2018-05-30,50.417808,50.673947,50.049896,50.338634,10787800
2018-05-31,50.129067,50.399180,49.793755,49.919498,8662800
2018-06-01,50.315355,51.060491,50.231527,51.009262,9739400
2018-06-04,51.088434,51.400463,50.902153,51.358547,7767800
2018-06-05,51.516883,51.698510,51.232800,51.647282,7510000
2018-06-06,51.698518,51.977943,51.400463,51.977943,5478600
2018-06-07,52.071076,52.159562,51.246770,51.563454,18663600
2018-06-08,50.995292,51.358545,50.715866,51.214176,9494000
2018-06-11,51.102408,51.363205,50.944064,51.158291,6086200
2018-06-12,51.218833,51.325944,50.888175,51.311974,5087800
2018-06-13,51.242118,51.721800,51.111720,51.204861,14153400
2018-06-14,51.414429,51.614685,51.079117,51.284031,6599600
2018-06-15,51.204861,51.367863,50.902152,51.367863,12882600
2018-06-18,50.725176,50.804346,50.254811,50.748463,10521800
2018-06-19,49.858956,50.175639,49.430503,50.143040,22232000
2018-06-20,50.580810,50.646010,50.166328,50.455067,11111200
2018-06-21,50.925436,50.995293,49.817046,49.826359,14488200
2018-06-22,50.184952,50.222206,49.449129,49.640068,8465000
2018-06-25,48.946165,49.011364,47.483834,47.847088,23358000
2018-06-26,48.303487,48.461827,47.954204,48.289516,16500400
2018-06-27,48.517711,48.582911,47.106609,47.106609,16876000
2018-06-28,46.999489,47.674771,46.994834,47.581627,13538400
2018-06-29,47.991456,48.284852,47.735314,47.814484,10350000
2018-07-02,47.204406,48.010083,46.990180,47.833115,9164600
2018-07-03,48.070625,48.145137,46.994835,46.994835,8588800
2018-07-05,47.567666,48.280203,47.553695,48.261574,10402800
2018-07-06,48.159121,48.955486,48.038036,48.876312,14636600
2018-07-09,49.258195,49.290795,48.638803,49.244225,8465800
2018-07-10,49.309417,49.831014,49.258189,49.775127,12548800
2018-07-11,48.969450,49.137106,48.405941,48.405941,15929000
2018-07-12,48.419915,49.039311,48.336087,48.992737,11962800
2018-07-13,49.062592,49.113821,48.759880,48.890282,5693200
2018-07-16,48.899593,49.081220,48.708650,48.741253,5518000
2018-07-17,48.387314,49.388592,48.298828,49.383934,16616200
2018-07-18,49.737871,49.919498,49.505016,49.886898,9589600
2018-07-19,49.658704,49.933475,49.397908,49.723904,8347200
2018-07-20,49.663364,49.821707,49.258194,49.672680,7077800
2018-07-23,49.379271,49.709925,48.708647,49.640068,10663800
2018-07-24,50.110436,50.189606,48.978760,49.020676,20837400
2018-07-25,49.048625,49.323396,48.466487,49.267509,22294800
2018-07-26,49.458443,50.021956,49.453789,49.994011,32806000
2018-07-27,50.119758,50.455067,49.411876,49.747189,16984600
2018-07-30,49.896212,49.933470,49.099848,49.407215,18957000
2018-07-31,49.770477,50.236188,49.314079,49.314079,8763400
2018-08-01,49.584188,50.054556,49.365303,49.528301,7098200
2018-08-02,49.132452,50.101131,48.969454,50.026615,8160600
2018-08-03,50.077836,50.180293,49.821698,50.105778,6058200
2018-08-06,50.087155,50.371239,49.728556,50.371239,6070600
2018-08-07,50.515615,50.711212,50.329330,50.711212,6406000
2018-08-08,50.646006,50.930090,50.520266,50.869549,7377800
2018-08-09,50.576152,50.683267,50.324668,50.375896,7199200
2018-08-10,49.295446,49.588846,48.974108,49.192989,17227400
2018-08-13,49.225592,49.677331,49.188337,49.248878,7944200
2018-08-14,49.486387,49.616786,49.071905,49.132446,8239600
2018-08-15,48.648113,48.829740,47.842436,48.317459,18819200
2018-08-16,48.638796,48.671395,48.135828,48.242939,10082400
2018-08-17,47.721348,48.024060,47.213722,47.889004,20096000
2018-08-20,47.879697,48.154468,47.330159,47.823814,10569600
2018-08-21,48.061317,48.950826,48.014747,48.811111,9649400
2018-08-22,48.606200,49.039311,48.382657,48.992737,8272800
2018-08-23,48.997390,49.360643,48.918220,49.053276,7418000
2018-08-24,49.337363,49.803074,49.248877,49.803074,8278600
2018-08-27,50.119758,50.934751,50.063872,50.580811,12419000
2018-08-28,50.902149,50.999948,50.315353,50.771748,8673400
2018-08-29,50.832293,51.158288,50.650666,51.060490,6822800
2018-08-30,50.911463,51.097748,50.445752,50.515610,14144200
2018-08-31,50.431785,50.776409,50.422468,50.734497,4678800
2018-09-04,50.520268,51.102406,50.347953,51.102406,9693400
2018-09-05,51.079117,51.167603,50.394522,50.822975,10499000
2018-09-06,50.557519,50.604093,49.435159,49.505016,18097000
2018-09-07,49.318740,49.966077,49.146426,49.286140,14307000
2018-09-10,49.640076,49.784448,49.332709,49.765820,6366800
2018-09-11,49.365312,49.486398,48.904260,49.141769,10410000
2018-09-12,48.471143,48.592225,47.576980,48.578255,18508000
2018-09-13,49.216278,49.719246,48.927536,49.174362,13460200
2018-09-14,49.449133,49.872927,49.295447,49.681988,10378400
2018-09-17,49.346676,49.654047,48.960136,49.011364,10812200
2018-09-18,49.137108,49.691301,49.137108,49.383934,5753800
2018-09-19,49.388586,49.709923,49.239558,49.495697,6846000
2018-09-20,49.947443,50.324667,49.882244,50.133728,12428200
2018-09-21,50.068533,50.315359,49.812391,49.882248,9959000
2018-09-24,49.654045,50.245496,49.518989,50.236183,7849800
2018-09-25,49.863614,50.091811,49.342017,49.435162,8013000
2018-09-26,49.211621,49.602820,48.988082,48.997395,9635200
2018-09-27,49.192991,49.463104,49.043964,49.304764,4722600
2018-09-28,49.174360,49.751843,49.016020,49.574871,7933400
2018-10-01,49.719247,50.087159,49.593503,49.705276,7759800
2018-10-02,49.491039,50.375889,49.472413,49.668011,10232600
2018-10-03,49.998670,50.129068,49.397903,49.858955,9491600
2018-10-04,49.435161,49.453790,48.322113,48.736595,19323200
2018-10-05,48.550313,48.741256,47.181123,47.628204,19170800
2018-10-08,47.171812,47.609581,46.617615,47.069355,17802400
2018-10-09,46.938949,47.269603,46.682807,46.980862,16424200
2018-10-10,46.165873,46.254360,44.847916,44.847916,42715800
2018-10-11,44.852568,45.844534,44.088803,44.452057,41803400
2018-10-12,45.751393,46.007535,44.624374,45.332253,18408200
2018-10-15,45.127342,45.346226,44.722173,44.838600,12922800
2018-10-16,45.318280,46.403386,45.285680,46.356815,14243400
2018-10-17,46.803899,46.850469,45.839878,46.128620,10419000
2018-10-18,45.839878,45.886448,44.768742,44.927086,16548000
2018-10-19,45.173910,45.495251,44.093462,44.279747,18842000
2018-10-22,44.596431,44.852570,44.126063,44.517258,12339800
2018-10-23,43.348328,44.582461,42.980416,44.340290,26109600
2018-10-24,43.483387,43.571869,41.322491,41.364403,28576400
2018-10-25,41.741627,42.850020,41.690398,42.533337,18808400
2018-10-26,41.564656,42.514706,41.061688,41.764912,14122400
2018-10-29,42.379647,42.812758,40.493519,41.285229,22337200
2018-10-30,41.443571,43.054929,41.331802,43.040958,23647600
2018-10-31,43.837320,43.935119,43.255182,43.525295,16491400
2018-11-01,43.930470,45.700168,43.879242,45.625656,23242800
2018-11-02,45.532506,45.676879,44.372888,44.899143,19188800
2018-11-05,44.750108,44.750108,43.776775,44.484653,12826400
2018-11-06,44.498631,45.099395,44.391517,44.945713,7406400
2018-11-07,45.499908,45.597711,44.945715,45.499908,8895400
2018-11-08,45.006253,45.625649,44.945712,45.290337,7740600
2018-11-09,44.666285,44.810654,44.084147,44.470684,14250000
2018-11-12,43.692955,43.809383,42.393623,42.524021,20625000
2018-11-13,42.868641,44.000317,42.868641,43.073551,25109800
2018-11-14,43.767465,43.995662,42.873298,43.297096,16072600
2018-11-15,43.101499,44.819968,43.073554,44.666286,18331000
2018-11-16,42.896586,44.149348,42.896586,43.907177,23973800
2018-11-19,43.674324,43.804723,42.216652,42.258564,20829200
2018-11-20,41.071004,42.826731,40.982518,42.221310,17264200
2018-11-21,42.840700,43.106155,42.407589,42.407589,13247400
2018-11-23,42.039675,42.710299,42.016392,42.347046,3050200
2018-11-26,43.068905,43.217932,42.584566,43.189987,10932200
2018-11-27,42.812764,43.553242,42.682366,43.255188,14827400
2018-11-28,43.683642,44.410149,42.985076,44.400833,10969200
2018-11-29,44.135375,44.405488,43.897865,43.981693,9176600
2018-11-30,43.925807,45.057484,43.506667,45.057484,16499600
2018-12-03,46.040129,46.165869,45.369505,45.849186,14294600
2018-12-04,45.411425,45.546482,43.539267,43.595154,17418600
2018-12-06,42.323760,43.339008,42.142133,43.339008,16050000
2018-12-07,43.176016,43.269161,41.480831,41.695057,18385200
2018-12-10,41.625197,42.356362,41.401658,42.179394,15606000
2018-12-11,42.947816,43.408869,42.146794,42.388962,17575600
2018-12-12,43.059584,43.651039,42.747559,43.031643,13725800
2018-12-13,43.306404,43.502005,42.728924,42.887264,9888000
2018-12-14,42.211993,43.050274,42.211993,42.221310,13262200
2018-12-17,42.118851,42.859329,41.457540,41.820797,15526400
2018-12-18,42.151450,42.966444,42.095564,42.323761,17467800
2018-12-19,41.988457,42.514709,40.283955,40.488869,19940000
2018-12-20,40.682528,41.133450,39.666770,40.165157,28514600
2018-12-21,40.373991,40.900856,39.358233,39.472153,21624200
2018-12-24,39.135146,39.643024,38.389941,38.427914,9548600
2018-12-26,38.821883,40.635058,38.309256,40.587593,16473200
2018-12-27,39.913581,40.943581,39.538608,40.943581,17674000
2018-12-28,41.171413,41.959339,40.886622,41.223625,13458800
2018-12-31,41.617593,41.835933,41.052754,41.427731,10460000
2019-01-02,40.578095,42.030536,40.464180,41.731503,14288000
2019-01-03,40.635055,40.943580,39.182617,39.225334,18545600
2019-01-04,39.904090,41.209386,39.818652,41.052750,18148800
2019-01-07,41.256852,42.177680,41.029021,41.845425,11156800
2019-01-08,42.196672,42.239389,41.052756,41.603355,13272000
2019-01-09,42.059013,42.889656,42.059013,42.666569,17855800
2019-01-10,42.367540,43.145971,42.225143,43.107998,11440000
2019-01-11,42.837443,43.824723,42.742514,43.463985,13337400
2019-01-14,42.913394,43.017815,42.552656,42.718784,9963600
2019-01-15,43.008322,43.350073,42.633345,42.832699,11484400
2019-01-16,42.927637,43.174455,42.471970,42.495701,11013400
2019-01-17,42.201416,43.250399,41.959342,43.022564,15829800
2019-01-18,43.411782,44.294637,43.217176,44.085789,16661400
2019-01-22,43.677576,43.687071,42.500439,42.808964,14365400
2019-01-23,43.108001,43.278877,42.234641,42.638096,11732200
2019-01-24,43.729790,45.319881,43.729790,45.149006,25284000
2019-01-25,45.305638,46.160015,44.982874,45.989140,18173800
2019-01-28,44.218687,45.438545,44.218687,45.130020,16266400
2019-01-29,45.191727,45.319886,44.460761,44.531960,10930000
2019-01-30,45.267668,46.036603,44.826240,45.879971,12258800
2019-01-31,45.694859,46.183755,45.338870,45.846748,11274000
2019-02-01,45.965407,46.629922,45.884717,46.430569,11545800
2019-02-04,46.402096,46.663153,46.036611,46.658409,9251400
2019-02-05,46.644164,47.095087,46.520757,46.919464,14672400
2019-02-06,47.550754,48.400384,47.479555,48.082367,16603000
2019-02-07,47.413104,47.678909,46.644165,47.047623,18214600
2019-02-08,46.264444,47.009649,46.098316,46.919464,11795600
2019-02-11,47.052367,47.242229,46.743845,47.123566,6917000
2019-02-12,47.735870,48.300709,47.674167,48.172550,11511800
2019-02-13,48.343421,48.647198,48.144067,48.286465,7987200
2019-02-14,48.082365,48.751624,48.072870,48.428860,8805000
2019-02-15,48.775363,48.870292,48.343426,48.675686,9890600
2019-02-19,48.495314,48.927250,48.485823,48.618725,6991600
2019-02-20,48.856049,49.378167,48.856049,49.060150,8892400
2019-02-21,49.007936,49.164573,48.609229,48.756371,9303600
2019-02-22,49.178812,49.511067,49.083882,49.449364,9266000
2019-02-25,50.156593,50.441384,49.843324,49.900280,9845600
2019-02-26,49.715168,49.905030,49.425630,49.577518,6963200
2019-02-27,49.349692,49.349692,48.519049,49.069645,11668600
2019-02-28,48.799096,49.178820,48.680433,49.045918,8978000
2019-03-01,49.487339,49.743652,48.998446,49.496830,8854800
2019-03-04,49.829090,49.980979,48.884528,49.520565,9056400
2019-03-05,49.368673,49.572774,49.026922,49.287979,8297000
2019-03-06,49.221528,49.221528,48.428858,48.457336,9314400
2019-03-07,48.177295,48.272224,47.664669,47.930477,12776000
2019-03-08,47.194762,47.958954,47.009647,47.916233,10104800
2019-03-11,48.167805,49.169320,48.096606,48.936741,11949200
2019-03-12,49.088632,49.416144,48.742138,49.178818,8638600
2019-03-13,49.449369,49.748399,49.297480,49.378170,8911400
2019-03-14,49.316459,49.596503,49.083880,49.102863,8708400
2019-03-15,49.715168,50.844844,49.696181,50.417656,16864200
2019-03-18,50.460373,50.735673,49.980976,50.280006,9495400
2019-03-19,50.659735,51.020469,50.512590,50.859089,13650000
2019-03-20,50.916045,51.110655,50.128123,50.422409,11618600
2019-03-21,50.612260,52.496633,50.612260,52.159630,18619000
2019-03-22,51.860600,51.979264,50.626503,50.669220,18134800
2019-03-25,50.351207,50.764153,49.639227,50.028442,11660400
2019-03-26,50.583780,50.892306,50.142353,50.493595,9677400
2019-03-27,50.545815,50.692960,49.420889,49.757893,15877800
2019-03-28,49.838587,50.223055,49.359186,49.662964,14141800
2019-03-29,50.251528,50.574292,50.151851,50.469868,11183800
2019-04-01,51.234062,51.760927,51.015722,51.713459,11873800
2019-04-02,51.732446,51.879591,51.447655,51.756180,6885600
2019-04-03,52.591571,53.398480,52.477651,52.961800,18118800
2019-04-04,52.729218,53.346269,52.667515,53.018757,13235200
2019-04-05,53.327284,53.479173,53.018758,53.417469,9291600
2019-04-08,53.142170,53.588345,53.066227,53.526638,7829200
2019-04-09,53.232353,53.232353,52.724474,52.942814,10522200
2019-04-10,52.828898,53.526636,52.800417,53.370003,12485200
2019-04-11,53.374747,53.650047,53.161155,53.317791,8534400
2019-04-12,53.844661,54.067749,53.616826,54.067749,7784800
2019-04-15,54.053500,54.091474,53.360507,53.678524,9355800
2019-04-16,54.058248,54.998062,54.029770,54.988567,13848000
2019-04-17,56.075524,56.403036,55.482208,55.800224,17039000
2019-04-18,55.928385,56.018567,55.581887,55.880920,11583800
2019-04-22,55.567647,55.956863,55.439493,55.838200,10271000
2019-04-23,56.066036,56.431517,55.914147,56.289120,9897800
2019-04-24,56.236907,57.295382,56.232160,56.768517,13842400
2019-04-25,56.441000,56.583394,55.268607,55.648327,19979400
2019-04-26,54.442713,54.983817,53.868383,54.969578,22088200
2019-04-29,54.846166,54.964829,54.504415,54.680035,7429000
2019-04-30,54.755991,55.301843,54.684793,55.178432,10399400
2019-05-01,55.629349,55.952113,54.713268,54.755989,14377200
2019-05-02,54.760731,55.790727,54.661054,55.273354,13587200
2019-05-03,55.615109,55.804971,55.249628,55.766998,12327200
2019-05-06,53.939578,54.922110,53.725986,54.874645,13573000
2019-05-07,54.224379,54.352537,53.047241,53.621571,23139400
2019-05-08,53.270324,54.048755,53.161152,53.237099,17838000
2019-05-09,52.330512,52.738714,51.333741,52.487148,36849000
2019-05-10,52.116918,52.795672,51.253049,52.430187,26992200
2019-05-13,50.669225,51.034706,49.805356,49.999962,35276800
2019-05-14,50.730925,51.518851,50.484107,51.281525,21698600
2019-05-15,50.678715,52.093183,50.626507,51.756180,25708000
2019-05-16,51.010972,51.561568,50.707195,51.025211,23369400
2019-05-17,50.251531,51.286275,49.886046,50.042683,38983200
2019-05-20,48.462088,48.803839,47.740617,48.053886,37746400
2019-05-21,49.093374,50.645488,48.685172,49.150333,19799200
2019-05-22,48.381394,48.761118,48.172545,48.286465,21798600
2019-05-23,47.417848,47.636188,46.753332,47.484299,24398800
2019-05-24,47.873517,48.096605,47.194763,47.194763,19091800
2019-05-28,47.465319,47.617207,46.734352,46.777073,12133600
2019-05-29,46.387860,47.128318,46.330900,46.933708,26899800
2019-05-30,47.085596,47.712139,46.976428,47.294445,15246600
2019-05-31,46.796051,47.427341,46.482782,46.625179,27918400
2019-06-03,47.137802,47.498540,46.349880,46.572968,13463400
2019-06-04,47.313429,48.504809,47.019143,48.481075,13922400
2019-06-05,48.903514,49.022177,47.579231,48.110844,21119000
2019-06-06,48.191535,48.941488,48.015916,48.775360,10042200
2019-06-07,49.045913,49.534805,48.875037,49.406647,11348200
2019-06-10,50.023700,51.191347,49.933515,50.640751,17218400
2019-06-11,51.433415,51.642263,50.512586,50.825859,16207000
2019-06-12,50.341706,50.427144,49.677194,49.724659,8059200
2019-06-13,50.056923,50.175586,49.639229,49.971485,7157200
2019-06-14,48.694661,48.913004,48.405126,48.727890,11866800
2019-06-17,48.704159,48.856048,48.310196,48.428860,12354200
2019-06-18,48.856044,50.745165,48.856044,50.398666,27726800
2019-06-19,50.669227,50.901806,50.284759,50.517338,9436200
2019-06-20,51.628020,51.832121,50.835350,51.101158,11151200
2019-06-21,50.849594,51.267291,50.711944,50.859089,10478400
2019-06-24,50.982495,51.162862,50.764152,50.954014,12248800
2019-06-25,50.939779,51.110655,50.037938,50.071163,12314400
2019-06-26,51.167614,51.898577,51.162867,51.552082,14639600
2019-06-27,51.893829,52.501385,51.893829,52.245071,10445000
2019-06-28,52.923825,52.966542,52.264058,52.297283,11854800
2019-07-01,54.632582,55.040784,53.417470,53.773460,18217000
2019-07-02,53.626318,53.631062,52.904843,53.142170,8500600
2019-07-03,53.075714,53.127926,52.591570,52.947559,4022200
2019-07-05,52.330507,52.672258,52.021982,52.558342,7976800
2019-07-08,52.059958,52.321019,51.841618,52.216595,7715400
2019-07-09,51.865353,52.658027,51.779916,52.582081,8019800
2019-07-10,53.146919,53.811434,53.009269,53.104198,9222600
2019-07-11,53.403232,53.450696,52.976043,53.251343,7684400
2019-07-12,53.455443,54.257604,53.455443,54.229126,7099600
2019-07-15,54.542399,54.865159,54.352537,54.665806,5291600
2019-07-16,54.371520,54.404745,53.863641,54.100967,7413000
2019-07-17,54.480692,54.604103,54.134198,54.295578,5379000
2019-07-18,54.418980,55.406259,54.399994,55.273354,10446400
2019-07-19,55.477456,55.781234,55.244877,55.278103,8773200
2019-07-22,55.653082,56.469486,55.634096,56.384048,10074800
2019-07-23,56.768512,57.015333,56.403030,57.010586,8288600
2019-07-24,57.390315,58.648143,57.290635,58.529480,13770800
2019-07-25,58.178237,58.239940,57.366580,57.471004,11179200
2019-07-26,57.907680,57.955145,57.323855,57.352337,7876400
2019-07-29,57.257413,57.637137,56.768520,57.546951,8749600
2019-07-30,56.929900,57.456766,56.801742,57.290634,5625800
2019-07-31,57.034322,57.062800,54.955339,55.577133,10838800
2019-08-01,55.425244,56.915658,54.006032,54.456955,26134200
2019-08-02,54.015533,54.328802,53.260833,53.716499,16233800
2019-08-05,52.259313,52.340004,50.982499,51.400192,17974600
2019-08-06,52.368484,52.790925,51.656504,52.216595,18445200
2019-08-07,51.571065,52.615300,51.452402,52.501385,14577800
2019-08-08,52.947564,53.892122,52.710237,53.844658,10679800
2019-08-09,53.351013,53.483916,52.539357,52.914333,16228600
2019-08-12,52.420695,52.881109,52.002997,52.287792,7652400
2019-08-13,52.145394,54.200643,51.874841,53.787693,19539800
2019-08-14,52.449177,52.890605,51.746689,52.055214,16064800
2019-08-15,52.377977,52.449176,51.547334,51.998257,9550200
2019-08-16,52.567836,53.407971,52.216594,53.270325,11025600
2019-08-19,54.423737,54.665808,53.896872,54.148438,9343600
2019-08-20,54.062996,54.214885,53.621569,53.839909,11217400
2019-08-21,54.385763,54.651567,54.138941,54.390507,5137200
2019-08-22,54.466447,54.627827,53.763959,54.319305,7954000
2019-08-23,53.588343,54.134195,51.879592,52.069450,25397800
2019-08-26,52.862125,52.961802,52.415950,52.605812,7238400
2019-08-27,53.018760,53.199130,52.173878,52.482403,8074600
2019-08-28,52.245075,52.904842,51.865351,52.819405,7751000
2019-08-29,53.721244,54.319308,53.683271,53.963318,11236000
2019-08-30,54.509168,54.765481,54.067744,54.309814,7725800
2019-09-03,53.782947,53.906358,53.156405,53.450691,8735400
2019-09-04,54.333549,55.040782,54.324054,55.026543,10075600
2019-09-05,56.222662,57.328605,56.156211,56.697315,14293000
2019-09-06,56.787499,56.953626,56.431509,56.744781,5642800
2019-09-09,56.977362,57.395056,56.730541,56.963123,6717800
2019-09-10,56.654601,57.081789,56.289116,57.077042,7901000
2019-09-11,57.304877,57.836486,57.010591,57.803261,6789000
2019-09-12,58.225704,58.444044,57.513724,57.893448,8984400
2019-09-13,57.812751,58.135516,57.594408,57.864964,7082400
2019-09-16,57.380825,57.694097,56.982118,57.475754,4699400
2019-09-17,57.243163,57.755789,57.091274,57.708324,6576600
2019-09-18,57.694092,57.798513,56.996351,57.770035,4461600
2019-09-19,57.931416,58.078557,57.475745,57.537453,5574200
2019-09-20,57.670355,57.679846,56.265382,56.459988,10108000
2019-09-23,56.398286,57.243168,56.398286,56.944138,5841800
2019-09-24,57.366585,57.475754,55.842949,56.099262,11076200
2019-09-25,55.823958,57.205197,55.377783,57.058056,10392800
2019-09-26,57.100779,57.423543,56.649856,57.257412,9736600
2019-09-27,56.811235,57.062801,55.467966,55.899899,13748000
2019-09-30,56.289120,56.607140,55.985342,56.545433,5178000
2019-10-01,56.939392,57.584921,55.942621,56.160961,9516800
2019-10-02,55.638844,55.790733,54.926864,55.244881,9928200
2019-10-03,55.240132,56.160960,54.623085,56.094509,11036000
2019-10-04,56.445754,57.110269,56.255892,57.081791,7152400
2019-10-07,57.005842,57.333354,56.778011,56.796997,9452600
2019-10-08,56.194186,56.365062,55.211654,55.306583,12161800
2019-10-09,56.094507,56.649850,55.961604,56.279621,6429000
2019-10-10,56.431515,57.352343,56.374555,56.815983,9358800
2019-10-11,57.955149,58.800032,57.817500,58.111786,17065400
2019-10-14,58.111786,58.320634,57.931419,58.197224,4406200
2019-10-15,58.463027,59.512010,58.463027,59.355377,7605200
2019-10-16,58.975653,59.293670,58.382337,58.491508,6919400
2019-10-17,59.141783,59.383857,58.173490,58.529480,6686200
2019-10-18,58.434555,58.614922,57.437784,57.955154,7198400
2019-10-21,58.382343,59.065845,58.306397,59.042110,8208200
2019-10-22,59.246208,59.326898,58.581693,58.595932,6848800
2019-10-23,57.565937,58.007364,57.252668,57.575432,11567400
2019-10-24,58.434553,59.122798,58.334876,59.099068,9543200
2019-10-25,59.360122,60.347401,59.360122,60.295189,9143200
2019-10-28,60.803071,61.287212,60.670165,61.211273,9707200
2019-10-29,61.315689,61.780855,60.727124,60.793575,7143000
2019-10-30,61.116337,61.116337,60.380627,60.860027,6770600
2019-10-31,60.689158,60.755609,59.868006,60.513535,7842400
2019-11-01,60.992935,61.771366,60.864777,61.761871,8745400
2019-11-04,62.768138,63.166845,62.568785,63.076660,7755000
2019-11-05,63.209555,63.613014,62.939007,63.109882,5403600
2019-11-06,62.905785,62.972236,62.165327,62.725414,8512000
2019-11-07,63.532337,63.736434,62.810862,63.095650,7853600
2019-11-08,62.806105,63.228546,62.383657,63.228546,6742000
2019-11-11,62.692185,63.090892,62.464354,62.972229,5145000
2019-11-12,63.247538,63.584545,62.867814,63.105141,4700200
2019-11-13,62.739656,63.375697,62.559293,63.214310,5713800
2019-11-14,63.067158,63.157344,62.644717,63.100388,5224800
2019-11-15,63.959513,64.201583,63.470620,63.741169,8184400
2019-11-18,63.712693,64.173107,63.418410,63.779144,3931600
2019-11-19,64.106651,64.196836,63.285503,63.560802,6635400
2019-11-20,63.242788,63.598778,62.445367,62.939011,9882000
2019-11-21,62.654213,62.801355,61.989702,62.250755,8167600
2019-11-22,62.497584,62.739654,62.018187,62.141594,6401600
2019-11-25,62.682693,63.584538,62.682693,63.575043,6601400
2019-11-26,63.432656,63.532336,63.062427,63.370949,7094200
2019-11-27,63.627255,63.798130,63.489601,63.798130,4592000
2019-11-29,63.446881,63.480110,63.048174,63.086147,3278400
2019-12-02,63.219049,63.290244,62.155824,62.264992,9095200
2019-12-03,61.064120,61.434349,60.717626,61.391632,13605000
2019-12-04,62.179561,62.521311,62.117853,62.293480,6475400
2019-12-05,62.587771,62.839336,62.402656,62.668461,4876200
2019-12-06,63.285501,63.736420,63.285501,63.598774,6751600
2019-12-09,63.631995,63.793376,63.162093,63.171581,3950800
2019-12-10,63.408918,63.817120,63.242793,63.423157,5077200
2019-12-11,63.883576,64.809148,63.636761,64.780670,9540200
2019-12-12,64.870850,66.674533,64.804399,66.641304,12050000
2019-12-13,66.636552,67.367515,66.171394,66.384987,10016800
2019-12-16,67.201409,67.448231,66.892880,66.926109,7099800
2019-12-17,67.400746,67.443463,66.916598,67.305817,5578400
2019-12-18,67.495676,67.495676,66.968810,67.073235,4842600
2019-12-19,67.367519,67.514668,66.997290,67.462456,4704200
2019-12-20,67.827937,68.335820,67.600106,68.112732,6537200
2019-12-23,68.956803,69.096515,68.229315,68.450935,5452200
2019-12-24,68.619558,68.619558,68.137780,68.590652,2355200
2019-12-26,68.662913,68.884527,68.446115,68.773720,3149800
2019-12-27,69.024243,69.086869,68.393116,68.537643,3688400
2019-12-30,68.653279,68.653279,67.569280,68.041420,5910000
2019-12-31,67.810168,68.258218,67.646366,68.128143,5706200
2020-01-02,69.274771,69.828819,69.043520,69.703552,5200400
2020-01-03,68.677382,69.101341,68.354592,68.561752,9963600
2020-01-06,67.694540,67.993247,67.338030,67.829437,6514000
2020-01-07,68.528020,69.207320,68.123321,68.961617,6526000
2020-01-08,68.956796,69.428935,68.662911,69.077240,6112800
2020-01-09,69.958898,69.958898,68.817080,69.472298,6403600
2020-01-10,69.867357,69.867357,68.768906,68.894165,4503800
2020-01-13,69.472311,69.886640,69.221785,69.857735,7211800
2020-01-14,69.944440,70.469583,69.578292,70.002258,6001800
2020-01-15,69.718025,69.819194,68.768923,68.966446,7379800
2020-01-16,69.607199,70.079346,69.525297,70.079346,6238400
2020-01-17,70.382853,70.387676,69.867355,70.368401,5896400
2020-01-21,70.088973,70.739376,70.026347,70.426216,6054400
2020-01-22,70.936915,71.596948,70.802018,71.004364,7073600
2020-01-23,71.206697,71.447586,70.614113,71.447586,8740000
2020-01-24,72.415960,72.623128,70.604479,71.134430,9998400
2020-01-27,68.826716,69.135054,68.051054,68.267853,13582200
2020-01-28,69.014625,70.137167,68.609934,69.978180,7419400
2020-01-29,69.693914,69.925165,68.802623,68.913429,5874400
2020-01-30,68.214867,68.865270,67.434390,68.754463,10334200
2020-01-31,68.142598,68.205232,65.984237,66.278122,12204800
2020-02-03,66.567186,67.275400,66.480470,67.183861,7682000
2020-02-04,68.990520,69.409672,68.638825,69.347038,10815600
2020-02-05,70.580380,70.874264,69.790265,70.724915,10793000
2020-02-06,70.821275,70.840543,69.949259,70.773094,5421800
2020-02-07,70.074524,70.132342,69.115792,69.154327,10472400
2020-02-10,68.691817,70.257594,68.653274,70.243141,8198400
2020-02-11,70.879095,72.025728,70.879095,71.727028,10834200
2020-02-12,72.261792,72.825470,72.261792,72.738747,7438400
2020-02-13,72.242523,73.389156,72.141354,72.912193,7965600
2020-02-14,73.230172,73.528872,72.165441,72.599045,7469800
2020-02-18,71.144068,71.621030,70.874273,71.510216,11817200
2020-02-19,72.623128,73.480691,72.507498,73.350609,8134000
2020-02-20,73.037462,73.133816,71.081439,72.194351,7756000
2020-02-21,71.717402,71.760761,69.838473,70.074539,14164000
2020-02-24,66.856254,67.800534,66.263663,66.899612,19728200
2020-02-25,67.689720,67.901703,64.659344,64.972496,25658000
2020-02-26,65.531365,66.605726,64.842419,65.362740,19085800
2020-02-27,63.594614,64.582259,62.197462,62.351627,25962400
2020-02-28,60.029469,63.922228,59.889753,63.580170,19297800
2020-03-02,64.404000,65.791521,62.635877,65.781883,14083000
2020-03-03,66.027596,66.923702,63.165837,63.623524,14801000
2020-03-04,64.885774,66.885155,64.196836,66.885155,10802800
2020-03-05,65.044771,66.379297,64.216113,64.784615,11346000
2020-03-06,62.876768,63.946314,61.980662,63.536808,14819200
2020-03-09,58.131265,61.185732,58.044545,58.251709,14174400
2020-03-10,60.477515,61.840946,58.405875,61.840946,12554000
2020-03-11,59.803033,61.185736,57.904832,58.502235,14558200
2020-03-12,54.411949,56.671483,52.316214,52.325851,13776000
2020-03-13,55.558567,57.890371,52.561911,57.398956,11600000
2020-03-16,50.682985,54.171057,48.794419,49.126846,13095800
2020-03-17,49.994042,53.679640,48.418631,53.106327,19195800
2020-03-18,49.141294,51.246663,46.250630,48.693241,14520400
2020-03-19,48.317458,51.140674,46.751681,49.555626,10292200
2020-03-20,51.622445,52.619724,48.563160,48.688419,13733000
2020-03-23,49.358099,51.212945,48.139203,50.495094,13153600
2020-03-24,53.718181,55.924722,53.670004,55.707920,15628600
2020-03-25,56.242694,58.001182,54.301131,55.288776,9801600
2020-03-26,56.271605,58.776846,55.982535,58.641949,9212800
2020-03-27,56.623297,57.365235,55.380310,55.399582,12571400
2020-03-30,56.425774,57.769933,55.809096,57.572403,9145600
2020-03-31,57.688022,58.458865,56.059616,56.435402,10223600
2020-04-01,54.652835,55.977723,53.082239,53.636284,12936000
2020-04-02,53.159317,55.259867,53.111140,55.081612,9846200
2020-04-03,54.922627,55.626022,53.385756,53.978344,7177600
2020-04-06,56.478767,59.648859,56.473948,59.345341,17371000
2020-04-07,61.522972,61.609692,59.162266,59.162266,11802800
2020-04-08,60.217360,61.421804,59.441698,61.123104,9511600
2020-04-09,61.759047,62.457623,59.205625,59.677769,20814000
2020-04-13,59.417611,60.554606,59.138179,60.458248,10961600
2020-04-14,61.966204,63.161017,61.754221,63.103199,15345800
2020-04-15,61.691600,61.730143,60.699136,61.402531,12026800
2020-04-16,62.462440,63.320003,61.860218,63.030941,9310000
2020-04-17,64.249835,64.534082,63.045392,63.647614,10195200
2020-04-20,62.635880,63.652431,62.279370,62.298637,6241200
2020-04-21,61.238727,61.580788,59.152630,59.509144,12767200
2020-04-22,61.257998,63.228470,61.209821,62.871952,12027600
2020-04-23,62.852683,63.556074,62.149285,62.293819,8544400
2020-04-24,62.288993,63.705419,61.821675,63.551254,7987400
2020-04-27,64.182391,64.880966,63.840325,64.336555,8903600
2020-04-28,65.420545,65.743342,63.835501,63.907764,9113600
2020-04-29,65.059225,67.140507,64.813521,66.909256,9771000
2020-04-30,66.533465,66.533465,64.317286,64.428093,13736400
2020-05-01,63.045395,63.161025,61.152010,61.392899,12030800
2020-05-04,61.137559,62.149291,60.756954,62.072205,7615800
2020-05-05,62.953848,63.994489,62.525066,62.881584,9668800
2020-05-06,63.647615,64.577442,63.469360,63.618710,6652600
2020-05-07,64.799060,65.001406,63.936682,64.196838,6246200
2020-05-08,64.905058,65.911971,64.644894,65.834885,6032800
2020-05-11,65.198936,66.340746,65.155578,65.868607,5441000
2020-05-12,66.292584,66.441934,64.037861,64.057137,7153200
2020-05-13,64.524444,64.746065,62.038478,62.920132,13727600
2020-05-14,62.443164,64.746059,61.383255,64.683426,11389600
2020-05-15,62.510618,63.522354,62.081837,63.209194,14959000
2020-05-18,64.827969,66.278124,64.765336,65.931244,8478200
2020-05-19,65.902330,67.097143,65.584362,65.685532,7990000
2020-05-20,67.140502,68.417209,67.121234,68.065514,9048200
2020-05-21,67.901713,68.070331,66.244398,66.340752,8865600
2020-05-22,66.374470,66.557540,65.565080,66.480461,4969000
2020-05-26,68.060700,68.479844,66.952610,67.053780,9327200
2020-05-27,67.077868,68.075151,65.353104,68.065514,13018200
2020-05-28,67.689719,68.417200,66.268477,66.610535,10383400
2020-05-29,66.856254,68.359397,66.620180,67.945068,12020000
2020-06-01,67.882431,68.200406,67.342842,67.843895,6332800
2020-06-02,68.166693,69.241054,67.771632,69.178421,7555800
2020-06-03,70.228695,71.370505,70.223872,71.086258,8987600
2020-06-04,70.768284,72.353329,70.676746,71.871552,6281600
2020-06-05,73.389150,74.564688,73.302427,73.567406,9793600
2020-06-08,73.899828,73.923918,72.006447,73.345787,5562200
2020-06-09,72.541226,73.755299,72.300337,73.480690,5726000
2020-06-10,73.928739,74.545414,73.548139,73.856476,7012600
2020-06-11,72.011279,72.314801,69.274779,69.322960,9342800
2020-06-12,71.303047,71.664380,68.821896,70.300949,9391800
2020-06-15,68.759279,71.312701,68.571387,71.211525,8518200
2020-06-16,73.138622,73.528861,71.197060,72.324417,7783600
2020-06-17,73.003738,73.716767,72.613499,73.090462,9421200
2020-06-18,72.950730,73.398787,72.618302,72.989273,5770000
2020-06-19,73.760121,74.169627,72.464139,72.647209,6698200
2020-06-22,72.661670,73.374699,72.035358,73.312065,5636000
2020-06-23,73.808297,74.241901,73.398791,73.552956,4749200
2020-06-24,73.157893,73.567400,71.462035,72.011261,8941800
2020-06-25,72.112432,72.642390,70.869453,72.502678,4635400
2020-06-26,72.502689,72.661677,70.989909,71.144073,7897800
2020-06-29,71.370507,71.866737,70.267240,71.866737,6789800
2020-06-30,72.309965,73.885379,72.203974,73.615585,8866200
2020-07-01,73.663752,73.692665,72.767646,72.772469,6057600
2020-07-02,73.774577,74.439425,73.528866,73.885384,6947400
2020-07-06,75.239171,76.169005,75.085006,75.923294,6925800
2020-07-07,75.711323,76.154565,74.829677,74.979027,5952000
2020-07-08,75.658322,76.125647,75.036832,76.053383,5181600
2020-07-09,76.361723,77.681796,75.586061,77.373459,11834000
2020-07-10,77.359008,77.580622,76.308729,77.069939,4751800
2020-07-13,78.240651,79.035588,75.812496,75.961845,9496400
2020-07-14,75.460796,77.421626,74.583958,77.238556,7806200
2020-07-15,77.715506,77.744412,75.778759,76.886848,6357000
2020-07-16,76.164185,77.060292,75.687230,76.829041,6811200
2020-07-17,77.334912,77.460171,76.804954,77.185562,4978200
2020-07-20,77.301192,78.934418,76.756789,78.727257,4485600
2020-07-21,79.531820,79.575178,78.115393,78.332191,6091000
2020-07-22,78.587535,79.464374,78.279198,78.905510,4728600
2020-07-23,78.924779,79.517363,76.925398,77.604706,7436000
2020-07-24,76.385815,77.990135,75.749865,76.824234,6040800
2020-07-27,78.568265,79.979869,78.452635,79.922058,5584800
2020-07-28,78.823596,78.924773,77.725144,77.845589,5692600
2020-07-29,78.539357,80.105134,78.399638,79.806427,6411200
2020-07-30,79.112674,80.649538,78.944049,80.558006,6549600
2020-07-31,80.716966,80.716966,78.929577,80.081024,10354800
2020-08-03,80.615812,81.637177,80.529088,81.507095,4024800
2020-08-04,81.545643,82.769362,81.478195,82.692276,5997000
2020-08-05,82.692270,83.390846,82.306847,82.764534,4373800
2020-08-06,82.730817,82.745270,81.776900,82.620010,4438600
2020-08-07,82.494741,82.880165,80.813343,81.670906,5515200
2020-08-10,81.935882,82.114137,80.524271,81.728714,4574800
2020-08-11,81.743164,82.147855,80.331560,80.572449,6514400
2020-08-12,81.285480,83.347487,80.953052,83.106598,5739600
2020-08-13,83.063239,83.154778,81.940697,82.316483,4549600
2020-08-14,82.552557,83.280038,82.037051,82.229759,3263000
2020-08-17,83.183686,83.882262,82.981341,83.429390,2801800
2020-08-18,83.776273,83.988256,82.692274,82.913895,3021800
2020-08-19,83.072868,83.149954,82.210490,82.408020,4716600
2020-08-20,81.507097,82.008150,81.049410,81.747986,5814800
2020-08-21,81.719087,82.359852,81.430025,82.340584,4163000
2020-08-24,83.260776,83.535386,82.485114,83.072876,2595400
2020-08-25,83.265588,84.050887,83.251135,84.012344,2598800
2020-08-26,84.224334,84.759100,83.997898,84.479675,2835800
2020-08-27,84.768732,84.980716,82.788627,83.294495,6242800
2020-08-28,83.540193,84.696463,83.275222,84.619377,2711600
2020-08-31,84.359221,85.101155,83.781083,84.489296,3468600
2020-09-01,85.130071,86.189980,84.735017,86.146622,3668000
2020-09-02,87.587142,88.940935,86.421241,88.430252,7925000
2020-09-03,87.114997,87.114997,83.043972,83.732918,13800400
2020-09-04,83.053606,84.176149,79.734160,82.581467,9850800
2020-09-08,79.396915,81.237300,78.804331,78.919952,7993400
2020-09-09,80.856692,81.791341,79.970223,81.179482,4672200
2020-09-10,82.133410,82.533286,79.685980,80.158127,5837600
2020-09-11,80.842255,81.598642,79.237935,80.003960,4779200
2020-09-14,81.878073,82.388756,81.193950,81.805809,4549000
2020-09-15,82.952440,84.060530,82.754917,83.525757,7696200
2020-09-16,84.060527,84.185794,82.369491,82.499573,3870000
2020-09-17,80.225579,82.441751,80.076229,82.311676,4373600
2020-09-18,82.788629,82.952432,80.090680,81.068687,5509200
2020-09-21,79.700435,81.112046,79.025949,81.107231,8011400
2020-09-22,81.589001,81.916607,80.148484,81.772072,3214200
2020-09-23,81.853971,82.215304,79.613709,79.902779,4852200
2020-09-24,79.156024,81.714261,79.059670,80.601357,6385600
2020-09-25,80.389378,81.786530,79.454729,81.536011,5076400
2020-09-28,82.798261,83.675092,82.123775,83.607643,3918000
2020-09-29,83.410123,84.585661,83.410123,84.050888,6431400
2020-09-30,83.891908,84.884368,83.564296,83.925629,5782200
2020-10-01,85.529944,86.276700,85.105978,85.997269,4724800
2020-10-02,84.084609,85.250510,83.386033,83.419754,6278600
2020-10-05,84.209876,86.262253,84.142428,86.262253,3832200
2020-10-06,86.055078,87.495595,85.168609,85.505852,10500200
2020-10-07,86.797013,87.572675,86.777738,87.336601,3467600
2020-10-08,88.280891,88.521780,87.856925,88.406151,3773200
2020-10-09,89.740681,90.140558,89.321530,89.923752,5310200
2020-10-12,91.171562,91.884590,90.627151,91.508804,4606200
2020-10-13,91.571442,91.995401,90.853591,91.234192,3182800
2020-10-14,91.624419,91.797859,90.188725,90.752403,4294000
2020-10-15,89.085468,90.525978,88.839757,90.400719,2655800
2020-10-16,91.065570,91.065570,89.764772,89.837036,3466600
2020-10-19,90.501881,91.099280,89.042096,89.393791,4638200
2020-10-20,90.020113,90.174278,89.172180,89.466064,4994400
2020-10-21,89.610597,89.952662,88.801214,88.892746,4890600
2020-10-22,88.931280,89.268523,87.842466,88.859016,3146400
2020-10-23,88.757856,88.757856,87.803938,88.647049,3331600
2020-10-26,87.958106,88.285711,85.693747,86.748840,6464600
2020-10-27,87.452232,87.654578,86.093616,86.450134,3751600
2020-10-28,84.966265,85.077071,83.477574,83.660645,9155800
2020-10-29,83.766633,86.483857,83.520929,85.727470,4593600
2020-10-30,84.691648,85.274602,83.376398,84.286957,4847200
2020-11-02,85.038523,85.688926,84.123149,84.942169,3878200
2020-11-03,85.674478,87.331794,85.616667,86.710297,5890000
2020-11-04,88.598855,90.207997,87.500403,89.890022,7822600
2020-11-05,92.212198,93.594904,92.024305,93.460007,6044600
2020-11-06,93.315474,95.194403,92.790338,94.910156,6303200
2020-11-09,97.232326,97.747824,93.777975,93.874336,10780400
2020-11-10,93.320284,93.344375,90.752410,90.969215,6903000
2020-11-11,92.501260,94.404279,92.419359,94.168213,5375400
2020-11-12,94.279022,94.755977,92.727698,93.151665,6405000
2020-11-13,94.351287,95.261846,93.888785,94.524727,4874800
2020-11-16,95.266671,97.468390,95.112499,97.184143,4773400
2020-11-17,96.957697,96.957697,95.627994,96.066406,3430200
2020-11-18,96.577100,97.010696,95.546096,95.589455,7664600
2020-11-19,95.088411,96.928804,94.751168,96.837265,4394800
2020-11-20,97.034794,97.622563,96.239856,96.345848,3579200
2020-11-23,97.082963,98.258501,96.736083,97.829720,5038600
2020-11-24,98.470489,98.513847,96.726457,98.138062,3909800
2020-11-25,98.234417,98.764375,97.728556,98.133247,3595600
2020-11-27,98.812559,100.002550,98.812559,99.448502,3684600
2020-11-30,99.612295,101.438235,98.272954,100.503586,8532400
2020-12-01,101.476780,103.100368,101.052814,102.329521,6737000
2020-12-02,102.290987,103.076279,101.847745,102.739037,5309000
2020-12-03,103.399061,103.900114,102.580041,102.700485,4605000
2020-12-04,103.321992,105.697151,103.134099,105.697151,5367000
2020-12-07,106.386094,106.424629,105.359905,106.299370,4150600
2020-12-08,106.246386,106.853423,105.571901,106.439095,3725600
2020-12-09,105.889852,106.294551,102.459600,103.143723,7174800
2020-12-10,102.218720,103.914578,101.828481,103.220818,4239400
2020-12-11,102.531872,103.191905,101.370787,102.382515,4151400
2020-12-14,103.293074,104.035015,102.878745,103.427971,4346000
2020-12-15,104.733592,105.326176,104.256630,105.051567,5027600
2020-12-16,105.489994,105.489994,104.189189,105.008217,2536200
2020-12-17,105.668239,105.701959,104.584239,104.984116,2250800
2020-12-18,105.119010,105.292450,103.957925,104.622780,6820800
2020-12-21,103.022824,104.153184,102.266018,104.094971,4260200
2020-12-22,104.259903,104.264751,103.017964,103.910606,3693600
2020-12-23,104.061005,104.415150,103.076186,103.134399,2659600
2020-12-24,103.430315,104.259896,103.430315,104.240486,1142800
2020-12-28,105.409674,105.511555,103.934873,104.031898,2445600
2020-12-29,104.633456,104.686821,102.809359,103.769920,4497600
2020-12-30,104.376338,105.807486,104.376338,105.686203,2108800
2020-12-31,105.739573,106.020944,104.919698,105.962730,2863000
2021-01-04,106.996061,109.154901,105.060378,106.176186,9300600
2021-01-05,105.977275,108.136114,105.977275,108.034241,4639000
2021-01-06,107.131892,109.741910,106.700125,107.704346,7689000
2021-01-07,109.543002,112.385881,109.543002,112.148163,5244600
2021-01-08,114.064441,114.457397,110.542379,111.745506,6728000
2021-01-11,111.308889,114.176026,111.085724,113.419212,6264400
2021-01-12,114.404039,114.855209,112.812797,113.948013,6375200
2021-01-13,114.733920,114.796990,112.793389,113.331886,4427800
2021-01-14,115.005599,117.824220,114.869762,116.150513,6605600
2021-01-15,115.849734,116.038936,112.895277,113.889793,7656400
2021-01-19,116.068037,117.887285,115.447068,117.799965,6144400
2021-01-20,119.381502,119.725942,117.057711,117.309982,6309800
2021-01-21,118.823595,119.410609,117.343945,119.124382,7217600
2021-01-22,117.887285,118.508255,116.815138,116.883057,5508800
2021-01-25,117.969751,118.222022,114.961929,117.343933,7048400
2021-01-26,117.140190,117.208109,115.286979,115.316086,5393000
2021-01-27,112.977742,112.977742,109.120929,109.683685,11583600
2021-01-28,112.143314,113.700586,110.988695,111.978371,7953000
2021-01-29,112.065684,112.463497,109.431416,109.935951,8083000
2021-02-01,111.648471,114.413727,111.333138,114.243935,5437800
2021-02-02,116.029225,116.029225,114.394330,115.806068,8677000
2021-02-03,116.344578,116.344578,113.525949,113.627831,6479800
2021-02-04,113.370702,114.942528,112.715770,114.942528,5895800
2021-02-05,115.675086,115.699344,113.948014,114.108109,4920400
2021-02-08,115.228761,117.935803,115.068666,117.921249,8969200
2021-02-09,117.426411,118.483998,117.028599,117.571953,3215600
2021-02-10,118.614979,119.289313,116.427033,117.872726,7481200
2021-02-11,119.192296,122.253483,119.124378,122.238930,10340000
2021-02-12,121.802313,123.728284,121.064909,123.495422,6800800
2021-02-16,125.154590,125.450514,123.543946,124.252235,6947800
2021-02-17,122.966641,123.456623,120.322668,121.845985,7337600
2021-02-18,120.429384,121.089165,119.003092,120.550667,6060000
2021-02-19,122.399024,124.101838,121.865375,123.155830,8658800
2021-02-22,121.540340,122.185568,118.212328,118.653801,6753000
2021-02-23,116.407638,118.314214,112.977752,117.513741,9492400
2021-02-24,116.417329,121.307469,115.675076,121.292915,9291000
2021-02-25,119.847235,120.453651,114.117816,114.530182,12311800
2021-02-26,116.494956,117.833920,113.967411,116.892761,10312600
2021-03-01,118.707167,120.434239,117.576806,120.409981,7118400
2021-03-02,120.642832,120.642832,116.606531,116.708412,7697200
2021-03-03,116.849106,117.183849,112.914678,113.031113,9035000
2021-03-04,112.439255,113.225168,105.933621,107.544258,18054800
2021-03-05,110.314362,111.216710,105.230172,110.993546,14766600
2021-03-08,110.387132,110.881969,104.856620,104.895432,15614600
2021-03-09,108.771641,111.832828,108.330169,111.109978,14207200
2021-03-10,112.812805,112.812805,108.771654,108.854126,12627400
2021-03-11,112.191827,113.972263,111.614525,113.428917,8957400
2021-03-12,111.337995,112.259744,110.489012,112.012329,7449200
2021-03-15,112.657552,114.428284,111.740651,114.428284,6869200
2021-03-16,115.573202,117.314834,114.835805,115.679932,9247200
2021-03-17,113.865540,117.683533,113.050513,116.766632,10292400
2021-03-18,115.073507,115.248155,111.983213,112.089943,8934200
2021-03-19,112.254901,114.355528,110.998409,113.365852,14151200
2021-03-22,114.894018,117.314834,114.564124,116.068039,9827400
2021-03-23,116.203879,116.203879,112.657559,113.162094,9038600
2021-03-24,114.898873,115.131743,111.163352,111.221565,8925000
2021-03-25,109.746764,111.978378,108.868674,111.629082,13527800
2021-03-26,111.954117,117.256615,111.653329,117.227509,15262400
2021-03-29,116.126252,116.383372,113.962564,115.350044,12544200
2021-03-30,114.811549,115.320940,113.778214,114.855209,6675800
2021-03-31,115.835179,118.799341,115.835179,118.154114,10132200
2021-04-01,120.332363,122.714367,120.327514,122.709518,11310200
2021-04-05,124.703406,124.941132,122.922977,124.751923,9784600
2021-04-06,123.927181,124.431716,121.845964,123.044243,11805000
2021-04-07,123.068507,123.519685,122.010921,122.762878,7926000
2021-04-08,124.397778,124.523903,123.427505,124.523903,6799000
2021-04-09,123.704033,124.232819,123.092761,124.232819,5391200
2021-04-12,123.631255,123.631255,121.714981,122.791977,6823000
2021-04-13,123.776801,123.990261,121.642219,122.549416,7383600
2021-04-14,122.617336,123.369293,120.807792,121.375397,7224200
2021-04-15,122.709514,123.160684,121.389952,122.932671,8138800
2021-04-16,123.005444,123.184941,122.112801,122.452393,7215000
2021-04-19,121.530635,121.976956,118.270541,119.420311,10237600
2021-04-20,119.003097,119.444570,117.135333,117.746605,9636600
2021-04-21,118.003728,120.933927,117.450677,120.851456,9880200
2021-04-22,120.798090,120.967889,117.436123,118.178375,8253200
2021-04-23,118.745976,121.108571,118.639246,120.895111,6414600
2021-04-26,121.026109,122.995747,120.899977,122.961792,5541600
2021-04-27,123.272269,123.422659,121.710140,122.243782,6919000
2021-04-28,121.860529,121.860529,120.138306,120.288696,6782400
2021-04-29,121.865374,121.942997,119.430005,121.399651,7921000
2021-04-30,119.371789,120.050979,117.591352,117.887283,9111600
2021-05-03,118.653792,118.760522,116.150505,116.519203,9078000
2021-05-04,115.223907,115.422813,112.938935,115.073517,14625400
2021-05-05,116.325161,117.057709,114.952234,115.582909,9871600
2021-05-06,115.340338,116.737523,114.258493,116.533768,12851200
2021-05-07,118.163822,119.100125,117.096524,118.178375,10771600
2021-05-10,116.965539,116.965539,112.735179,112.938934,10634000
2021-05-11,109.625475,113.419210,109.285884,113.157242,13493000
2021-05-12,110.668507,111.143942,108.097308,108.490265,15262800
2021-05-13,110.309502,111.580548,108.674600,109.722488,17890600
2021-05-14,111.415619,113.957711,110.319214,113.200905,8363600
2021-05-17,111.536891,111.978364,110.047530,111.939552,10105000
2021-05-18,112.997140,113.375543,111.182740,111.323433,7617600
2021-05-19,108.805600,113.433772,108.640656,113.317337,16200000
2021-05-20,114.248786,116.611380,114.069289,116.131104,11437600
2021-05-21,116.815144,116.902471,115.219060,115.544098,10891000
2021-05-24,116.577430,118.872106,116.373675,118.081337,7522000
2021-05-25,119.109830,119.575554,118.042539,118.857559,8098200
2021-05-26,118.857553,119.536736,118.047382,118.978836,6491400
2021-05-27,118.750834,120.026736,118.469456,119.551300,5487800
2021-05-28,119.910288,121.317178,119.696829,120.890259,6943200
2021-06-01,121.753795,122.801683,119.983063,120.710762,7920000
2021-06-02,120.555524,121.802319,120.152863,121.419060,6451400
2021-06-03,120.162565,120.584629,118.760532,119.342690,7641000
2021-06-04,120.487601,122.432981,120.473047,122.001213,7182200
2021-06-07,121.705280,121.724689,120.574919,121.380241,5799200
2021-06-08,122.214669,122.219517,119.473671,120.380867,6159400
2021-06-09,120.866004,121.084312,119.929701,120.007317,5712200
2021-06-10,120.041289,121.821725,119.997628,121.574310,6570000
2021-06-11,122.006069,122.006069,121.084312,122.001213,4843200
2021-06-14,122.253480,123.650665,121.690724,123.650665,6280000
2021-06-15,123.272254,124.140638,122.263177,122.583359,6987000
2021-06-16,122.966628,123.378994,120.526411,121.550041,9597600
2021-06-17,121.098877,123.898096,121.098877,122.922981,7849400
2021-06-18,121.870229,122.190411,119.405753,119.793854,10137600
2021-06-21,119.789002,120.303242,118.838146,120.109192,7902000
2021-06-22,120.206223,120.943627,119.473675,120.895111,6094800
2021-06-23,121.249243,122.161295,121.147370,121.506371,4195800
2021-06-24,122.704642,123.762236,122.573662,123.490562,4043200
2021-06-25,123.742844,124.063026,122.694955,123.005440,5170600
2021-06-28,123.965996,126.396516,123.965996,125.989006,6955400
2021-06-29,125.988998,127.085388,125.348619,127.085388,5117600
2021-06-30,126.905919,127.342536,126.187917,127.221252,5429600
2021-07-01,126.896204,126.925311,124.912012,125.343773,4886200
2021-07-02,126.352877,126.352877,125.266169,126.037529,3515400
2021-07-06,126.600263,127.153322,124.422021,125.998703,5563200
2021-07-07,126.731272,126.935020,123.762254,124.252235,5018800
2021-07-08,121.768351,123.194642,120.744720,122.588226,6860000
2021-07-09,123.252854,124.902303,122.301998,124.679146,5521800
2021-07-12,125.266152,126.415915,124.819838,126.314041,4457600
2021-07-13,125.950197,126.736110,125.271014,126.042374,4907200
2021-07-14,127.420151,128.007158,125.358336,125.765846,6704200
2021-07-15,124.926568,124.926568,121.457864,122.316551,12503200
2021-07-16,123.058812,123.403252,119.449422,119.755058,8994200
2021-07-19,117.979467,119.847224,117.445818,119.730797,12380400
2021-07-20,120.172262,121.913887,118.571322,121.195892,7590200
2021-07-21,121.768349,124.713109,121.593701,124.679146,6349200
2021-07-22,123.907783,124.654892,123.083059,123.927185,6214400
2021-07-23,124.494801,124.858651,123.267416,124.829544,4456400
2021-07-26,124.242529,124.921712,123.805905,124.688843,2543800
2021-07-27,123.859278,124.130951,120.036428,122.486351,6706600
2021-07-28,122.884159,124.975074,122.258334,124.674294,6731600
2021-07-29,124.795581,127.177585,124.756777,127.012642,6820600
2021-07-30,125.712495,128.055680,125.707639,127.657883,6459600
2021-08-02,128.749420,129.986503,128.210915,128.560211,8518600
2021-08-03,128.817322,129.734230,127.517169,129.724518,6436600
2021-08-04,130.112619,131.626231,129.904001,131.141098,7092600
2021-08-05,131.558331,131.854270,130.272732,130.995575,5626600
2021-08-06,130.020456,130.995563,129.971940,130.292130,4119400
2021-08-09,130.539565,130.888861,129.399514,129.899200,3998000
2021-08-10,130.311537,130.360053,127.449256,128.235168,6655400
2021-08-11,128.763984,128.841592,126.435337,127.895592,4258200
2021-08-12,127.235787,127.245499,125.494162,126.498390,9066200
2021-08-13,126.585724,127.371637,126.086038,127.323135,5656400
2021-08-16,126.804032,127.337681,125.814357,126.774925,4517600
2021-08-17,125.596057,125.625163,123.315926,124.373512,10177000
2021-08-18,124.266782,125.154583,122.670698,122.767723,5631800
2021-08-19,121.787753,124.543311,120.967885,123.844719,8966600
2021-08-20,124.135798,124.800428,123.083061,124.378365,6447400
2021-08-23,125.809495,128.094481,125.794942,127.953789,9150200
2021-08-24,128.259423,128.763965,127.754881,128.041107,4813000
2021-08-25,128.482585,130.432814,128.482585,129.433441,10724000
2021-08-26,129.350969,130.141738,128.574753,129.632339,5221600
2021-08-27,129.777904,132.227819,129.685728,131.975555,6363400
2021-08-30,132.780861,133.508560,131.951273,132.392746,4993600
2021-08-31,132.727506,132.727506,130.369767,131.388535,5864400
2021-09-01,132.019228,132.193869,131.019856,131.184799,5119600
2021-09-02,131.412783,132.776005,130.995561,131.504959,3220000
2021-09-03,131.378835,133.042838,131.136269,132.581970,3617600
2021-09-07,132.776011,132.829368,131.524360,132.310287,3926400
2021-09-08,131.621398,131.820305,129.545030,130.563812,4984800
2021-09-09,130.641428,131.805743,130.486182,131.102295,4631400
2021-09-10,132.203566,133.916084,131.994947,132.091980,7345200
2021-09-13,133.168970,133.406681,131.388526,133.081650,5600800
2021-09-14,133.532825,134.119832,132.499490,133.168976,5451600
2021-09-15,133.071949,133.644417,132.014362,133.634705,4266600
2021-09-16,132.572243,134.231404,132.019199,133.828735,5166200
2021-09-17,133.411540,133.411540,130.966466,131.471008,7483600
2021-09-20,128.662076,129.142367,126.343141,128.269119,7809200
2021-09-21,129.093861,129.438301,127.522020,128.540802,4624400
2021-09-22,129.224846,131.189643,128.788229,130.859741,4947600
2021-09-23,131.703882,132.882752,131.019843,132.504349,4483800
2021-09-24,131.466157,132.363656,131.184787,132.145355,2781600
2021-09-27,130.850027,132.140482,129.874905,131.674759,4060000
2021-09-28,128.875549,129.797298,126.212174,126.372261,11220600
2021-09-29,126.454738,126.959281,124.082439,124.465691,9581800
2021-09-30,125.261315,126.396524,124.300746,124.324997,6558200
2021-10-01,124.912008,125.004185,122.423275,124.431717,7362200
2021-10-04,123.495421,123.689479,120.691354,121.191040,9562000
2021-10-05,122.161305,123.767093,121.583995,122.893860,6784600
2021-10-06,121.472413,123.408095,121.123116,123.267403,7441800
2021-10-07,125.009034,126.260685,124.684003,124.800430,4943400
2021-10-08,125.358325,125.406841,123.388687,123.587593,4999600
2021-10-11,122.956911,124.819827,122.816226,122.850182,4422000
2021-10-12,123.573043,123.844716,121.094014,121.608253,8049400
2021-10-13,122.694962,123.243158,122.083690,122.646446,5694400
2021-10-14,125.411712,126.406229,124.693710,126.328606,7073000
2021-10-15,127.347381,127.502627,126.609984,127.386185,5309600
2021-10-18,126.411076,128.448625,125.955050,128.390411,4042800
2021-10-19,128.565070,129.860367,128.094491,129.860367,4631800
2021-10-20,129.520772,129.971942,128.827021,129.287903,4457000
2021-10-21,128.419526,130.825795,128.303098,130.762726,3889000
2021-10-22,130.597768,131.747531,129.384936,129.608093,5939000
2021-10-25,130.195121,131.029550,129.709988,130.263046,3738600
2021-10-26,131.732979,132.310288,130.529844,131.005280,4962400
2021-10-27,130.248497,131.451617,129.676029,129.899200,7880800
2021-10-28,131.534066,132.412156,131.000417,132.373337,5989400
2021-10-29,131.344858,132.795415,131.184770,132.751755,4406200
2021-11-01,132.873044,134.347837,132.363646,134.275070,4430400
2021-11-02,134.260512,135.837194,134.187745,135.754715,4611200
2021-11-03,135.914846,137.181036,135.386053,137.098572,6096800
2021-11-04,138.403560,143.647845,137.932981,142.774597,15122000
2021-11-05,143.929200,145.413705,142.614494,143.890396,9548600
2021-11-08,144.826713,147.412465,144.166940,146.481018,8630000
2021-11-09,147.970391,148.426417,145.195430,146.675079,11542800
2021-11-10,143.783690,145.695114,141.440489,142.046906,10611000
2021-11-11,144.327017,145.006200,143.327644,144.603546,5640200
2021-11-12,145.074129,146.660508,144.196040,146.073502,5272200
2021-11-15,147.048613,147.048613,144.409504,145.879456,5636800
2021-11-16,145.486498,147.994626,144.947992,147.771469,4880400
2021-11-17,147.819992,148.188683,146.340328,146.893387,5819200
2021-11-18,150.303851,151.186797,148.998843,150.507599,7602600
2021-11-19,150.211701,152.365692,149.847851,151.458496,6666000
2021-11-22,152.132806,154.670056,149.071619,149.173492,10939800
2021-11-23,148.387583,149.731411,145.525303,148.091660,10521800
2021-11-24,146.675064,149.663484,145.282735,149.585861,7165000
2021-11-26,146.815779,148.174145,144.516254,145.248795,6732600
2021-11-29,147.727823,151.235325,147.029231,151.080093,9032800
2021-11-30,150.454273,151.735016,146.806064,147.917023,13931400
2021-12-01,150.706517,153.093377,147.266927,147.393066,14229200
2021-12-02,145.782432,149.018275,145.122659,147.776321,12560000
2021-12-03,148.814510,150.119519,144.346440,146.097763,13547400
2021-12-06,145.331252,146.214198,140.935950,145.539856,10212000
2021-12-07,148.935794,153.020619,148.935794,152.598541,11289000
2021-12-08,151.764126,152.249259,150.391207,151.938782,7148400
2021-12-09,150.924834,152.433590,148.125607,148.261444,6494400
2021-12-10,150.934534,151.240170,147.669599,149.202606,7072600
2021-12-13,149.726556,149.876946,145.098384,145.331253,7499600
2021-12-14,143.468335,145.287584,142.449554,144.491959,8491800
2021-12-15,144.647217,150.575541,143.405278,150.468811,10836800
2021-12-16,151.206223,151.531269,143.172424,143.929230,14412400
2021-12-17,142.658179,145.564121,142.299186,143.254898,11277600
2021-12-20,141.393212,143.144165,140.534816,142.178467,11102000
2021-12-21,145.202387,147.450834,143.212451,147.314270,9071000
2021-12-22,146.343669,149.070098,146.041278,149.065216,5102800
2021-12-23,149.474934,151.381964,149.309107,150.347977,4795600
2021-12-27,150.860069,154.454644,150.747885,154.396118,6437400
2021-12-28,155.015552,155.059461,152.118443,152.874420,5076200
2021-12-29,152.703708,153.903523,151.918469,152.850037,6252200
2021-12-30,152.689070,153.152420,150.840565,151.113693,5910600
2021-12-31,151.206360,152.191586,150.567434,150.606461,2929800
2022-01-03,151.830665,153.976694,151.411224,153.927917,7155200
2022-01-04,154.610728,155.434994,149.821206,153.128021,11485600
2022-01-05,151.933093,153.089014,147.787380,147.875168,16288400
2022-01-06,147.753239,149.987040,146.207125,149.343246,13102400
2022-01-07,149.060357,149.543206,144.461057,144.802475,13858800
2022-01-10,142.905187,145.221909,140.334850,144.987793,14787800
2022-01-11,144.597620,148.065380,143.475844,147.914185,9939800
2022-01-12,149.162767,150.411372,147.606919,149.177399,11784600
2022-01-13,152.172081,153.547486,146.168113,146.582687,16958600
2022-01-14,145.577960,149.923646,145.285319,149.689529,11727200
2022-01-18,147.153326,147.197220,142.710104,142.992981,12497400
2022-01-19,144.319596,145.192639,138.949688,139.042343,17539000
2022-01-20,140.188539,141.232290,134.774721,134.784485,16708800
2022-01-21,134.126035,137.540152,132.423858,132.540909,26521800
2022-01-24,129.833995,134.316244,125.463914,134.238205,25135200
2022-01-25,130.438787,132.048294,128.204971,128.921936,16935400
2022-01-26,132.882317,136.023305,128.712208,130.780197,20527400
2022-01-27,132.092180,132.365323,124.829873,125.195671,22088600
2022-01-28,125.059097,127.819656,121.620592,127.634315,21911400
2022-01-31,128.497597,134.321106,127.756251,134.321106,14468800
2022-02-01,135.242937,135.345356,131.789793,134.896637,11685400
2022-02-02,137.862045,138.535116,135.589217,138.340027,11819400
2022-02-03,134.925924,136.832939,131.687383,132.204376,16690600
2022-02-04,131.658104,134.057732,129.970559,132.921326,9879200
2022-02-07,133.526119,135.067351,132.501895,133.131058,10319400
2022-02-08,132.262892,136.267175,131.950752,135.857468,10124800
2022-02-09,137.925463,140.617733,136.179378,140.588470,20297200
2022-02-10,137.471846,141.612692,135.735525,136.379333,16619600
2022-02-11,136.564700,137.549911,128.556149,129.370667,23369800
2022-02-14,129.804728,132.009267,127.668464,129.282852,15577600
2022-02-15,132.179984,136.472011,131.770292,136.315933,12811800
2022-02-16,134.599122,136.652465,133.262744,136.286667,10021000
2022-02-17,134.594248,134.764957,130.711913,130.824097,15833000
2022-02-18,131.263065,131.497167,127.639227,129.370667,17236400
2022-02-22,127.926981,131.536188,126.585720,128.482986,17874800
2022-02-23,130.589982,131.580075,125.444426,125.790710,15235800
2022-02-24,120.923134,130.126615,120.352490,130.107117,21510200
2022-02-25,129.994935,131.965372,128.185457,131.921478,17731000
2022-02-28,129.960783,132.106796,128.263489,130.785049,17839800
2022-03-01,130.336355,131.228896,125.405387,126.658859,16571000
2022-03-02,127.605066,131.502032,127.288044,130.804581,16573600
2022-03-03,131.214266,131.263042,127.195367,127.985489,16515200
2022-03-04,126.590576,127.570920,123.054533,124.542114,16157600
2022-03-07,124.717704,125.615120,118.279648,118.343056,17728600
2022-03-08,118.528394,124.459197,116.884735,120.128151,25880800
2022-03-09,124.312883,126.176019,122.737507,125.346870,13344800
2022-03-10,123.020390,123.200856,120.323238,122.635086,14997800
2022-03-11,124.464078,124.703062,119.767226,119.879402,14765200
2022-03-14,119.762354,120.391524,115.748330,116.416519,23371400
2022-03-15,117.504151,121.620602,116.631116,121.293823,20833800
2022-03-16,123.483730,127.717232,122.352198,127.717232,23147400
2022-03-17,126.454028,128.517136,125.405409,128.517136,13429200
2022-03-18,127.429476,131.702005,126.946628,131.292313,16140400
2022-03-21,130.916757,131.965375,128.678058,130.985031,13897200
2022-03-22,130.999670,133.340788,130.677766,131.887344,11647200
2022-03-23,130.614367,132.253151,128.512248,128.590286,15411000
2022-03-24,130.131519,134.867384,129.346280,134.847885,16911600
2022-03-25,134.662534,134.857624,132.121460,134.286972,11023600
2022-03-28,133.306645,135.325843,131.721519,135.262436,13225200
2022-03-29,137.749844,138.720439,135.745277,138.320496,14346000
2022-03-30,137.520618,137.862036,133.545614,134.306473,14507800
2022-03-31,134.004103,134.979565,131.267939,131.584961,15526600
2022-04-01,132.072696,132.550663,127.585564,129.453583,15470000
2022-04-04,129.775468,131.770301,129.360909,131.589828,11604400
2022-04-05,130.677762,130.755801,125.551720,125.912636,22220400
2022-04-06,123.278896,125.298103,121.908373,123.308167,22542800
2022-04-07,122.766780,124.483587,121.010945,123.327667,15147000
2022-04-08,122.635084,122.635084,120.186672,120.396400,13651000
2022-04-11,118.645440,119.342899,117.513908,117.689491,15627800
2022-04-12,120.045236,121.010942,116.670139,117.055443,21096800
2022-04-13,118.177228,120.815854,117.435875,119.835510,16482800
2022-04-14,120.454925,120.576858,116.153134,116.187279,15282000
2022-04-18,115.699549,119.172191,115.636141,118.177223,14243000
2022-04-19,117.509033,120.845119,117.016428,120.693924,13227800
2022-04-20,122.698494,123.527635,120.059867,120.474434,13034600
2022-04-21,121.952266,123.274021,116.655507,117.172508,18009000
2022-04-22,117.035938,117.752896,114.392430,114.485100,14251000
2022-04-25,113.719358,116.470161,113.348678,116.465279,19083200
2022-04-26,115.260592,115.392274,111.500183,111.500183,18289000
2022-04-27,110.207699,113.626691,110.129661,110.963676,14756400
2022-04-28,113.353559,118.357676,112.017174,117.299301,19097000
2022-04-29,115.070371,117.635841,111.900119,112.104973,14487800
2022-05-02,112.124481,115.450810,111.070980,115.367889,16399200
2022-05-03,114.967960,117.060322,114.182712,116.314095,10625400
2022-05-04,117.050569,120.562231,113.373073,120.303734,20898400
2022-05-05,118.294277,118.416209,113.036537,114.655807,15564200
2022-05-06,113.685223,115.997071,111.407520,113.480377,19808400
2022-05-09,111.022211,112.265919,107.252045,107.734901,18250600
2022-05-10,111.017324,112.304934,108.017782,110.519844,19597800
2022-05-11,109.446842,112.031818,106.944787,107.130119,18200400
2022-05-12,105.964431,108.705484,104.974338,107.637352,15976800
2022-05-13,109.841898,113.982729,109.144439,113.280396,13531000
2022-05-16,112.197636,113.168224,110.968559,111.451408,10146200
2022-05-17,114.494851,117.035933,113.958344,116.782310,10557000
2022-05-18,114.860658,116.255569,110.690556,111.202675,10887600
2022-05-19,110.456443,113.894948,110.163801,111.231934,13706600
2022-05-20,113.173100,113.407216,106.696033,111.285583,18009800
2022-05-23,110.861266,112.465898,110.051631,112.178139,8603800
2022-05-24,110.334506,110.714936,108.193367,109.217598,12751200
2022-05-25,108.749387,112.290311,108.593309,111.490433,10999400
2022-05-26,110.412544,115.655652,109.968707,115.216690,8707200
2022-05-27,117.104223,119.981833,117.026184,119.786743,9288400
2022-05-31,119.552625,120.269590,117.411486,119.289253,10122000
2022-06-01,119.840379,120.450043,115.889755,117.328560,9778800
2022-06-02,117.206642,121.503552,116.777437,121.474289,8733200
2022-06-03,118.825916,119.381929,117.240790,117.894348,7802200
2022-06-06,119.845269,120.689042,117.313944,117.991890,8430400
2022-06-07,116.509189,119.186827,115.670291,118.933212,5774400
2022-06-08,118.386939,118.860038,115.719050,116.455528,8183400
2022-06-09,115.670292,117.406613,113.285288,113.358444,9876800
2022-06-10,111.246562,112.202518,108.968859,109.163956,11145400
2022-06-13,105.223096,106.408279,102.745421,103.096588,13311000
2022-06-14,104.281760,104.730472,102.579584,103.852554,9095400
2022-06-15,105.115789,107.515424,103.330691,105.754715,11026600
2022-06-16,102.501555,102.711276,98.511911,99.487373,16871600
2022-06-17,99.984865,101.057872,98.063204,100.301888,14289000
2022-06-21,102.306457,104.525635,102.291826,103.145355,10006200
2022-06-22,101.155410,103.398976,100.994466,101.691917,7195600
2022-06-23,102.199148,102.311332,99.701968,101.165161,8493200
2022-06-24,102.842957,105.476701,102.447896,105.427933,12663200
2022-06-27,106.413145,106.569223,104.340288,105.076767,5422600
2022-06-28,105.535234,106.720417,102.413752,102.428383,8943000
2022-06-29,101.511461,101.765076,99.516635,100.623787,7706800
2022-06-30,99.048411,101.057860,97.653500,99.365433,9802200
2022-07-01,97.643744,97.951017,94.434473,95.590401,12926400
2022-07-05,93.156616,96.107390,92.639622,96.092758,14545000
2022-07-06,96.068384,97.785200,95.146573,96.746330,6654800
2022-07-07,99.043542,101.643142,99.019154,101.213943,9013400
2022-07-08,99.711732,102.374739,99.497129,101.760201,5470000
2022-07-11,100.199458,100.667676,98.755771,99.321541,5457800
2022-07-12,100.306762,100.892038,98.721636,99.282524,5470400
2022-07-13,97.395001,100.838380,97.248680,100.067764,7035600
2022-07-14,99.770257,102.599098,98.302189,102.179649,6802600
2022-07-15,103.647709,104.793880,102.267429,104.759735,7738200
2022-07-18,106.281462,106.808212,103.457495,103.984245,8425000
2022-07-19,105.744963,109.115186,105.535242,108.734756,9005200
2022-07-20,108.378705,111.680638,107.739771,111.295334,10183400
2022-07-21,111.768442,113.221878,110.363774,113.163353,8359600
2022-07-22,112.782918,112.958502,109.788250,110.602760,11209000
2022-07-25,109.905306,110.178434,108.407975,109.919937,6005200
2022-07-26,109.598036,109.954077,107.934871,108.261650,4261200
2022-07-27,109.983335,114.065641,109.944316,113.329170,10119600
2022-07-28,113.563287,114.894798,111.207545,114.714333,6426400
2022-07-29,113.514518,116.006824,112.924360,115.670288,6415800
2022-08-01,114.616779,116.967646,113.958339,115.904388,6570200
2022-08-02,114.587531,117.401742,114.119306,115.665413,6815600
2022-08-03,115.548355,118.791763,115.309364,118.430847,7424400
2022-08-04,118.313782,119.855013,117.952858,119.635529,5658800
2022-08-05,117.738259,119.757465,117.109089,118.821022,5279800
2022-08-08,117.323698,118.347929,115.133783,116.767685,8425800
2022-08-09,114.255855,114.329019,110.583241,111.880608,13726000
2022-08-10,114.841142,116.475036,113.397455,116.411629,8434600
2022-08-11,117.226151,119.489222,116.138505,116.387253,8788800
2022-08-12,117.050573,119.845269,116.665261,119.674561,5825000
2022-08-15,118.952713,120.498820,118.416206,120.215935,4506200
2022-08-16,119.591643,119.937935,117.572437,118.860046,4302200
2022-08-17,117.196878,117.313936,114.811874,116.309212,6676000
2022-08-18,116.192154,118.713722,115.787336,117.933357,5241400
2022-08-19,116.431142,116.845717,114.226596,114.611908,6864400
2022-08-22,112.373221,112.787795,110.207701,110.617393,6987400
2022-08-23,110.617393,112.704881,110.583248,111.334358,4517200
2022-08-24,111.114887,111.705037,110.085774,111.261200,4493400
2022-08-25,111.466033,115.006964,111.441652,114.997208,5456800
2022-08-26,114.748479,114.904549,108.583560,108.603065,9142600
2022-08-29,107.739783,108.725002,106.481444,106.588737,9062400
2022-08-30,107.671499,107.808063,104.252507,105.369408,8745000
2022-08-31,106.013209,106.208299,103.759894,104.652443,7843200
2022-09-01,101.955283,102.516178,99.575161,102.364983,13796400
2022-09-02,103.662343,104.652444,100.926172,101.360260,6884400
2022-09-06,101.370003,101.950404,99.584906,100.228714,7472000
2022-09-07,100.453078,102.599092,99.736113,101.828476,7927200
2022-09-08,100.853021,103.608699,100.131182,103.208763,7830200
2022-09-09,104.701216,106.071739,104.511001,105.769348,8128200
2022-09-12,106.203424,106.730174,105.018241,106.032715,7184800
2022-09-13,102.335728,103.169743,99.443479,99.721489,9622000
2022-09-14,100.599399,101.452928,99.482498,100.804245,10439200
2022-09-15,100.223852,101.116401,98.311948,99.009399,9906200
2022-09-16,98.033940,99.560541,97.258450,99.453239,8690000
2022-09-19,98.180253,100.384799,98.092457,100.106789,6698000
2022-09-20,99.106938,99.619057,98.111970,98.721634,5462400
2022-09-21,98.975243,102.116232,97.872974,97.897362,11149400
2022-09-22,97.395006,97.594977,94.858806,95.185585,11633400
2022-09-23,94.117448,94.463733,92.410389,93.824806,8752000
2022-09-26,93.839444,95.053897,92.571348,92.732300,5982800
2022-09-27,94.180851,94.966099,92.127501,93.434624,8243800
2022-09-28,92.532325,95.044136,92.186032,94.624687,9941400
2022-09-29,92.854232,93.093215,90.425326,91.644653,10500000
2022-09-30,90.552144,92.971286,90.283890,90.288765,6782600
2022-10-03,91.337390,94.453991,90.771621,93.527298,8539000
2022-10-04,96.395148,97.843710,96.083001,97.526688,10874200
2022-10-05,96.102515,99.228872,95.258742,98.492401,6731000
2022-10-06,98.199766,99.843424,97.526702,97.819336,8594800
2022-10-07,94.941717,95.209971,91.600757,91.986069,12253600
2022-10-10,91.825115,91.883641,87.840354,88.913361,13134600
2022-10-11,87.250198,87.825725,84.957864,86.108910,16052600
2022-10-12,86.118662,86.611267,85.206600,85.591911,7606000
2022-10-13,82.299739,89.835182,81.436453,88.211037,21406400
2022-10-14,89.054797,89.269399,84.275031,84.450615,9979600
2022-10-17,86.664928,87.537963,85.752873,86.450325,8269600
2022-10-18,88.996276,89.581552,85.133448,86.469826,9798400
2022-10-19,86.025986,87.957396,85.621168,87.167274,8535800
2022-10-20,87.884251,90.425326,87.328238,87.859863,10877000
2022-10-21,87.469680,91.025244,87.084376,90.888680,12884000
2022-10-24,90.620417,91.547103,88.879214,91.176430,9834600
2022-10-25,91.283739,93.278557,91.239845,92.620117,13488800
2022-10-26,91.083767,93.819938,90.503366,91.712936,9896800
2022-10-27,92.868871,93.629730,90.449722,90.566780,10174600
2022-10-28,90.786247,94.166226,90.625295,94.024780,9215000
2022-10-31,93.254173,93.483407,91.786105,92.288467,5975800
2022-11-01,94.278408,94.497886,92.517699,92.927391,4670000
2022-11-02,93.639479,95.312393,90.220480,90.264381,11901600
2022-11-03,88.893854,90.766747,87.981799,89.206001,11461200
2022-11-04,92.532323,93.429746,91.093518,93.351707,8470600
2022-11-07,93.897969,95.453832,92.868856,95.195328,10213800
2022-11-08,96.956046,98.360714,95.400190,97.248688,12147000
2022-11-09,95.956203,96.273226,94.453991,94.605186,8640000
2022-11-10,100.116548,104.457351,99.223999,104.272011,17078000
2022-11-11,104.623170,108.188490,103.837923,107.691002,12646400
2022-11-14,107.227667,108.568927,106.476557,106.671654,12244800
2022-11-15,111.456293,111.826966,108.642083,110.032120,11456600
2022-11-16,107.671496,107.925119,105.452326,106.071739,10711000
2022-11-17,103.989128,107.373975,103.769643,106.871613,9018600
2022-11-18,108.612826,108.617700,105.764478,107.066719,8025000
2022-11-21,105.691305,106.003452,104.745106,105.193817,5071600
2022-11-22,106.066867,108.251900,105.164561,108.251900,8283000
2022-11-23,108.232391,110.266229,108.071439,109.193222,5780000
2022-11-25,108.593297,109.017628,107.910477,107.910477,2207400
2022-11-28,106.564354,107.866595,104.779257,105.364532,7853400
2022-11-29,105.764469,106.242444,104.335414,105.076767,4908800
2022-11-30,105.413301,111.075858,104.584153,111.070976,12688200
2022-12-01,111.778185,112.104972,109.144441,110.714935,8752400
2022-12-02,107.983644,109.568770,107.422756,109.193222,8204000
2022-12-05,108.720117,109.412694,106.920389,107.890976,7069000
2022-12-06,107.798303,107.890973,104.642683,105.525475,6090000
2022-12-07,104.593911,106.100998,104.501241,105.501091,5651800
2022-12-08,105.905907,108.437232,105.291369,108.188492,7260000
2022-12-09,107.881215,109.271244,107.037443,107.320320,4938400
2022-12-12,106.700914,109.295639,106.383884,109.232239,6827600
2022-12-13,114.148563,114.416817,109.661439,111.051476,9469600
2022-12-14,110.739329,112.036696,108.061683,109.139572,7519000
2022-12-15,107.281317,107.583708,104.662196,104.984100,8833800
2022-12-16,104.520753,105.442564,103.242893,104.169586,8276000
2022-12-19,104.165143,104.347652,102.048991,102.936882,7227000
2022-12-20,101.787556,103.262447,101.614906,102.433746,4510000
2022-12-21,103.075009,105.028378,102.808635,104.722549,5675200
2022-12-22,102.596527,102.596527,98.383944,100.381714,9549400
2022-12-23,99.676335,100.485308,98.620717,100.371849,3875800
2022-12-27,99.676336,99.809515,98.319826,98.576324,4636200
2022-12-28,98.137305,99.202784,96.948508,97.323402,5064000
2022-12-29,98.867356,100.825663,98.527002,100.500107,8302000
2022-12-30,99.000542,100.238671,98.231033,100.105484,4411000
2023-01-03,101.901003,101.994727,98.704575,99.335968,4472400
2023-01-04,101.170958,102.404149,99.972293,101.861542,10039800
2023-01-05,100.633290,101.481726,99.977232,100.036430,5936200
2023-01-06,101.688894,105.023447,100.066019,104.411781,7005400
2023-01-09,106.340499,108.875939,105.783095,106.685791,11422600
2023-01-10,106.310907,108.076837,105.921215,108.071899,5464000
2023-01-11,107.953517,109.339622,107.139607,109.339622,5737000
2023-01-12,110.237381,111.707349,107.978174,110.977295,7704600
2023-01-13,109.788496,111.436037,109.418539,111.376839,4264400
2023-01-17,111.100612,112.787616,110.937830,112.037842,5059200
2023-01-18,113.039189,113.971480,111.283126,111.337387,9374600
2023-01-19,110.286708,110.627070,108.382662,108.614502,9283000
2023-01-20,109.630650,112.156222,108.900604,112.146362,5709800
2023-01-23,112.960261,117.745039,112.807347,117.434280,12790000
2023-01-24,115.870593,117.523071,115.870593,116.600647,7328600
2023-01-25,114.597943,116.975530,113.591655,116.719025,6854000
2023-01-26,118.238314,118.899302,116.368800,118.810516,7196400
2023-01-27,116.852213,118.973303,116.368805,118.031143,7254600
2023-01-30,116.304678,117.271503,115.106020,115.204674,8050000
2023-01-31,114.884037,116.965663,114.533815,116.955803,5484000
2023-02-01,117.572405,123.624899,117.276436,122.470634,15518600
2023-02-02,123.846877,126.101146,123.126690,125.089928,12985800
2023-02-03,122.455828,125.440151,122.066143,122.791252,7489600
2023-02-06,120.828018,122.431166,120.241018,120.749092,7811400
2023-02-07,121.123991,124.932084,120.852687,124.374680,10309200
2023-02-08,123.817270,124.645978,121.646858,121.937889,7844600
2023-02-09,124.147762,125.588135,121.518606,122.421295,8767200
2023-02-10,121.035190,121.469276,119.150879,120.364334,7529800
2023-02-13,120.882278,122.495294,119.999317,122.174660,4030400
2023-02-14,121.345961,125.178720,120.645510,124.803825,9482000
2023-02-15,123.161216,124.867955,122.110543,124.798897,7118800
2023-02-16,122.223990,123.348660,121.247306,121.410088,5418000
2023-02-17,120.556721,120.931616,118.682277,119.752686,7574800
2023-02-21,117.897955,119.150881,115.984048,116.112297,7695800
2023-02-22,116.329344,117.256706,114.977764,115.545036,6987600
2023-02-23,119.501097,120.216353,117.552657,119.639214,11714200
2023-02-24,117.251766,118.080474,116.625303,117.503342,6208200
2023-02-27,119.367925,119.535637,117.947287,118.031143,5852000
2023-02-28,117.695725,119.663892,117.493480,118.090340,4770600
2023-03-01,118.603336,119.644149,117.720367,118.169250,4725800
2023-03-02,116.590778,119.732946,115.767008,119.215004,6528800
2023-03-03,119.224869,120.941468,118.307375,120.832954,5385200
2023-03-06,121.168385,122.248661,119.510976,119.757614,6485400
2023-03-07,119.811873,120.359410,117.922624,118.420837,6616600
2023-03-08,119.037429,121.612324,118.790791,121.518608,8112800
2023-03-09,121.306498,123.102023,118.948638,119.190346,8223000
2023-03-10,119.604697,120.285421,116.669705,117.261635,13168200
2023-03-13,115.781806,118.632942,114.824849,117.182709,9831400
2023-03-14,119.076880,121.341024,118.864775,120.689896,11314600
2023-03-15,118.879584,119.619498,116.941011,119.333397,12602200
2023-03-16,118.652665,124.290817,118.277778,124.108307,14744600
2023-03-17,124.251361,125.380960,122.949112,123.476921,9868600
2023-03-20,123.812344,125.084998,122.677807,124.719971,6521400
2023-03-21,125.726251,126.954504,123.121753,125.114586,11118200
2023-03-22,125.302037,128.685912,124.310547,124.310547,8938000
2023-03-23,126.688140,129.198929,125.598003,127.615501,10951000
2023-03-24,126.865723,127.077828,124.310548,125.598000,11042800
2023-03-27,125.923560,126.278720,123.753148,124.132965,7025600
2023-03-28,123.644624,123.876465,121.558060,123.269730,7771400
2023-03-29,125.114589,127.822678,125.114589,127.107422,9979200
2023-03-30,128.414616,129.751406,128.044659,128.927628,7807000
2023-03-31,127.945997,130.012826,127.689484,129.825378,7281600
2023-04-03,129.164390,129.647792,127.566165,129.085464,8036000
2023-04-04,129.346910,129.499824,126.480976,127.102509,8057400
2023-04-05,125.800239,126.002484,123.531166,124.877815,10065600
2023-04-06,123.634759,125.311895,122.963903,124.502922,7448000
2023-04-10,123.368397,126.456296,123.166152,126.387245,5991200
2023-04-11,126.845984,127.028494,125.528938,125.716385,6288600
2023-04-12,126.801597,127.028500,123.383196,123.481850,7749000
2023-04-13,123.812338,125.183645,122.914572,124.478264,5760400
2023-04-14,124.409213,125.765723,122.983645,124.345085,4901000
2023-04-17,123.220411,124.295750,122.653139,124.256287,5297000
2023-04-18,125.385900,126.189943,123.871538,124.813698,5703600
2023-04-19,123.102020,123.841935,122.825787,123.629829,5013000
2023-04-20,122.825785,125.563470,122.732061,123.767944,5879800
2023-04-21,122.914571,123.634758,121.627128,122.500221,5202200
2023-04-24,122.233862,123.003372,121.064792,121.844170,4489000
2023-04-25,120.882278,120.897076,117.927558,117.981812,10464600
2023-04-26,119.180475,119.979580,118.233386,118.805588,7695400
2023-04-27,118.938762,120.122630,116.975525,119.954910,6814200
2023-04-28,120.606038,121.962547,120.142357,121.962547,7553000
2023-05-01,122.317712,123.279599,122.002015,122.894844,5202000
2023-05-02,122.855384,123.496645,120.852684,121.829369,6717600
2023-05-03,121.197981,122.628487,120.433401,120.571518,8223000
2023-05-04,120.009178,121.168381,119.308727,120.167030,5889200
2023-05-05,120.517265,123.289475,119.954923,122.707405,5553000
2023-05-08,122.312784,123.467049,121.710986,123.388123,3918900
2023-05-09,121.928023,122.105603,121.089455,121.484077,4951700
2023-05-10,122.766603,123.358533,121.316370,122.470634,5474900
2023-05-11,122.125344,122.362114,120.250892,121.385429,5339500
2023-05-12,121.809641,122.223992,120.171961,121.247307,3364900
2023-05-15,121.424883,124.424004,121.197973,124.424004,6192800
2023-05-16,124.019522,125.706526,124.019522,124.394409,5126300
2023-05-17,125.578272,128.192638,125.094864,127.758553,6322800
2023-05-18,128.350484,132.503861,128.350484,132.237488,9632600
2023-05-19,131.971127,132.128964,130.797127,131.507446,5313000
2023-05-22,130.372903,131.813276,130.195331,131.398926,4235100
2023-05-23,130.629415,131.250932,129.317298,129.504745,4853800
2023-05-24,126.998895,127.906522,126.229385,127.600693,7897100
2023-05-25,136.075175,139.242015,134.447370,138.571167,16072900
2023-05-26,139.883268,146.335329,139.873408,145.378372,12978800
2023-05-30,148.624119,149.669877,145.516485,146.078827,13295400
2023-05-31,143.780172,145.358647,142.142492,142.389130,10728700
2023-06-01,142.911992,145.802584,141.866249,144.529938,7272700
2023-06-02,145.901256,146.187350,143.336214,144.174789,6765000
2023-06-05,143.326342,143.790023,141.668941,142.369385,6727700
2023-06-06,141.570294,144.204387,141.057282,143.375687,5815100
2023-06-07,144.470753,146.177485,142.221415,142.556839,8687500
2023-06-08,142.694952,144.599006,142.389123,144.204376,5376800
2023-06-09,145.940710,147.134446,144.174788,144.865372,5955300
2023-06-12,146.512925,149.413392,146.404403,149.147018,7632900
2023-06-13,151.662714,152.274387,149.364045,151.208908,8274600
2023-06-14,150.755079,153.645685,149.985569,153.507568,7123400
2023-06-15,151.958688,153.655560,151.258244,152.402634,7588000
2023-06-16,153.704884,153.843001,151.110246,151.317429,6583200
2023-06-20,150.695912,151.869912,149.097702,150.784698,4597100
2023-06-21,149.995446,150.419671,146.729959,147.331757,5911700
2023-06-22,146.157759,148.643876,145.960452,148.061813,5958400
2023-06-23,145.763124,146.453708,144.983754,145.546082,5963500
2023-06-26,146.286007,148.338038,144.855509,144.875244,7403900
2023-06-27,145.447429,149.758673,144.983763,149.472565,6459400
2023-06-28,146.917392,149.502154,146.789135,148.120987,6800200
2023-06-29,148.791852,148.929969,146.907533,147.903946,4225900
2023-06-30,149.709330,150.903065,148.989151,150.202606,5309200
2023-07-03,151.110259,151.998166,150.202633,151.534485,2826900
2023-07-05,150.202606,151.100372,148.633991,148.673447,5187200
2023-07-06,146.345190,147.075244,145.181065,146.907532,4775600
2023-07-07,147.025919,149.206207,146.651024,147.045654,4351900
2023-07-10,147.568519,149.373912,147.341616,149.127274,6415500
2023-07-11,150.133562,150.143437,147.410682,149.285141,5146400
2023-07-12,151.465421,152.599951,150.843888,152.422379,6484100
2023-07-13,154.286941,156.338972,153.754209,156.082474,6395900
2023-07-14,156.556007,158.538972,154.099486,154.790070,7565600
2023-07-17,155.115655,158.292355,153.606231,157.670837,7314600
2023-07-18,156.980235,158.627776,155.500406,158.104904,6272000
2023-07-19,158.272623,158.351549,155.934498,156.447510,9333700
2023-07-20,153.547042,154.306692,150.242085,150.912949,14823200
2023-07-21,152.412507,153.182017,150.952399,151.721909,8246300
2023-07-24,151.919209,152.461801,150.843856,151.850143,4362500
2023-07-25,152.382918,155.234054,152.382918,154.286957,5773700
2023-07-26,152.935369,153.783805,150.893198,152.599930,6110000
2023-07-27,156.516560,158.756039,154.563190,155.342575,10244000
2023-07-28,158.006251,158.874407,156.694134,158.341675,7319800
2023-07-31,158.538994,159.002675,157.522846,158.460068,3934100
2023-08-01,157.522841,158.726436,156.812522,158.371277,4595600
2023-08-02,156.634953,156.654673,151.396361,152.560486,10033900
2023-08-03,150.429520,153.103084,150.113831,152.116531,6691700
2023-08-04,152.146125,154.434919,150.695891,152.175720,6804200
2023-08-07,153.408910,154.040303,152.294101,153.813400,5701400
2023-08-08,151.830421,151.830421,149.492297,151.277954,8446500
2023-08-09,151.110255,151.258247,147.716512,148.278854,8827100
2023-08-10,149.107558,151.100398,146.897674,147.953293,8639300
2023-08-11,146.019633,146.128155,144.076124,144.243851,11182300
2023-08-14,143.494058,148.703054,143.069847,148.634003,8154200
2023-08-15,148.525464,149.058195,146.651005,146.848328,7596400
2023-08-16,146.966724,147.134436,144.441152,144.529938,7232100
2023-08-17,145.782856,145.812451,143.079697,143.553238,7397200
2023-08-18,141.856388,144.687804,141.422317,144.164932,8817900
2023-08-21,145.200787,149.206203,144.983760,149.008881,8109200
2023-08-22,150.991880,151.179328,146.887818,147.519211,10827900
2023-08-23,147.341629,151.159583,146.858213,150.715637,8347700
2023-08-24,154.356001,154.484242,146.581963,146.818741,13494400
2023-08-25,146.611573,148.722794,144.303043,147.085114,11769100
2023-08-28,148.338033,149.058212,146.897660,148.900360,6822700
2023-08-29,148.338027,153.211599,147.913802,152.718323,8770000
2023-08-30,152.649275,154.119244,151.603532,153.497711,6526100
2023-08-31,152.767660,155.046594,152.767660,154.119232,5965400
2023-09-01,155.312955,155.510278,153.172138,154.109375,4495500
2023-09-05,153.537174,155.500404,152.994567,154.474396,5472700
2023-09-06,153.912039,154.691424,151.199020,152.678848,6104000
2023-09-07,149.196337,149.689613,147.440275,149.294998,7813300
2023-09-08,148.910240,150.123695,147.736240,148.357773,5305200
2023-09-11,150.143430,150.143430,146.503048,148.466293,5824100
2023-09-12,147.400817,149.610685,147.154179,147.351486,6174900
2023-09-13,147.302146,149.788262,147.035773,148.545212,6192000
2023-09-14,150.044755,150.113821,148.150577,149.354172,6951400
2023-09-15,148.209777,148.515606,144.204377,144.835770,10179600
2023-09-18,143.474320,145.832195,143.020514,145.319183,6786000
2023-09-19,144.776588,145.013366,143.119187,144.066269,5573600
2023-09-20,144.677925,145.260003,141.619621,141.698547,6977500
2023-09-21,139.666247,140.652799,138.798076,138.867126,9905100
2023-09-22,140.218722,141.471633,139.646520,140.051010,7331900
2023-09-25,139.409731,141.185529,138.768478,141.037552,7861300
2023-09-26,139.735299,140.475214,138.216015,138.807938,6702100
2023-09-27,139.942480,140.998084,137.880574,140.080597,8814500
2023-09-28,139.824083,143.691367,139.182830,142.349655,10791700
2023-09-29,144.559540,144.954155,142.517384,143.030380,7985100
2023-10-02,143.316498,145.289603,142.645635,144.263580,8600200
2023-10-03,143.336200,144.885095,140.248301,141.057266,9456600
2023-10-04,141.915582,143.523652,141.037551,143.257294,11083000
2023-10-05,143.336205,143.938002,141.737994,143.257294,6093900
2023-10-06,142.694956,146.946994,141.599882,146.355072,9946000
2023-10-09,144.816024,146.463580,143.681495,145.980164,6840500
2023-10-10,146.503047,148.949693,145.842059,147.785568,6790600
2023-10-11,148.614264,149.403509,147.479735,149.383774,8921700
2023-10-12,149.798148,151.988296,148.693214,150.143448,8554900
2023-10-13,150.370324,150.577507,146.059095,146.384659,9133900
2023-10-16,146.552386,148.663608,146.424130,148.071671,9461800
2023-10-17,144.618738,147.460015,142.527252,146.325485,12857900
2023-10-18,143.474342,144.737144,142.685112,143.395432,12530900
2023-10-19,145.269868,145.684218,141.945191,142.418732,15718200
2023-10-20,142.280588,143.434853,140.021375,140.189102,8128800
2023-10-23,139.242030,142.596303,138.077905,140.682404,9910500
2023-10-24,141.077015,142.556844,140.613334,142.329941,7822700
2023-10-25,140.879685,141.224969,136.173826,136.815079,12447800
2023-10-26,137.229457,138.758601,134.792671,135.611511,15094800
2023-10-27,137.170252,137.850976,135.818680,136.450073,11346300
2023-10-30,136.548743,137.762198,134.674284,136.104797,8836000
2023-10-31,136.104789,137.407031,134.269801,137.081467,7900300
2023-11-01,137.328109,140.662661,137.189992,140.494949,11750500
2023-11-02,143.661774,145.062677,142.349657,144.135330,11736200
2023-11-03,145.605287,148.515614,145.200797,147.499466,8177200
2023-11-06,147.736225,148.416949,146.295852,147.933533,5423600
2023-11-07,147.647446,149.482434,147.302146,148.860901,4600400
2023-11-08,149.334440,150.064494,148.416954,149.393631,6165000
2023-11-09,150.903071,152.432215,148.969422,149.127274,10529700
2023-11-10,151.189187,155.549748,150.636720,155.164993,11426800
2023-11-13,154.198160,154.908479,153.103086,154.217896,7058900
2023-11-14,157.739877,159.367682,157.374857,158.923737,9744900
2023-11-15,160.048418,160.048418,157.937196,159.042145,9002900
2023-11-16,158.479799,159.989223,158.085184,159.634064,7281100
2023-11-17,159.012528,160.768605,158.716574,160.383850,5167100
2023-11-20,160.600884,163.215257,160.334526,162.682510,7132700
2023-11-21,161.488782,161.774876,159.525537,160.285187,9001100
2023-11-22,161.064565,162.712106,159.160526,159.939896,9139600
2023-11-24,160.058288,160.265456,159.170382,159.584732,2943500
2023-11-27,159.051998,160.699539,158.568582,159.486084,6034500
2023-11-28,158.696830,159.328223,157.473499,158.568573,6165200
2023-11-29,160.610764,162.120188,159.831379,160.028702,7642800
2023-11-30,160.650210,160.650210,157.108490,158.321945,9300900
2023-12-01,157.848402,159.545273,156.723733,158.963211,6115400
2023-12-04,157.108502,157.355140,154.454673,156.644821,8137000
2023-12-05,155.401770,156.812533,154.957825,156.644821,4845900
2023-12-06,158.509389,158.805357,155.174836,155.382019,6457400
2023-12-07,156.733601,159.269049,156.092348,158.933624,8790700
2023-12-08,158.677098,160.748865,158.499526,160.295044,5683500
2023-12-11,161.330928,164.744406,161.094150,164.142609,9671600
2023-12-12,163.353365,165.938128,163.106727,165.878937,6985400
2023-12-13,166.046633,168.799123,165.504026,167.832291,8037600
2023-12-14,169.312139,171.522022,169.114831,170.930084,9446800
2023-12-15,171.551612,173.495122,171.364165,171.739059,6902000
2023-12-18,172.258131,172.565803,170.680061,172.039780,5157100
2023-12-19,171.900847,172.744478,171.613029,172.615448,5031000
2023-12-20,171.553478,172.387174,167.742270,167.811752,8557400
2023-12-21,171.057226,172.248221,170.233449,171.960388,8184500
2023-12-22,172.794112,173.101784,171.116786,171.980255,4089200
2023-12-26,172.476488,174.987509,172.476488,174.352310,4829200
2023-12-27,175.027208,175.424202,173.885825,174.540878,5113400
2023-12-28,175.295177,175.404353,174.392015,174.501190,4033500
2023-12-29,174.699702,175.057002,172.367323,173.558319,5391600
2024-01-02,171.057228,171.057228,166.352776,167.702576,8989000
2024-01-03,165.102237,166.223751,164.129577,164.725082,9303600
2024-01-04,163.047745,165.399963,162.740073,163.752426,7095800
2024-01-05,164.238753,166.313088,163.861614,164.834259,6869600
2024-01-08,166.144342,170.789246,166.025247,170.670151,10514800
2024-01-09,169.250871,172.426865,168.655366,171.126694,6974300
2024-01-10,171.751968,171.801596,169.350122,171.285492,6330000
2024-01-11,171.970330,173.220874,168.913431,172.258148,7993700
2024-01-12,172.446712,172.863560,170.769386,171.652710,4561000
2024-01-16,171.990169,175.533398,171.444306,174.382095,7678000
2024-01-17,173.171229,173.617850,170.203666,173.330032,6751200
2024-01-18,178.322321,179.195725,176.079278,178.957520,11983800
2024-01-19,181.021907,185.905000,180.059181,185.775970,12742400
2024-01-22,187.393744,188.554966,185.071300,186.639450,8308900
2024-01-23,186.609690,187.751058,184.694159,187.592255,6031200
2024-01-24,189.775760,193.835078,188.594684,190.927048,14706600
2024-01-25,194.331328,194.430568,189.815454,190.927048,11109400
2024-01-26,187.741142,189.041314,186.292087,186.857819,9921900
2024-01-29,187.304431,189.080998,186.411188,189.051224,8035500
2024-01-30,188.684003,189.468070,186.272222,187.175400,6340100
2024-01-31,184.336850,187.294508,182.768700,184.475800,10827100
2024-02-01,185.329345,186.689079,183.661954,186.163055,6322500
2024-02-02,186.808193,190.291859,186.450893,189.785690,7865400
2024-02-05,192.088274,194.251930,190.004035,193.487701,8600500
2024-02-06,194.380954,194.420647,188.693923,191.294281,8505100
2024-02-07,192.247075,195.313894,190.966758,195.155106,7138800
2024-02-08,196.088048,199.353364,195.343674,197.934082,8963800
2024-02-09,199.641179,202.668304,198.271540,202.320938,7642200
2024-02-12,202.668314,205.566409,200.455045,201.536865,9718900
2024-02-13,195.691041,200.048111,194.817637,197.805069,11269600
2024-02-14,200.484818,202.380495,198.906748,201.775070,7932500
2024-02-15,203.065318,203.204267,200.494734,201.100159,7103400
2024-02-16,202.797328,204.534202,199.700736,200.236679,6273100
2024-02-20,198.767791,199.254106,193.189936,196.296463,11318400
2024-02-21,194.172526,195.065769,192.266930,195.035995,8624800
2024-02-22,205.625959,209.119560,204.782344,208.355331,12445700
2024-02-23,210.439586,211.759612,205.417543,207.055161,8526200
2024-02-26,209.020311,210.032649,207.263583,208.772186,7552200
2024-02-27,209.427226,210.171601,207.273505,208.166763,4969700
2024-02-28,206.052745,207.184193,204.881588,205.854248,4505800
2024-02-29,208.226317,210.965609,207.223883,210.360184,6450600
2024-03-01,212.513900,219.659905,212.374951,218.885742,10273300
2024-03-04,222.319797,225.426324,220.999772,222.409119,10905100
2024-03-05,220.692098,221.555567,216.652619,219.004852,10421000
2024-03-06,223.441326,227.044087,222.002190,224.652176,11245400
2024-03-07,228.006815,233.147968,227.738851,232.413513,13524400
2024-03-08,235.152810,237.346240,222.756506,223.302383,22519200
2024-03-11,220.473736,222.200690,217.377144,219.322433,12843800
2024-03-12,222.865680,226.309653,218.905603,226.260025,10410300
2024-03-13,224.175755,224.175755,219.491158,221.783844,9835800
2024-03-14,221.108947,222.309878,215.779232,217.813858,11440100
2024-03-15,215.312751,218.647548,214.310317,216.205994,11402000
2024-03-18,220.503521,221.486101,216.186159,216.642700,8671700
2024-03-19,214.101906,217.208433,211.223664,216.166306,10606900
2024-03-20,217.208442,219.957653,215.203589,219.630127,9158100
2024-03-21,226.865450,228.324425,224.116223,224.612473,11728000
2024-03-22,223.907788,227.530404,223.530634,225.932480,5350200
2024-03-25,223.530645,227.520495,223.173345,225.376694,4938900
2024-03-26,227.083790,227.738843,223.074085,223.282516,6402500
2024-03-27,224.890370,225.138495,219.828634,223.203125,7614700
2024-03-28,222.627476,224.245255,222.061760,223.302383,3763300
2024-04-01,223.808555,229.217672,223.808555,226.230255,7896800
2024-04-02,222.567926,223.739068,220.711957,223.322220,5995000
2024-04-03,221.059329,225.813409,221.009701,224.215485,5914900
2024-04-04,227.381555,228.086221,217.992506,218.240631,9294000
2024-04-05,219.560639,222.389267,217.962715,220.969986,8104000
2024-04-08,223.203116,223.590190,220.503517,221.386841,4215300
2024-04-09,223.669596,224.255166,218.389493,222.419052,5372300
2024-04-10,219.342305,222.696957,218.846056,220.483673,8164900
2024-04-11,221.803692,225.863025,220.017190,225.604965,7200600
2024-04-12,221.823543,222.141150,218.320023,219.024689,8741500
2024-04-15,222.071667,223.292437,214.985225,215.729599,6750400
2024-04-16,215.699838,218.707109,214.846288,217.516113,6754900
2024-04-17,217.863478,218.468903,210.479297,210.806808,11726400
2024-04-18,209.387538,210.657936,205.804616,207.065094,10350600
2024-04-19,205.169406,206.439804,196.951516,197.715744,13584600
2024-04-22,199.462536,202.846961,197.656180,201.497162,9801700
2024-04-23,202.956148,207.015466,202.400336,206.241318,7300600
2024-04-24,211.044994,211.541243,205.397672,206.479492,6564900
2024-04-25,205.536621,212.077186,204.206676,210.608292,8682200
2024-04-26,210.935821,217.039684,210.350251,216.007492,6365400
2024-04-29,215.848700,216.970229,213.288051,216.741959,4818000
2024-04-30,215.709753,217.972650,212.484131,212.484131,4944800
2024-05-01,209.556255,212.930745,204.563985,206.290939,12945800
2024-05-02,209.784537,211.144272,205.754993,210.439590,6382500
2024-05-03,214.300396,216.722096,213.536168,216.096817,6379100
2024-05-06,217.724521,221.009691,216.583153,220.999771,5343100
2024-05-07,220.880681,221.505945,218.985004,219.074326,5067000
2024-05-08,217.307669,220.195845,217.059544,219.739288,5404300
2024-05-09,219.828639,220.106538,217.248136,218.329956,4023300
2024-05-10,221.287600,223.748993,220.761561,221.625046,6126600
2024-05-13,222.319797,222.865675,220.652406,221.585342,3972400
2024-05-14,221.267748,225.624818,220.573002,225.376694,5050500
2024-05-15,227.550278,232.244794,226.815823,232.145538,8212800
2024-05-16,232.095930,233.346474,230.349122,230.458298,6209600
2024-05-17,231.837862,232.066148,226.905140,228.522919,5241300
2024-05-20,229.733769,234.269482,229.158118,233.237289,4986400
2024-05-21,231.212595,233.157884,230.130759,232.909760,4396200
2024-05-22,235.132960,235.440633,232.234865,234.815353,8112700
2024-05-23,242.318641,242.725569,236.006346,238.021133,12401000
2024-05-24,239.718308,242.606484,238.487603,242.427826,4644700
2024-05-28,245.832092,248.968393,243.618823,247.956039,7703000
2024-05-29,244.254025,245.127414,242.239253,243.807388,7581300
2024-05-30,243.648607,244.283806,239.271682,240.452759,7087000
2024-05-31,241.544500,242.189633,232.502832,238.676178,12722800
2024-06-03,243.261545,243.598992,237.227149,241.653687,6312800
2024-06-04,241.475035,241.872029,238.299041,240.780289,5797000
2024-06-05,245.673295,252.620789,244.859454,252.501694,10950400
2024-06-06,253.603366,254.000359,248.372891,250.516693,9828200
2024-06-07,250.347981,252.154321,248.611107,250.318207,5470300
2024-06-10,249.216521,254.794361,248.174394,253.940811,6418000
2024-06-11,253.087264,253.970588,249.960898,253.563660,6117800
2024-06-12,258.615490,262.565617,257.811569,261.116577,8051500
2024-06-13,264.788825,266.128705,261.980036,265.205658,7647200
2024-06-14,263.409272,266.575346,262.635124,265.880615,6257000
2024-06-17,268.679414,271.160662,264.917865,270.436157,7502000
2024-06-18,271.468334,276.182705,270.972084,274.684052,8241600
2024-06-20,277.125591,277.472972,265.076638,266.902863,14053800
2024-06-21,263.577999,266.912781,260.054609,262.903107,11653900
2024-06-24,259.538516,261.106651,253.811792,253.861420,10154100
2024-06-25,256.580866,259.945452,253.891202,259.806488,6592200
2024-06-26,259.647673,261.096744,255.816641,258.952942,5950300
2024-06-27,258.446731,260.461503,255.707454,256.918274,5738700
2024-06-28,258.526156,264.401733,257.037407,258.744507,7743300
2024-07-01,259.042281,259.389662,253.742339,259.052216,6186000
2024-07-02,257.047347,261.682331,256.769448,261.652557,4117100
2024-07-03,262.109106,268.371774,261.305185,267.597626,4633000
2024-07-05,269.185587,270.009348,266.039352,267.696838,6415200
2024-07-08,270.793449,273.632012,270.505616,272.153168,5832700
2024-07-09,274.217567,275.527642,270.118541,272.748657,5912800
2024-07-10,276.043786,279.616789,274.217591,279.160217,6181000
2024-07-11,280.877241,280.946723,267.974753,268.987091,12282300
2024-07-12,269.761241,276.847699,269.026801,272.391388,8392800
2024-07-15,274.336665,275.388712,269.979580,271.776001,7814800
2024-07-16,273.244926,273.562533,268.510716,271.656921,5638600
2024-07-17,261.811349,262.019766,251.945906,252.313126,15181900
2024-07-18,257.186298,258.049767,248.134696,253.623215,12807600
2024-07-19,252.948312,253.295693,245.931336,246.278717,8589500
2024-07-22,251.102268,255.965508,249.722695,255.786865,10757900
2024-07-23,253.067414,255.439486,252.432215,252.948318,5869900
2024-07-24,248.710357,249.434892,238.537241,239.172440,11295000
2024-07-25,237.207284,241.812479,229.088648,234.785583,18765100
2024-07-26,240.403123,240.502379,236.393418,238.507446,7325600
2024-07-29,240.621480,243.390546,235.986511,236.810287,6745300
2024-07-30,238.418129,238.904459,226.617316,227.748764,12932100
2024-07-31,240.681033,245.832106,238.705955,245.137360,18412100
2024-08-01,242.209468,244.948775,226.190534,229.277206,17111600
2024-08-02,218.270409,220.672255,212.573459,216.791580,20261300
2024-08-05,199.472461,216.861049,198.986146,211.709976,18420800
2024-08-06,214.915745,221.128799,211.045005,215.828857,15388800
2024-08-07,223.004629,224.404056,209.427233,209.883789,13066500
2024-08-08,215.967811,223.580277,211.104556,223.222977,11407900
2024-08-09,223.014538,224.791119,219.729368,223.163422,7241700
2024-08-12,223.500871,227.828168,222.369423,225.257599,6751200
2024-08-13,228.820671,234.527541,227.153265,234.418365,7647400
2024-08-14,236.919472,237.385933,230.418600,234.616867,7187100
2024-08-15,238.993791,245.484729,237.733313,244.522003,8376800
2024-08-16,242.378219,245.544278,241.177288,244.859467,5194600
2024-08-19,243.946354,249.514275,241.465106,249.454727,5564300
2024-08-20,248.273645,249.643299,244.025750,246.199326,6578600
2024-08-21,246.735274,249.980735,246.010739,248.750046,4813700
2024-08-22,250.625870,251.419873,239.728220,240.601624,8007400
2024-08-23,244.005914,248.452306,242.864531,246.526855,6933400
2024-08-26,245.633613,246.685659,239.321318,240.750519,6925200
2024-08-27,238.864753,243.906650,236.780514,243.172195,5534400
2024-08-28,242.666037,243.837179,236.036150,239.083115,8114000
2024-08-29,238.666253,242.675943,235.003929,236.125458,9256500
2024-08-30,240.631401,242.765283,237.584437,241.633835,8623800
2024-09-03,237.078250,237.078250,222.131216,223.500870,14466300
2024-09-04,220.166080,226.865449,219.798861,222.964920,8646300
2024-09-05,220.394355,226.061532,220.066829,222.577850,6535400
2024-09-06,221.674688,221.992280,211.968047,213.387314,12019300
2024-09-09,216.821353,218.657467,214.171367,218.210846,7933400
2024-09-10,218.965147,220.473750,214.836362,220.275253,7651600
2024-09-11,222.111375,231.947045,217.754304,231.649292,11148300
2024-09-12,231.172893,234.190099,228.235105,232.145538,8209500
2024-09-13,233.237288,235.768164,232.463140,235.132965,6405800
2024-09-16,231.639367,233.237291,229.138265,232.046295,5505200
2024-09-17,234.835210,235.351314,230.100985,231.966888,4722800
2024-09-18,233.128101,236.055970,229.058849,229.326828,7299800
2024-09-19,238.170007,242.020908,236.522455,239.281601,11254200
2024-09-20,237.008783,237.852398,233.197590,236.115524,8183300
2024-09-23,237.018705,238.021138,235.341379,237.157654,3781400
2024-09-24,239.271690,242.546940,236.492689,241.574280,5435900
2024-09-25,241.405556,245.226684,240.978789,243.698227,4978300
2024-09-26,253.583515,254.069845,245.514493,250.725113,10082100
2024-09-27,251.290846,251.310700,244.273870,245.881729,7128600
2024-09-30,242.318650,245.157198,240.055753,243.608902,6252500
2024-10-01,243.787565,244.730436,235.222293,237.088196,7751800
2024-10-02,237.375999,242.616393,235.807849,240.502380,5842600
2024-10-03,239.738155,245.296141,239.529724,242.715652,5926900
2024-10-04,247.340709,247.340709,242.497309,245.961136,5771300
2024-10-07,244.680798,248.720276,244.462447,246.358124,4958800
2024-10-08,247.291072,251.270988,246.020675,250.625870,4435300
2024-10-09,251.092358,253.494204,248.333212,253.236145,4063400
2024-10-10,250.615936,253.950734,249.117268,252.739883,4044600
2024-10-11,251.707688,255.369997,251.697769,254.764587,4202900
2024-10-14,256.580883,260.292851,256.481657,259.320190,4608600
2024-10-15,259.042260,260.143919,243.737926,245.306076,14128900
2024-10-16,247.956041,247.956041,243.658519,245.464874,5692300
2024-10-17,253.265904,254.248499,249.613515,249.692917,6745000
2024-10-18,251.598507,251.618361,248.978310,249.623428,3720700
2024-10-21,249.117271,251.151898,247.618603,250.943466,3923400
2024-10-22,249.444793,250.596096,247.797241,249.802094,3629100
2024-10-23,248.571382,249.782232,243.995961,247.142181,4971600
2024-10-24,248.988248,249.315775,246.338277,248.184326,2595500
2024-10-25,250.596101,254.625629,250.407523,251.062576,6835900
2024-10-28,250.873995,251.151894,249.117267,249.325699,3557300
2024-10-29,250.010509,256.392271,248.978317,254.992874,5392800
2024-10-30,249.851714,251.102257,247.578883,248.799652,5348400
2024-10-31,246.407753,246.407753,238.477680,239.867172,9464700
2024-11-01,242.358357,245.435095,241.524661,242.914154,5521000
2024-11-04,243.469952,245.653447,241.584210,242.437759,5199200
2024-11-05,243.410404,247.171969,243.241681,246.447449,4344200
2024-11-06,250.397580,253.772086,248.333195,252.898682,7284400
2024-11-07,256.451856,259.191133,256.203731,259.062103,5370200
2024-11-08,258.804076,259.915671,255.985383,257.394714,3915600
2024-11-11,255.985381,256.114381,249.107355,251.628296,7667300
2024-11-12,251.201530,251.668005,246.993328,249.970825,6574000
2024-11-13,248.769889,249.295912,245.365624,245.772552,5537900
2024-11-14,247.688059,249.077566,245.524418,246.318405,4607600
2024-11-15,242.338494,242.735502,237.008779,238.150146,9499700
2024-11-18,237.237058,240.353505,235.609361,239.728226,7696500
2024-11-19,239.291535,242.437756,238.795286,242.348419,4505200
2024-11-20,241.504801,241.921649,236.859898,240.720718,7585600
2024-11-21,243.678377,246.328348,237.802784,244.254028,8825400
2024-11-22,244.125006,244.789978,241.484954,242.785126,4746300
2024-11-25,244.502161,244.502161,240.462683,241.832336,4562700
2024-11-26,243.976136,244.273874,238.090608,239.609131,4996500
2024-11-27,237.862333,238.001282,232.413508,236.462906,6911600
2024-11-29,238.199784,242.656111,237.792856,240.313812,5607400
2024-12-02,241.524657,247.281140,241.524657,246.010742,8070300
2024-12-03,245.077796,246.814670,244.085297,246.556625,3227300
2024-12-04,250.338053,251.171764,247.449892,250.735062,5457400
2024-12-05,250.000599,250.268578,245.722930,246.437531,3872100
2024-12-06,246.020673,247.549115,245.355701,246.745193,3885300
2024-12-09,244.373127,247.092580,243.092795,244.224258,4532600
2024-12-10,244.581545,245.296146,236.582005,238.080688,6402400
2024-12-11,241.822393,245.186964,239.916796,243.906647,5588400
2024-12-12,242.179693,242.804973,240.115294,241.544495,3979300
2024-12-13,247.648380,249.742554,244.204407,247.618607,8628300
2024-12-16,248.621015,252.452062,247.052865,251.350388,4893000
2024-12-17,248.601172,249.285998,246.169552,248.085083,4027800
2024-12-18,250.268580,252.561250,238.646409,240.174866,8125800
2024-12-19,241.177289,241.425413,236.562174,237.078262,6893100
2024-12-20,235.619267,243.420311,234.765718,240.889450,6909300
2024-12-23,242.774578,248.815777,242.774578,248.446930,6650100
2024-12-24,249.663148,250.590256,248.606438,250.590256,2097400
2024-12-26,249.643214,251.607104,248.107998,250.151627,2169300
2024-12-27,248.506746,249.294304,244.399531,247.629471,3812300
2024-12-30,243.861193,246.582735,241.977056,243.901077,3532100
2024-12-31,244.748428,245.286762,240.651177,241.418793,3071800
2025-01-02,243.761519,246.981495,241.498556,244.030670,4464000
2025-01-03,246.233826,251.547295,245.914812,251.098694,4994400
2025-01-06,257.867632,262.473296,257.698146,259.422791,10533200
2025-01-07,262.602892,262.762369,252.265049,253.251968,7661100
2025-01-08,252.773462,253.541078,248.736022,251.447586,5189500
2025-01-10,248.636347,248.815782,244.160270,246.413254,6901500
2025-01-13,240.322216,244.170228,239.873600,243.881134,6007500
2025-01-14,246.961555,247.609548,241.638123,244.678665,3791500
2025-01-15,248.476844,251.288104,246.931649,250.430771,5316800
2025-01-16,256.312441,256.402189,251.367835,251.507401,5696100
2025-01-17,257.179762,257.877572,254.817103,257.448914,5387300
2025-01-21,259.990986,263.500086,257.648300,261.576080,4923000
2025-01-22,265.174894,268.823545,264.317576,266.341278,6616500
2025-01-23,262.204111,266.032196,261.087590,266.022247,4704900
2025-01-24,266.570537,266.600443,259.811569,260.718750,5119900
2025-01-27,241.727830,244.319771,231.519604,235.078522,21944900
2025-01-28,237.152076,240.282335,231.539535,239.704132,11707300
2025-01-29,241.658059,241.697928,235.905953,238.786987,8366000
2025-01-30,242.664928,245.087399,239.923459,244.409500,7676300
2025-01-31,245.406397,250.679996,242.166478,242.864304,8009900
2025-02-03,235.238041,240.890451,234.390671,238.039322,7479600
2025-02-04,238.069225,241.867404,237.839943,240.720978,4579000
2025-02-05,241.368950,246.732266,239.654284,246.373383,4811100
2025-02-06,246.413252,247.659374,244.848130,247.579636,4877200
2025-02-07,248.785873,249.872489,242.724731,244.240021,7258900
2025-02-10,246.233820,249.513608,246.233820,248.845688,4231300
2025-02-11,246.931643,250.261279,246.642549,249.094910,3134900
2025-02-12,244.937855,247.968433,243.781449,247.739136,4212800
2025-02-13,247.230711,251.308021,247.021356,251.138550,4486100
2025-02-14,251.218306,252.434523,249.852561,251.796509,4279500
2025-02-18,253.929870,256.402188,252.554145,255.425217,6361400
2025-02-19,255.185966,257.578531,253.092489,256.541748,3025400
2025-02-20,257.269487,258.824646,254.129249,257.000305,4401700
2025-02-21,257.548622,257.897543,248.417032,249.214554,7578500
2025-02-24,250.520478,251.278115,242.525352,242.664917,7518000
2025-02-25,241.957128,243.023801,236.603775,237.510956,7658600
2025-02-26,240.850575,245.356544,240.152734,243.063690,6675900
2025-02-27,245.306704,245.615740,227.990575,228.080292,10520600
2025-02-28,227.661598,233.054820,224.930107,232.047958,8654700
2025-03-03,234.639898,234.639898,220.264630,222.318237,10001200
2025-03-04,221.769945,230.084071,217.373621,224.531342,12563100
2025-03-05,227.113315,229.495900,222.776802,228.688400,6799400
2025-03-06,221.291424,225.458466,218.390462,219.098251,9155200
2025-03-07,219.915722,225.049741,216.396673,224.391785,9426800
2025-03-10,218.888907,220.603558,210.853896,213.864532,9616500
2025-03-11,214.542431,218.340610,209.807165,213.555496,7381300
2025-03-12,219.636591,222.258423,217.503215,219.835968,8710800
2025-03-13,220.095153,223.185543,217.134365,218.868973,5126800
2025-03-14,222.657190,226.255992,222.587400,225.867203,5100700
2025-03-17,225.528244,230.323321,225.318904,228.249786,5192200
2025-03-18,225.927018,227.063481,223.185548,224.720764,5196700
2025-03-19,224.720757,230.303392,223.085845,226.704590,4932500
2025-03-20,224.441624,228.299615,224.192400,226.345703,3654700
2025-03-21,222.078988,224.910175,220.723206,224.072784,6319300
2025-03-24,228.489024,231.699037,228.389344,229.914597,6503200
2025-03-25,229.735159,229.944514,228.140131,228.937637,3451800
2025-03-26,227.691513,228.090281,219.367423,221.321335,9591100
2025-03-27,218.370525,220.015401,215.898222,217.074554,9072500
2025-03-28,216.127499,217.363643,210.395335,211.511856,8722100
2025-03-31,206.686869,211.033345,203.875609,210.814026,9477200
2025-04-01,210.305619,211.880704,206.617084,211.830872,6151300
2025-04-02,208.311827,215.938091,207.823341,213.425903,7096200
2025-04-03,202.061273,203.855693,194.734066,194.963364,14299000
2025-04-04,188.114655,189.699719,177.677131,180.239166,22160100
2025-04-07,172.951851,194.225652,169.582331,184.326447,25600300
2025-04-08,192.391359,195.112886,175.503904,179.391800,19097600
2025-04-09,181.196191,212.149879,179.710822,210.176025,22178500
2025-04-10,200.755341,201.871862,188.453607,195.601379,18282500
2025-04-11,195.092948,201.313598,193.099152,200.685547,10156300
2025-04-14,205.979073,206.138580,198.153432,200.984619,9843300
2025-04-15,202.041333,204.503673,201.313602,202.290558,5097800
2025-04-16,192.560835,196.149659,187.945193,193.747147,13067200
2025-04-17,195.212588,195.392023,190.407532,191.932785,7067400
2025-04-21,188.314033,188.802519,183.827992,187.247360,9572700
2025-04-22,189.759553,192.700400,188.373866,191.304733,7242700
2025-04-23,200.954715,202.450062,197.465572,198.292999,11495800
2025-04-24,202.589629,208.630829,201.552846,208.321793,9696200
2025-04-25,206.537334,212.628382,205.859451,211.312485,7487400
2025-04-28,210.235828,211.551740,205.759750,209.996567,5804900
2025-04-29,208.680666,211.591607,207.873181,209.637680,4506200
2025-04-30,204.384042,211.083198,203.257543,210.624619,5974400
2025-05-01,214.263296,215.858339,211.452051,211.641464,6878200
2025-05-02,217.313819,220.234723,216.566145,218.350586,6522200
2025-05-05,216.356780,218.918815,216.227178,216.934982,4536000
2025-05-06,212.987265,216.765517,212.179780,214.921249,5019400
2025-05-07,215.050845,220.234711,213.525592,219.337509,9068800
2025-05-08,222.158738,224.142555,219.417268,221.261520,5919200
2025-05-09,223.833516,224.660943,221.301401,222.707016,3495500
2025-05-12,235.985707,237.929655,233.323991,236.673569,9246900
2025-05-13,238.308478,245.924778,237.859877,244.798279,8665600
2025-05-14,246.881792,248.666248,244.838163,247.220749,7439600
2025-05-15,244.987694,248.227613,243.322877,246.363419,6446300
2025-05-16,246.772145,246.841936,243.362756,245.655624,3800100
2025-05-19,240.651187,245.735373,240.541527,245.246887,4196100
2025-05-20,243.113518,244.848126,242.126598,244.778336,3115200
2025-05-21,242.575209,247.808924,239.275479,240.720978,6392500
2025-05-22,240.282338,242.854336,239.574548,240.063019,5185500
2025-05-23,234.500325,238.119069,233.862310,236.703476,6577200
2025-05-27,241.737811,244.927881,239.913485,244.210114,8858900
2025-05-28,244.529119,245.446279,241.159614,241.608215,10739500
2025-05-29,248.227613,248.436968,241.947152,243.322876,9120100
2025-05-30,242.475503,242.475503,234.639884,239.006302,11064700
2025-06-02,238.438073,243.273035,238.218769,242.545303,4719900
2025-06-03,242.724738,248.397091,241.598254,248.018265,7518700
2025-06-04,249.792753,251.826419,247.589602,250.969086,7258700
2025-06-05,252.952911,255.265706,248.985246,250.520477,8054100
2025-06-06,252.753530,254.797174,251.856328,251.946045,5589700
2025-06-09,254.208991,259.063880,254.208991,256.162903,10841400
2025-06-10,257.558566,261.865173,256.661364,261.257080,9763000
2025-06-11,262.782323,264.088257,258.884448,261.067657,12286000
2025-06-12,259.253298,263.181079,259.253298,262.333710,6781900
2025-06-13,256.751071,259.791628,255.255723,256.192810,11950200
2025-06-16,259.153614,264.227822,258.974180,262.563019,7497700
2025-06-17,261.625934,264.706345,260.549267,260.778564,7284700
2025-06-18,261.964865,264.088262,260.180409,261.775452,7367400
2025-06-20,264.028457,264.197912,256.422120,259.462646,11439900
2025-06-23,259.043958,261.845239,256.322415,261.107544,10420100
2025-06-24,265.105079,270.777431,264.915666,270.697693,9035500
2025-06-25,272.372475,274.416104,271.604874,274.346344,8480000
2025-06-26,276.220496,277.087822,274.097128,276.340149,6789000
2025-06-27,277.317090,279.629901,274.784991,277.556366,8170900
2025-06-30,278.832387,279.091560,276.240446,278.014923,6375800
2025-07-01,275.941358,277.197459,271.315767,274.984344,8931300
2025-07-02,273.967517,281.045499,273.808009,280.377563,8713800
2025-07-03,281.942728,284.305372,281.434300,282.740234,4443000
2025-07-07,280.886008,281.763283,277.685943,278.892212,8616400
2025-07-08,280.736453,283.846800,279.829302,282.600677,8186500
2025-07-09,283.846806,286.947144,282.690400,284.534668,6810700
2025-07-10,286.996991,287.296048,283.677303,286.628113,5635200
2025-07-11,285.581381,288.043720,284.664221,286.598206,5677000
2025-07-14,285.411908,285.631226,280.866055,284.434967,7455800
2025-07-15,290.765276,292.290529,289.180181,289.897949,9892500
2025-07-16,287.605081,288.671769,282.251743,288.382660,10065900
2025-07-17,289.150260,291.652484,287.086705,290.805115,6998300
2025-07-18,292.001426,292.420106,288.432514,289.409485,5522100
2025-07-21,289.768364,292.619477,289.499182,289.608856,5910900
2025-07-22,288.841242,288.940938,281.244883,284.484802,11537500
2025-07-23,284.415013,285.780789,282.112181,285.720947,8194600
2025-07-24,286.299164,287.375800,284.036216,286.907257,5902600
2025-07-25,285.342135,287.146518,284.175751,286.598206,4014900
2025-07-28,288.881124,290.665580,288.392654,290.506073,5671900
2025-07-29,292.649381,295.809561,290.575846,291.991425,6968700
2025-07-30,293.845687,296.457555,292.679303,295.341034,7930300
2025-07-31,293.785866,294.005185,285.162674,287.884216,9928100
2025-08-01,282.032431,286.049929,278.323969,283.069214,14032200
2025-08-04,285.401960,289.409479,284.325293,289.289856,5323200
2025-08-05,289.838135,290.426302,283.328392,286.209442,6918300
2025-08-06,283.946470,286.339050,281.892863,285.730927,6124300
2025-08-07,291.921637,293.795810,287.724704,290.216949,8069400
2025-08-08,291.024433,293.008281,289.748405,292.619476,5121600
2025-08-11,293.596441,296.168424,291.821964,292.489868,5799700
2025-08-12,294.374021,299.308648,292.240645,299.169098,7592800
2025-08-13,300.903719,302.040198,297.643874,300.345459,8959700
2025-08-14,297.075606,301.860704,296.357838,300.983459,5827000
2025-08-15,298.431394,298.431394,293.028223,294.732910,9026300
2025-08-18,294.005194,296.268141,293.865613,295.939148,5577500
2025-08-19,295.939153,296.198356,289.728497,289.967743,8191900
2025-08-20,289.100442,289.100442,280.277888,288.063660,10091000
2025-08-21,286.887313,288.970826,284.993213,286.568298,6067700
2025-08-22,286.737790,295.440690,285.651174,292.729156,5810400
2025-08-25,292.838815,294.872495,291.213866,293.008301,4965000
2025-08-26,293.905492,296.317969,293.755964,295.829498,4967100
2025-08-27,294.932281,297.175301,293.466840,296.736664,5646200
2025-08-28,297.175302,299.846981,295.061883,297.952881,7194000
2025-08-29,294.643199,294.643199,288.203246,289.389557,13420900
2025-09-02,282.211871,285.780783,280.866052,285.591370,11543700
2025-09-03,286.468612,287.036851,282.899730,285.541504,7249600
2025-09-04,284.355182,289.309766,283.418095,288.960846,8079300
2025-09-05,294.154726,294.234464,288.352772,292.370270,9809600
2025-09-08,294.224496,296.896175,293.885523,295.600189,7223200
2025-09-09,296.298034,297.065634,294.194563,296.886200,6797000
2025-09-10,299.657574,301.442030,297.843213,299.896820,10221400
2025-09-11,302.598439,304.612162,302.229591,302.987213,7312400
2025-09-12,304.113732,304.642087,302.159821,303.376038,5231900
2025-09-15,302.877579,306.277005,302.070094,306.217194,5390200
2025-09-16,307.473266,307.712543,304.622153,306.257050,4227600
2025-09-17,305.549254,306.197231,300.435162,304.303131,9647700
2025-09-18,312.577381,317.631662,311.630346,315.986786,16335600
2025-09-19,315.418544,315.528219,312.457756,314.730682,8381600
2025-09-22,315.288932,322.137647,315.019780,321.170654,11618100
2025-09-23,322.157581,324.350738,319.027306,320.702118,9159000
2025-09-24,320.403031,320.961292,316.485229,320.113922,8632200
2025-09-25,315.308894,321.031079,312.627236,320.064087,9592900
2025-09-26,320.642312,321.419892,317.153169,320.821747,6886100
2025-09-29,323.642936,325.816166,321.469706,321.659119,5833600
2025-09-30,321.748838,325.706525,321.429824,325.347626,7459900
2025-10-01,323.274093,333.073587,323.104607,332.654907,9911800
2025-10-02,338.606405,338.945346,335.516014,337.190796,8092600
2025-10-03,338.357163,339.722908,334.140273,335.635620,7770000
2025-10-06,344.388384,347.448869,342.314850,342.314850,10263200
2025-10-07,345.215845,345.594671,335.516016,336.004486,9365700
2025-10-08,335.685497,345.385295,335.376461,344.996521,7841500
2025-10-09,344.966603,346.023312,341.337879,344.139160,5565500
2025-10-10,344.896822,345.415198,323.822383,324.330811,18804500
2025-10-13,336.433158,340.031946,333.960840,338.696106,11760200
2025-10-14,332.026878,338.008266,329.225596,332.465515,7296700
2025-10-15,341.038833,342.015773,334.469278,340.719818,8283800
2025-10-16,345.096200,346.013329,338.755913,342.235077,9047500
2025-10-17,340.161549,343.860032,337.091117,341.766541,8396300
2025-10-20,344.926727,348.964152,344.587786,346.142944,6436900
2025-10-21,345.983432,346.023317,342.095536,344.228882,4391800
2025-10-22,341.796448,343.790244,331.368903,337.549683,8014200
2025-10-23,336.004478,344.837011,335.685494,343.730438,6422600
2025-10-24,349.492521,351.845216,348.734899,350.050812,5649300
2025-10-27,356.560539,359.481443,355.105046,358.823486,6663400
2025-10-28,358.494499,363.538832,357.348073,361.983643,5086000
2025-10-29,367.935127,371.623662,364.685260,367.466583,8102600
2025-10-30,366.290250,368.712705,362.422281,362.601746,6932700
2025-10-31,365.741963,367.287143,359.381749,361.893921,4917900
2025-11-03,366.549450,368.323928,363.558756,364.964386,4470500
2025-11-04,356.869581,360.667760,350.708727,351.665771,8269000
2025-11-05,352.004716,363.150029,351.625889,358.384857,8605400
2025-11-06,358.474580,359.032840,347.628324,350.000946,9600500
2025-11-07,345.465076,347.099973,335.635644,347.040161,14723200
2025-11-10,356.440889,358.883301,352.852080,357.677063,9180700
2025-11-11,354.148044,354.935602,348.655126,349.961060,7661200
2025-11-12,355.095090,356.371118,351.845192,354.427155,5870700
2025-11-13,350.539270,351.785393,340.191463,343.750397,10654800
2025-11-14,334.200104,347.827714,332.714736,343.909912,12271200
2025-11-17,340.879312,347.259453,336.004466,339.244385,6921300
2025-11-18,334.708525,336.742206,328.099086,332.256165,12933100
2025-11-19,333.771442,341.995851,332.425624,338.387085,9842300
2025-11-20,347.777829,348.694989,322.685923,324.091553,14686700
2025-11-21,323.991878,330.591338,314.072730,325.118378,17298700
2025-11-24,327.979451,339.513569,327.809965,338.068054,10650900
2025-11-25,333.691702,339.663111,326.334589,338.955322,12052700
2025-11-26,343.182150,349.213371,342.364686,346.631409,5533300
2025-11-28,348.086917,351.476365,346.631424,351.187256,3352700
2025-12-01,347.767906,353.908802,346.980348,351.865143,3902000
2025-12-02,354.746182,359.670861,353.051443,358.315063,6657900
2025-12-03,358.584249,363.449086,355.125012,363.239746,4642700
2025-12-04,362.133187,363.239729,358.484536,360.478333,3971800
2025-12-05,363.329466,367.436681,362.412337,363.289612,3619200
2025-12-08,366.958183,369.570051,364.605488,367.406769,4334300
2025-12-09,365.901466,368.413638,364.216705,367.855377,3173300
2025-12-10,367.765672,374.424944,365.791803,372.939575,5653300
2025-12-11,368.632960,370.068495,360.558080,369.739532,7499900
2025-12-12,365.851619,366.419858,351.785402,353.021545,12705900
2025-12-15,357.019116,358.085805,351.097539,351.805328,5605800
2025-12-16,350.479450,353.290709,347.229552,350.848297,5849200
2025-12-17,351.795366,351.795366,337.011351,338.187683,10780400
2025-12-18,349.751712,350.997835,344.757243,346.172852,8260200
2025-12-19,349.223350,357.417853,349.223350,355.125000,8838700
2025-12-22,362.410004,362.480011,357.769989,359.700012,4799500
2025-12-23,358.600006,363.299988,358.059998,363.160004,3542100
2025-12-24,362.700012,364.540009,362.149994,364.170013,1640500
2025-12-26,366.070007,367.350006,364.489990,365.859985,2921300
2025-12-29,362.660004,365.820007,360.820007,364.209991,4874400
2025-12-30,365.160004,366.239990,363.070007,363.309998,2927000
2025-12-31,364.829987,365.570007,360.070007,360.130005,2687300
2026-01-02,368.950012,376.339996,368.839996,373.299988,8972400
2026-01-05,381.720001,383.989990,376.940002,377.589996,9071300
2026-01-06,382.399994,389.369995,382.140015,387.619995,10201200
2026-01-07,385.200012,387.809998,383.589996,385.019989,6058900
2026-01-08,384.559998,384.739990,375.859985,378.980011,5724000
2026-01-09,382.279999,390.880005,380.079987,389.220001,6490800
2026-01-12,385.670013,391.980011,385.670013,390.660004,5532000
2026-01-13,392.269989,396.100006,390.380005,391.529999,5281600
2026-01-14,388.959991,389.339996,383.809998,388.350006,6696500
2026-01-15,401.070007,403.619995,396.119995,396.410004,9948100
2026-01-16,402.850006,405.309998,398.420013,400.390015,5485900
2026-01-20,393.160004,397.160004,389.429993,390.390015,7158500
2026-01-21,394.750000,405.880005,393.369995,401.929993,8754600
2026-01-22,408.179993,408.730011,401.570007,402.820007,5462600
2026-01-23,400.500000,403.089996,397.529999,400.089996,5869500
2026-01-26,398.399994,400.739990,396.220001,398.820007,4326900
2026-01-27,403.899994,409.390015,402.209991,407.250000,6145600
2026-01-28,415.339996,418.489990,413.130005,416.630005,7641900
2026-01-29,417.440002,420.600006,403.170013,417.519989,9352500
2026-01-30,411.279999,416.640015,400.579987,403.459991,9029000
2026-02-02,398.859985,412.040009,398.429993,407.970001,5946300
2026-02-03,411.029999,412.579987,390.519989,397.679993,12188600
2026-02-04,394.670013,396.709991,374.239990,382.019989,16908500
2026-02-05,379.140015,388.079987,375.559998,381.070007,12007800
2026-02-06,389.200012,403.079987,387.190002,401.649994,13460300
2026-02-09,398.910004,409.690002,397.000000,406.649994,5915200
2026-02-10,408.179993,408.799988,401.829987,404.760010,5645300
2026-02-11,413.839996,418.079987,406.359985,414.779999,6211200
2026-02-12,418.329987,420.040009,405.279999,406.109985,7379100
2026-02-13,408.149994,412.070007,402.489990,407.720001,6481600
2026-02-17,402.709991,410.869995,397.769989,407.510010,7312700
2026-02-18,411.440002,417.040009,408.720001,412.549988,5839900
2026-02-19,408.709991,411.000000,405.559998,410.200012,4056400
2026-02-20,407.660004,416.829987,407.179993,415.029999,5715800
2026-02-23,413.570007,417.700012,409.279999,412.880005,5842800
2026-02-24,417.220001,421.670013,411.670013,419.160004,7828900
2026-02-25,424.350006,427.940002,423.679993,426.160004,7714500
2026-02-26,423.720001,423.720001,405.559998,412.010010,14811300
2026-02-27,403.260010,409.239990,401.880005,406.369995,9049100
2026-03-02,397.250000,407.359985,396.920013,406.390015,11490200
2026-03-03,391.359985,394.540009,385.929993,391.059998,13768900
2026-03-04,396.250000,401.230011,393.100006,399.100006,8767200
2026-03-05,396.059998,401.109985,386.750000,395.350006,11793700
2026-03-06,384.970001,392.670013,378.529999,380.559998,12423200
2026-03-09,375.760010,395.359985,374.160004,394.369995,16338100
2026-03-10,394.000000,403.880005,394.000000,397.329987,13687700
2026-03-11,400.010010,404.390015,398.690002,401.029999,6024900
2026-03-12,395.459991,396.059998,386.739990,388.130005,9845200
2026-03-13,392.320007,396.329987,386.070007,387.329987,7636100
2026-03-16,395.140015,399.480011,392.640015,393.920013,10317600
2026-03-17,397.160004,397.609985,393.220001,396.880005,6646300
2026-03-18,396.959991,399.690002,393.470001,393.670013,8372400
2026-03-19,384.000000,397.529999,381.440002,394.920013,12674800
2026-03-20,394.109985,395.730011,380.869995,384.739990,12846800
2026-03-23,393.359985,399.279999,389.440002,391.359985,12742300
2026-03-24,388.029999,396.880005,387.619995,394.589996,6177200
2026-03-25,398.359985,402.500000,395.739990,399.019989,7388700
2026-03-26,391.920013,392.679993,380.299988,380.839996,14806200
2026-03-27,377.790009,381.309998,373.010010,374.250000,11811400
2026-03-30,377.619995,379.239990,359.859985,362.529999,12198200
2026-03-31,368.739990,383.500000,368.100006,383.399994,13834900
2026-04-01,388.260010,396.630005,386.380005,391.970001,10805400
2026-04-02,378.070007,393.500000,378.000000,392.320007,8505800
2026-04-06,393.750000,397.100006,391.899994,395.980011,4186100
2026-04-07,394.709991,400.089996,389.640015,399.899994,6672500
2026-04-08,423.160004,424.989990,414.989990,422.920013,10184300
2026-04-09,423.170013,430.649994,422.630005,430.309998,6018200
2026-04-10,434.450012,441.540009,434.450012,436.880005,11224200
2026-04-13,434.750000,443.640015,433.600006,443.339996,6549800
2026-04-14,448.000000,452.100006,444.239990,452.000000,6932400
2026-04-15,450.700012,453.329987,435.149994,453.000000,9155700
2026-04-16,450.730011,457.089996,447.769989,454.799988,6450700
2026-04-17,462.799988,464.579987,459.500000,464.160004,7184600
2026-04-20,464.640015,465.739990,458.649994,463.959991,3935100
2026-04-21,466.290009,468.429993,462.239990,464.660004,5598600
2026-04-22,471.049988,477.420013,467.170013,476.829987,7835200
2026-04-23,480.399994,488.079987,475.190002,481.850006,10619700
2026-04-24,499.510010,509.589996,495.459991,506.440002,12614300
2026-04-27,509.190002,510.100006,497.750000,506.260010,9040200
2026-04-28,488.190002,496.660004,483.290009,491.209991,12664800
2026-04-29,496.350006,499.579987,492.339996,499.579987,6007900
2026-04-30,504.709991,507.790009,495.019989,506.720001,8401600
2026-05-01,504.209991,511.989990,502.250000,509.820007,5308300
2026-05-04,512.469971,513.150024,501.149994,506.790009,6867500
2026-05-05,515.380005,526.200012,514.119995,522.690002,8624600
2026-05-06,537.770020,549.880005,532.349976,549.760010,15262900
2026-05-07,545.770020,549.700012,535.919983,540.099976,10905200
2026-05-08,551.580017,566.789978,549.000000,566.539978,8553700
2026-05-11,570.260010,578.059998,566.799988,576.309998,12680900
2026-05-12,565.010010,570.400024,542.669983,561.250000,17720800
2026-05-13,571.799988,576.200012,560.119995,572.460022,9586700
2026-05-14,570.840027,581.169983,567.750000,578.340027,8458700
2026-05-15,560.309998,565.880005,552.909973,556.340027,13009600
2026-05-18,565.479980,567.210022,536.869995,546.159973,12317500
2026-05-19,534.940002,553.340027,527.869995,543.960022,11905800
2026-05-20,552.750000,564.719971,551.650024,564.659973,8892200
2026-05-21,561.020020,570.599976,557.619995,567.880005,8293800
2026-05-22,574.270020,582.500000,572.859985,576.320007,7535000
2026-05-26,591.580017,603.969971,589.099976,602.140015,10008500
2026-05-27,611.940002,612.299988,584.929993,595.500000,11209000
2026-05-28,595.809998,604.739990,587.309998,599.830017,7625000
2026-05-29,606.030029,611.789978,597.119995,598.929993,7596100
2026-06-01,596.099976,613.429993,593.090027,607.809998,8649000
2026-06-02,619.599976,632.570007,614.469971,632.210022,8083500
2026-06-03,640.799988,642.770020,623.909973,637.900024,10179900
2026-06-04,613.000000,634.780029,604.609985,627.530029,10462900
2026-06-05,605.090027,607.000000,569.690002,569.690002,22038000
2026-06-08,597.210022,606.200012,588.539978,598.159973,13823900
2026-06-09,609.479980,613.690002,554.659973,591.010010,20329700
2026-06-10,580.760010,598.729980,568.289978,570.909973,12711400
2026-06-11,582.609985,611.619995,581.609985,609.450012,12196800
2026-06-12,607.950012,624.619995,602.210022,619.960022,8963300
2026-06-15,643.500000,649.239990,639.250000,647.099976,9613900
2026-06-16,643.520020,648.309998,616.000000,616.000000,10949600
2026-06-17,633.460022,643.500000,623.130005,623.969971,10658800
2026-06-18,648.549988,663.799988,648.150024,659.880005,11229700
2026-06-22,670.349976,671.830017,660.020020,668.909973,8043000
2026-06-23,625.929993,636.880005,617.270020,622.049988,19126000
2026-06-24,622.280029,625.229980,606.229980,618.919983,11902000
2026-06-25,649.369995,650.030029,613.929993,636.880005,14877600
2026-06-26,616.789978,621.710022,609.000000,611.609985,12728300
2026-06-29,615.030029,633.260010,596.169983,631.979980,10473900
2026-06-30,636.070007,659.739990,634.599976,655.890015,9406900
2026-07-01,634.349976,639.890015,618.619995,620.460022,13424700
2026-07-02,622.580017,627.700012,582.599976,592.289978,21288600
2026-07-06,607.049988,618.210022,604.049988,604.299988,9820700
2026-07-07,580.020020,585.969971,566.830017,581.450012,14619200
2026-07-08,575.330017,595.000000,575.039978,593.000000,9521300
2026-07-09,615.479980,618.169983,604.700012,607.729980,9045100
2026-07-10,600.869995,615.049988,595.840027,611.030029,6608400
2026-07-13,598.010010,599.359985,583.090027,585.619995,8736500
2026-07-14,608.900024,608.900024,590.380005,600.309998,7581100
2026-07-15,606.880005,606.880005,573.719971,590.770020,11020800
2026-07-16,575.750000,581.840027,564.450012,568.919983,12353300
2026-07-17,547.940002,567.409973,536.809998,556.530029,22058600
