date,open,high,low,close,volume
2014-01-02,149.057277,149.130203,147.842004,148.198486,119636900
2014-01-03,148.449623,148.749398,147.963521,148.174164,81390600
2014-01-06,148.660291,148.716997,147.517932,147.744781,108028200
2014-01-07,148.336190,148.903315,148.222765,148.652161,86144200
2014-01-08,148.627867,148.935740,148.174167,148.684586,96582300
2014-01-09,149.162632,149.178839,148.101295,148.781845,90683400
2014-01-10,149.032953,149.251706,148.271380,149.186890,102026400
2014-01-13,148.806122,149.219311,146.918397,147.201965,149892000
2014-01-14,147.688021,148.887099,147.412562,148.806076,105016100
2014-01-15,149.154439,149.834989,148.838469,149.608139,98525800
2014-01-16,149.300332,149.608205,148.935753,149.413757,72290600
2014-01-17,149.154534,149.438091,148.522593,148.781845,107848700
2014-01-21,149.640643,149.697362,148.303848,149.219345,88621200
2014-01-22,149.470450,149.535266,149.000543,149.316513,61270900
2014-01-23,148.563047,148.587351,147.307275,148.093140,132496900
2014-01-24,147.129040,147.177649,144.884832,144.933441,208677100
2014-01-27,145.071137,145.443826,143.499382,144.220444,180843100
2014-01-28,144.325794,145.265608,144.309587,145.079269,110463200
2014-01-29,143.872068,144.657946,143.304944,143.685730,216597300
2014-01-30,144.884825,145.678800,144.423015,145.208893,118938100
2014-01-31,143.410289,145.257502,143.337375,144.358200,194677900
2014-02-03,144.188115,144.512183,140.833962,141.109421,254837100
2014-02-04,141.741342,142.462404,141.060792,142.097824,165012400
2014-02-05,141.603585,142.235526,140.736697,141.919556,164230500
2014-02-06,142.251736,143.791077,141.960070,143.791077,132877600
2014-02-07,144.463586,145.727469,143.993679,145.573532,170787200
2014-02-10,145.589727,145.889503,145.192746,145.840881,92218800
2014-02-11,145.962335,147.809548,145.865105,147.436859,117814100
2014-02-12,147.655638,148.125545,147.218145,147.509811,94717700
2014-02-13,146.513315,148.425345,146.505217,148.271408,100542200
2014-02-14,148.133655,149.365135,147.995925,149.089676,96498400
2014-02-18,149.219323,149.470490,148.789928,149.267944,80460900
2014-02-19,148.879053,149.843171,148.157991,148.279526,126524300
2014-02-20,148.481997,149.494724,147.939177,149.154449,104998100
2014-02-21,149.438106,149.794588,148.911492,148.984406,118116400
2014-02-24,149.300342,150.815378,149.235526,149.810760,114063900
2014-02-25,149.932254,150.361649,149.259802,149.754013,117085000
2014-02-26,149.972774,150.369767,149.340833,149.762131,98677200
2014-02-27,149.543359,150.588488,149.373215,150.547989,93880800
2014-02-28,150.523742,151.625590,149.924215,150.928833,150842000
2014-03-03,149.600116,150.248264,148.870957,149.867477,167748500
2014-03-04,151.333902,152.298021,151.301501,151.973953,167545900
2014-03-05,152.103551,152.370913,151.868592,152.111649,88376900
2014-03-06,152.484369,152.808437,152.135985,152.460052,82516500
2014-03-07,153.092009,153.092009,151.852419,152.524872,114513500
2014-03-10,152.289896,152.500539,151.568834,152.443832,74939200
2014-03-11,152.670679,152.889432,151.341981,151.690353,99009100
2014-03-12,150.953067,151.787554,150.612780,151.730835,104824400
2014-03-13,152.184582,152.306117,149.608210,150.029495,155014300
2014-03-14,149.762076,150.531746,149.429898,149.608139,153919600
2014-03-17,150.361658,151.317679,150.296842,150.961197,98359500
2014-03-18,151.269057,152.241272,151.107010,152.038727,101804600
2014-03-19,152.054923,152.265578,150.264428,151.228546,176267300
2014-03-20,150.896376,152.225074,150.629014,152.111649,117241000
2014-03-21,152.750449,153.816470,151.383330,151.521667,163128000
2014-03-24,152.042451,152.229624,150.235908,150.895050,121411000
2014-03-25,151.659999,152.123847,150.764873,151.611176,103852000
2014-03-26,152.205255,152.449384,150.480092,150.520782,119843000
2014-03-27,150.341722,150.821836,149.650023,150.203384,142383000
2014-03-28,150.634646,151.700667,150.545133,150.943878,101642000
2014-03-31,151.904127,152.416798,150.968311,152.180801,99745000
2014-04-01,152.677224,153.279409,152.172698,153.189896,89193000
2014-04-02,153.385119,153.905923,153.100299,153.702484,78774000
2014-04-03,153.938554,153.979244,153.027149,153.499130,77435000
2014-04-04,154.337291,154.369836,151.440316,151.684433,169381000
2014-04-07,151.318238,151.570500,149.698868,150.008087,140803000
2014-04-08,149.942990,150.870674,149.397774,150.626556,112660000
2014-04-09,151.033420,152.294734,150.593984,152.245911,100254000
2014-04-10,152.237780,152.311015,148.860678,149.047852,172959000
2014-04-11,148.217810,149.259419,147.542390,147.705139,167251000
2014-04-14,148.860705,149.218761,147.648214,148.868851,132382000
2014-04-15,149.178052,149.999942,147.705140,149.894150,157093000
2014-04-16,150.927654,151.472870,150.260367,151.464737,105197000
2014-04-17,151.261258,152.099427,151.000849,151.676270,105255000
2014-04-21,151.716968,152.254051,151.529808,152.205215,68329000
2014-04-22,152.359874,153.311969,152.278506,152.896957,85790000
2014-04-23,152.839978,152.921347,152.416821,152.538879,73869000
2014-04-24,153.287553,153.303832,152.115740,152.848129,88170000
2014-04-25,152.351741,152.441255,151.253163,151.594940,100380000
2014-04-28,152.213349,152.734154,150.512599,152.075012,135121000
2014-04-29,152.563256,153.018958,152.237758,152.782974,84098000
2014-04-30,152.530713,153.393294,152.319128,153.238678,101508000
2014-05-01,153.165445,153.669971,152.766700,153.254959,93019000
2014-05-02,153.238687,153.914107,152.807397,153.035248,98122000
2014-05-05,152.286577,153.433978,151.863420,153.328186,75883000
2014-05-06,152.986438,153.092230,151.961108,151.993652,85454000
2014-05-07,152.506373,152.962075,151.367104,152.888840,106500000
2014-05-08,152.750453,153.840885,152.237781,152.726028,93618000
2014-05-09,152.750449,153.018978,152.034338,152.953888,83679000
2014-05-12,153.637442,154.516302,152.986434,154.443054,86940000
2014-05-13,154.646480,154.955712,154.426774,154.581390,66454000
2014-05-14,154.443146,154.516393,153.629388,153.849106,72367000
2014-05-15,153.539778,153.572335,151.749513,152.498169,154956000
2014-05-16,152.587679,153.092217,151.944816,153.027115,97458000
2014-05-19,152.734175,153.710682,152.595838,153.588623,63839000
2014-05-20,153.515365,153.531644,152.229639,152.620239,111644000
2014-05-21,153.059661,153.979211,153.035249,153.905975,89093000
2014-05-22,153.946660,154.597669,153.686264,154.280304,61549000
2014-05-23,154.418647,155.004553,154.280309,154.898773,61092800
2014-05-27,155.476588,155.899745,155.387074,155.850922,72010000
2014-05-28,155.850910,156.095040,155.476576,155.736984,66723000
2014-05-29,156.095000,156.566968,155.696254,156.542557,64377000
2014-05-30,156.396097,156.892490,156.265893,156.794830,76316000
2014-06-02,157.014522,157.047079,156.217043,156.973831,64656000
2014-06-03,156.591403,156.973870,156.444933,156.892502,65047000
2014-06-04,156.623917,157.299337,156.461168,157.209824,55529000
2014-06-05,157.388866,158.397917,156.811093,158.235168,92103000
2014-06-06,158.576980,159.032682,158.503745,158.992004,78696000
2014-06-09,158.967609,159.537237,158.821126,159.154770,65119000
2014-06-10,158.959420,159.203550,158.617644,159.171005,57129000
2014-06-11,158.601367,158.780394,158.259590,158.617645,68772000
2014-06-12,158.430473,158.519987,157.144734,157.494644,106350000
2014-06-13,157.803898,158.129408,157.299372,157.974792,82017000
2014-06-16,157.779467,158.438609,157.592306,158.104965,87424000
2014-06-17,157.885216,158.658283,157.714321,158.544357,84834000
2014-06-18,158.544401,159.797583,158.194479,159.708069,105267000
2014-06-19,159.846410,159.984760,159.333751,159.887100,85929000
2014-06-20,160.285332,160.342574,160.015504,160.211746,100587000
2014-06-23,160.252571,160.301628,159.868271,160.162628,70611000
2014-06-24,159.876518,160.669646,159.017975,159.197861,96237000
2014-06-25,158.862619,160.080933,158.829919,159.917404,82782000
2014-06-26,159.941872,159.958229,158.731743,159.802872,84312000
2014-06-27,159.426745,160.162644,159.353159,160.113586,71445100
2014-06-30,160.015458,160.399758,159.876458,160.031815,70201200
2014-07-01,160.424309,161.593566,160.367080,161.102966,90470000
2014-07-02,161.119353,161.470940,161.045767,161.266525,52475000
2014-07-03,161.724374,162.133202,161.601730,162.059616,52938800
2014-07-07,161.748922,161.879737,161.258323,161.495438,61696000
2014-07-08,161.201136,161.258378,160.064593,160.457077,108143000
2014-07-09,160.857658,161.323729,160.514244,161.176544,72992000
2014-07-10,159.622986,160.963942,159.492157,160.538757,99040000
2014-07-11,160.440681,160.874039,160.080910,160.759567,64243000
2014-07-14,161.577188,161.781602,161.438187,161.569016,58658000
2014-07-15,161.667182,161.977896,160.555168,161.266525,111307000
2014-07-16,161.986001,162.108645,161.421816,161.863358,79986400
2014-07-17,161.364623,161.977866,159.794711,160.023666,145398000
2014-07-18,160.546891,161.822434,160.456949,161.658905,124330000
2014-07-21,161.151985,161.487228,160.612329,161.356400,67592000
2014-07-22,161.904259,162.353973,161.789788,162.059616,67678000
2014-07-23,162.304916,162.591101,161.977859,162.419388,65612000
2014-07-24,162.574721,162.762778,162.264007,162.427536,56888000
2014-07-25,161.969643,162.108643,161.348229,161.667114,76837000
2014-07-28,161.699785,161.969613,160.767657,161.732498,69259000
2014-07-29,162.035079,162.264022,161.013008,161.037537,80466000
2014-07-30,161.609901,161.822500,160.391601,161.062073,104222000
2014-07-31,159.941831,160.080831,157.783218,157.881332,183479000
2014-08-01,157.448075,158.429261,156.638602,157.399017,189261000
2014-08-04,157.701539,158.870795,157.031067,158.535553,91340000
2014-08-05,157.889577,158.298406,156.425964,156.998322,152690000
2014-08-06,156.262422,157.717851,156.237894,157.047379,94818000
2014-08-07,157.758734,157.914091,155.804534,156.197006,135733000
2014-08-08,156.548660,158.110376,156.131647,158.004089,117014000
2014-08-11,158.600914,159.165100,158.388328,158.461914,74544000
2014-08-12,158.306610,158.748139,157.758781,158.241196,73632000
2014-08-13,158.862573,159.492172,158.592757,159.312286,69047000
2014-08-14,159.573988,160.064575,159.426804,160.064575,57371000
2014-08-15,160.645057,160.792230,158.878915,160.031815,139951000
2014-08-18,160.914932,161.446404,160.824989,161.372818,75424000
2014-08-19,161.765237,162.337594,161.438179,162.214951,59135000
2014-08-20,161.994203,162.844573,161.961502,162.648331,72763000
2014-08-21,162.787331,163.335160,162.656503,163.122574,67791000
2014-08-22,162.991769,163.277954,162.501182,162.869125,76107000
2014-08-25,163.645874,164.013817,162.836389,163.694931,63855000
2014-08-26,163.801254,164.201911,163.760369,163.801254,47298000
2014-08-27,163.883012,163.997496,163.482368,163.735840,47874000
2014-08-28,163.196175,163.752189,163.032646,163.645889,58330000
2014-08-29,163.899324,164.128267,163.384209,164.111923,65907000
2014-09-02,164.324493,164.349022,163.416893,164.030136,72426000
2014-09-03,164.659758,164.684287,163.711273,163.940216,57462000
2014-09-04,164.218210,164.823280,163.253381,163.703094,85236000
2014-09-05,163.670426,164.504440,163.049011,164.439026,102177000
2014-09-08,164.283607,164.520734,163.531364,164.013779,64146000
2014-09-09,163.866661,163.981133,162.640176,162.975418,88591000
2014-09-10,163.065341,163.694940,162.525697,163.588654,67251000
2014-09-11,162.934502,163.801216,162.811846,163.776688,66774400
2014-09-12,163.613166,163.629510,162.353967,162.820038,117409300
2014-09-15,162.844572,162.975401,162.206801,162.697388,76401000
2014-09-16,162.394829,164.218200,162.304886,163.923843,116201000
2014-09-17,164.160995,164.905053,163.326981,164.144638,151266000
2014-09-18,164.643358,165.044014,164.430772,165.019485,94990000
2014-09-19,165.544468,165.856622,164.534040,164.870850,121649000
2014-09-22,164.583334,164.607978,163.252530,163.597549,125553000
2014-09-23,163.006046,163.687875,162.611739,162.661026,111393000
2014-09-24,162.685720,164.041168,162.258560,163.934372,107276000
2014-09-25,163.507175,163.515398,161.231688,161.289185,150300000
2014-09-26,161.584876,162.973177,161.354863,162.570648,103547000
2014-09-29,161.174184,162.562486,161.050968,162.274963,95112000
2014-09-30,162.398198,162.899301,161.510999,161.847809,131302000
2014-10-01,161.584948,161.642458,159.293027,159.654480,177798000
2014-10-02,159.514817,160.237723,158.011521,159.679123,157285000
2014-10-03,160.747036,161.782108,160.254156,161.437088,121569000
2014-10-06,162.110694,162.324287,160.664895,161.248138,104778000
2014-10-07,160.418440,160.779893,158.726195,158.759048,147913000
2014-10-08,158.849404,161.765658,158.019715,161.535645,186461000
2014-10-09,161.281001,161.502804,158.200454,158.331894,210705000
2014-10-10,158.290784,159.079397,156.483533,156.524597,221909000
2014-10-13,156.458913,157.025723,153.863036,153.953400,230939000
2014-10-14,154.783040,155.933118,153.649395,154.191574,215847000
2014-10-15,152.105092,154.183433,149.443495,153.148361,380715000
2014-10-16,150.379908,154.092996,150.240259,153.016861,270391000
2014-10-17,154.783097,155.875665,154.125911,154.824173,214625000
2014-10-20,154.544861,156.450686,154.495574,156.327469,130011000
2014-10-21,157.461046,159.531176,157.296753,159.424393,154949000
2014-10-22,159.703685,160.114425,158.225021,158.290741,151822000
2014-10-23,159.876294,161.174233,159.580561,160.130951,154944000
2014-10-24,160.393759,161.412397,159.769440,161.363098,117927000
2014-10-27,160.788100,161.379566,160.213067,161.141342,82954000
2014-10-28,161.683506,162.997865,161.609563,162.989655,106736000
2014-10-29,163.104678,163.572914,161.667089,162.743225,142557000
2014-10-30,162.307849,164.254751,162.159977,163.786514,113330000
2014-10-31,165.758058,165.790925,164.928369,165.659485,146903000
2014-11-03,165.873034,166.308417,165.371931,165.749817,93600000
2014-11-04,165.306217,165.610172,164.345088,165.174789,93343000
2014-11-05,166.382372,166.423448,165.486963,166.218079,91709000
2014-11-06,166.259179,166.973862,165.643070,166.883499,107089000
2014-11-07,166.899901,167.253143,166.439875,167.039551,89540000
2014-11-10,167.072412,167.614579,166.867043,167.565292,66319000
2014-11-11,167.631026,167.836395,167.294216,167.729599,54499400
2014-11-12,167.047710,167.778826,167.014844,167.548813,90120300
2014-11-13,167.713150,168.263539,166.932747,167.737793,85357900
2014-11-14,167.663894,167.984270,167.351727,167.778900,80417500
2014-11-17,167.458475,168.058151,167.294170,167.885635,80441000
2014-11-18,167.943199,169.158985,167.943199,168.855042,76068100
2014-11-19,168.657884,168.855043,167.828195,168.583954,82373000
2014-11-20,167.795356,168.986511,167.729636,168.879715,72840300
2014-11-21,170.571874,170.736167,169.208216,169.783249,142327300
2014-11-24,170.185790,170.366516,169.972210,170.259720,65880800
2014-11-25,170.489735,170.695105,169.881849,170.136505,79108300
2014-11-26,170.284392,170.670488,170.070812,170.571915,62167800
2014-11-28,170.448670,170.760823,169.972211,170.210434,57890100
2014-12-01,169.553288,169.668295,168.715389,169.027542,103968400
2014-12-02,169.068534,170.325395,169.043891,170.120026,74507200
2014-12-03,170.292613,170.990863,170.128320,170.777283,68952000
2014-12-04,170.489793,171.089482,169.799753,170.588379,91316600
2014-12-05,170.760879,171.253772,170.498013,170.867676,91025500
2014-12-08,170.473318,170.966198,169.167157,169.725769,108588200
2014-12-09,167.885638,169.717545,167.507764,169.610748,125180100
2014-12-10,169.150776,169.208273,166.702759,166.891708,159856400
2014-12-11,167.483136,169.380751,167.343487,167.737793,159012800
2014-12-12,166.464536,167.433887,164.994093,165.026947,202330200
2014-12-15,165.922334,166.374150,163.293604,163.893280,189965800
2014-12-16,163.129323,166.267367,162.537857,162.578934,259543800
2014-12-17,163.014288,166.218051,162.891059,165.766235,253910100
2014-12-18,168.189621,174.950390,167.516002,169.865433,257633900
2014-12-19,170.513906,171.257326,169.836582,170.588257,245084600
2014-12-22,170.778194,171.372925,170.538656,171.372925,148318900
2014-12-23,171.951080,172.000639,171.315047,171.604156,122167900
2014-12-24,171.827277,172.091594,171.579470,171.620773,42963400
2014-12-26,172.066793,172.512847,172.017235,172.174179,57326700
2014-12-29,171.992465,172.611975,171.926383,172.405472,79643900
2014-12-30,171.984139,172.116291,171.405920,171.480270,73540800
2014-12-31,171.802444,171.967644,169.654805,169.778702,130333800
2015-01-02,170.472512,170.885518,168.655274,169.687790,121465900
2015-01-05,168.647112,168.812312,166.317762,166.623383,169632600
2015-01-06,166.928965,167.449357,164.260947,165.053925,209151400
2015-01-07,166.375551,167.449371,165.929510,167.110703,125346700
2015-01-08,168.514886,170.290821,168.498375,170.076050,147217800
2015-01-09,170.489042,170.505566,168.101865,168.713120,158567300
2015-01-12,168.845378,169.002322,166.788600,167.391586,144396100
2015-01-13,168.605823,169.729201,165.623914,166.920761,214553300
2015-01-14,164.913513,166.111242,164.021430,165.912994,192991100
2015-01-15,166.548976,166.862852,164.277440,164.393082,176613900
2015-01-16,164.186568,166.705910,164.004845,166.548965,211879600
2015-01-20,167.185016,167.449346,165.343011,166.904175,130991100
2015-01-21,166.441587,168.225778,165.979022,167.746689,122942700
2015-01-22,168.498384,170.373424,167.127200,170.241272,174356000
2015-01-23,169.985216,170.241291,169.175727,169.307892,117516800
2015-01-26,169.093135,169.795238,168.382763,169.704376,92009700
2015-01-27,167.655907,168.605817,166.639914,167.465927,134044600
2015-01-28,168.647131,168.746248,165.128319,165.318298,168514300
2015-01-29,165.516523,167.102467,164.112291,166.846405,173585400
2015-01-30,165.673434,166.995047,164.483973,164.748291,197729700
2015-02-02,165.243919,166.879421,163.434948,166.788559,163107000
2015-02-03,167.680624,169.208753,167.308921,169.200485,124212900
2015-02-04,168.440526,169.646511,168.101858,168.556168,134306700
2015-02-05,169.217056,170.406517,169.142718,170.257828,97953200
2015-02-06,170.621225,171.182921,169.266565,169.786957,125672000
2015-02-09,169.142680,169.861307,168.622288,169.027039,87219000
2015-02-10,170.059497,171.083744,169.068271,170.827682,96164200
2015-02-11,170.662501,171.356349,170.018212,170.926819,91087800
2015-02-12,171.719901,172.628521,170.959971,172.570694,97545900
2015-02-13,172.694589,173.330610,172.438515,173.281052,93670400
2015-02-17,172.967145,173.727088,172.719351,173.553619,76968200
2015-02-18,173.181872,173.644437,172.917542,173.570099,80652900
2015-02-19,172.975407,173.809676,172.834986,173.446228,91462500
2015-02-20,173.033239,174.561368,172.413729,174.487030,140896400
2015-02-23,174.239192,174.462219,173.859221,174.462219,74411100
2015-02-24,174.387889,175.156088,174.090524,174.957840,72472300
2015-02-25,174.833892,175.312981,174.470444,174.809113,73061700
2015-02-26,174.718257,174.875201,173.999617,174.602615,72697900
2015-02-27,174.503535,174.767865,173.958376,174.007935,108076000
2015-03-02,174.107010,175.164305,174.057451,175.106491,87491400
2015-03-03,174.676973,175.156062,173.528815,174.387863,110325800
2015-03-04,173.793115,173.867466,172.686261,173.652695,114497200
2015-03-05,173.974773,174.123462,173.338753,173.842621,76873000
2015-03-06,172.983664,173.413194,171.067320,171.397720,188128000
2015-03-09,171.595939,172.463242,171.438994,172.108063,89818900
2015-03-10,170.745158,170.827752,169.274844,169.316147,157121300
2015-03-11,169.572268,169.745737,168.837117,168.919724,110145700
2015-03-12,169.547418,171.133361,169.497859,171.067291,93993500
2015-03-13,170.794673,171.752838,168.985703,170.018219,162410900
2015-03-16,170.745140,172.380642,170.043023,172.289780,136099200
2015-03-17,171.554607,172.157593,170.968132,171.777634,94510400
2015-03-18,171.306756,174.511689,170.670723,173.842621,228808500
2015-03-19,173.429700,173.850962,172.661501,173.049728,117917300
2015-03-20,173.996391,175.083296,173.813856,174.577179,177715100
2015-03-23,174.585441,175.157936,174.236969,174.236969,71784500
2015-03-24,174.112570,174.568895,173.191603,173.257980,77805300
2015-03-25,173.465404,173.697719,170.677611,170.719086,159521700
2015-03-26,170.055356,171.225224,169.358398,170.312561,153067200
2015-03-27,170.196351,170.876699,170.005511,170.702469,118939000
2015-03-30,171.731327,173.083742,171.714742,172.785049,96180400
2015-03-31,171.963677,172.660635,171.216952,171.275024,126768700
2015-04-01,171.241761,171.266651,169.681921,170.669266,137303600
2015-04-02,170.602919,171.731312,170.420384,171.283279,86900900
2015-04-06,170.395562,172.951040,170.262819,172.436630,114368200
2015-04-07,172.461498,173.208223,171.947088,171.980270,81236300
2015-04-08,172.204270,173.000775,171.814310,172.561035,89351900
2015-04-09,172.395111,173.556686,171.905591,173.324371,85548900
2015-04-10,173.573288,174.311721,173.374168,174.270233,72722900
2015-04-13,174.129160,174.759740,173.432215,173.481995,74436600
2015-04-14,173.282881,173.996424,172.660606,173.813889,75099900
2015-04-15,174.278518,175.099913,174.195543,174.593796,99529300
2015-04-16,174.261881,175.050093,174.062748,174.543976,68934900
2015-04-17,173.357510,173.598117,171.756182,172.536102,191113200
2015-04-20,173.457094,174.444439,173.374132,174.112564,92189500
2015-04-21,174.792970,174.950615,173.606505,173.905197,72559800
2015-04-22,174.245373,174.942331,173.324405,174.759796,78264600
2015-04-23,174.361488,175.846659,174.245331,175.199493,102585900
2015-04-24,175.614308,175.871513,175.157970,175.606003,61327400
2015-04-27,176.170184,176.294634,174.685014,174.875854,79358100
2015-04-28,174.850975,175.481543,173.681095,175.431763,86863500
2015-04-29,174.543996,175.307318,173.905136,174.709946,125684900
2015-04-30,174.137539,174.527499,172.262408,172.959366,161304900
2015-05-01,173.739141,174.875838,173.639581,174.834351,103399700
2015-05-04,175.257532,175.913002,175.149679,175.332214,70927200
2015-05-05,175.091637,175.448415,173.183324,173.324371,113326200
2015-05-06,173.871896,174.178880,171.548734,172.610748,135060200
2015-05-07,172.511211,173.722578,172.179336,173.299423,88244900
2015-05-08,174.967176,175.780279,174.884201,175.581146,155877300
2015-05-11,175.539667,175.805164,174.668479,174.743149,75708100
2015-05-12,173.913474,174.759772,173.092066,174.220459,119727600
2015-05-13,174.627009,175.249285,174.021332,174.253647,94667900
2015-05-14,175.265853,176.161931,174.992051,176.070663,95934000
2015-05-15,176.261536,176.402583,175.780308,176.261536,76510100
2015-05-18,176.095600,177.058043,176.029223,176.809143,74549700
2015-05-19,176.925280,177.199083,176.468943,176.751038,72114600
2015-05-20,176.850551,177.373266,176.311251,176.626541,76857500
2015-05-21,176.485473,177.348355,176.319523,177.140930,64764600
2015-05-22,176.759294,177.174144,176.651442,176.717819,57433500
2015-05-26,176.228236,176.651391,174.402899,174.817749,124308600
2015-05-27,175.274141,176.709518,174.867583,176.477203,93214000
2015-05-28,176.170226,176.385944,175.589439,176.278091,74974600
2015-05-29,176.211755,176.253230,174.917425,175.182922,124919600
2015-06-01,175.846627,176.178502,174.751417,175.539642,93338800
2015-06-02,175.083368,176.054116,174.461093,175.365463,91531000
2015-06-03,175.896471,176.452369,175.340573,175.830093,87820900
2015-06-04,175.124815,175.780272,174.029604,174.344894,151882800
2015-06-05,174.195544,174.718259,173.390733,174.046204,121704700
2015-06-08,173.938392,174.087745,172.901267,172.975937,89063300
2015-06-09,172.950958,173.490271,172.320391,172.950958,105034700
2015-06-10,173.714310,175.406906,173.656238,175.025238,134551300
2015-06-11,175.464969,175.971087,175.232654,175.589432,73876400
2015-06-12,174.768046,175.464991,173.971528,174.245331,135382400
2015-06-15,173.108621,173.780676,172.403371,173.498581,124384200
2015-06-16,173.349263,174.527448,173.175033,174.444473,85308200
2015-06-17,174.726517,175.332207,173.705989,174.726517,126708600
2015-06-18,175.323934,177.008224,174.759744,176.543594,165867900
2015-06-19,176.301808,176.376842,175.384694,175.759872,130478700
2015-06-22,176.677002,177.243937,176.451890,176.660324,70696000
2015-06-23,176.868733,177.118857,176.393510,176.785355,68476800
2015-06-24,176.518547,176.893726,175.476377,175.501389,92307300
2015-06-25,176.001641,176.126696,174.892771,174.967804,97107400
2015-06-26,175.326308,175.568098,174.384195,174.934464,104174800
2015-06-29,173.458798,174.942847,171.191034,171.266068,202621300
2015-06-30,172.800131,172.850166,171.149337,171.624573,182925100
2015-07-01,173.191985,173.442108,172.216515,173.000229,135979900
2015-07-02,173.475536,173.642281,172.425020,172.841888,104373700
2015-07-06,171.557837,173.125252,171.357736,172.349884,117975400
2015-07-07,172.549988,173.558802,170.173836,173.433746,173820200
2015-07-08,172.099793,172.383260,170.290588,170.524033,164020100
2015-07-09,172.616683,172.875152,170.724112,170.832489,144113100
2015-07-10,172.825078,173.400358,170.874140,172.983490,129456900
2015-07-13,174.242464,175.001154,174.200774,174.892776,106069400
2015-07-14,174.851155,175.960026,174.792788,175.651535,81709600
2015-07-15,175.693184,176.151741,175.117904,175.593140,97914100
2015-07-16,176.643638,177.002151,176.401861,177.002151,106683300
2015-07-17,176.993825,177.210605,176.585303,177.152237,89030000
2015-07-20,177.377297,177.735798,176.927086,177.243896,70446800
2015-07-21,177.110513,177.368982,176.243434,176.543579,77965000
2015-07-22,175.859976,176.560324,175.826632,176.226822,88667900
2015-07-23,176.360214,176.460258,174.876164,175.234665,90509100
2015-07-24,175.334694,175.393049,173.083610,173.417099,117755000
2015-07-27,172.533302,173.041881,171.966355,172.408234,132361100
2015-07-28,173.242010,174.667704,172.416619,174.525970,123544800
2015-07-29,174.651036,175.951662,174.509302,175.726562,105791300
2015-07-30,175.217981,175.934994,174.601011,175.768250,91304400
2015-07-31,176.268424,176.293435,175.217921,175.501389,103266900
2015-08-03,175.468053,175.526408,173.958981,174.909439,113965700
2015-08-04,174.834401,175.292958,174.084043,174.567612,81820800
2015-08-05,175.459725,176.176738,174.859434,175.142914,85786800
2015-08-06,175.326315,175.434704,173.125252,173.708878,116030800
2015-08-07,173.550533,173.700599,172.475006,173.375443,117858000
2015-08-10,174.484303,175.643196,174.484303,175.559830,80270700
2015-08-11,174.225801,174.642669,173.216975,173.975677,126081400
2015-08-12,172.675083,174.367566,171.216045,174.184143,172123700
2015-08-13,174.025671,174.709340,173.425380,173.967316,89383300
2015-08-14,173.775564,174.676001,173.633831,174.600967,72786500
2015-08-17,174.009032,175.576447,173.550474,175.576447,79072600
2015-08-18,175.301347,175.651514,174.834457,175.067902,71692700
2015-08-19,174.325851,175.092887,172.875159,173.683884,172946000
2015-08-20,172.174797,173.658846,169.998746,170.057114,194327900
2015-08-21,168.189522,170.032084,164.679502,164.937958,346588500
2015-08-24,156.317161,164.646175,152.073435,157.992966,507244300
2015-08-25,162.936987,162.953666,155.841900,156.133713,369833100
2015-08-26,160.144000,162.403418,157.050834,162.128296,339257000
2015-08-27,164.262720,166.263681,162.753659,166.138626,274143900
2015-08-28,165.496629,166.613832,165.013060,166.146942,160414400
2015-08-31,165.171457,166.021871,164.254342,164.804611,163298800
2015-09-01,161.011049,162.386721,159.018421,159.885513,256000400
2015-09-02,162.261721,162.962069,160.427504,162.920380,160269300
2015-09-03,163.629040,165.121434,162.545193,163.037094,152087800
2015-09-04,160.785963,161.628031,159.752126,160.569183,207081000
2015-09-08,163.362234,164.754571,162.720253,164.604492,116025700
2015-09-09,166.180263,166.305318,162.036594,162.403427,149347700
2015-09-10,162.211659,164.429400,161.953203,163.287186,158611100
2015-09-11,162.895369,164.095952,162.186689,164.029251,119691200
2015-09-14,164.204246,164.254268,162.936964,163.420532,79452000
2015-09-15,163.920810,165.905105,163.378887,165.463226,113806200
2015-09-16,165.763379,167.089016,165.421544,166.897247,99581600
2015-09-17,166.763870,169.156688,166.146901,166.522079,276046600
2015-09-18,164.018779,166.507837,163.390226,163.800873,223657500
2015-09-21,164.630574,165.669773,163.599751,164.647339,105726200
2015-09-22,162.485128,162.971211,161.378869,162.510269,153890900
2015-09-23,162.677839,163.147156,161.672157,162.250427,92790600
2015-09-24,161.035235,162.124729,159.702706,161.663788,159378800
2015-09-25,163.122074,163.423780,160.750332,161.621933,155054800
2015-09-28,160.725126,160.834079,157.255516,157.565598,178515900
2015-09-29,157.783509,159.015474,156.660485,157.657791,159045600
2015-09-30,159.543419,160.767007,158.764020,160.599396,163452000
2015-10-01,160.976588,161.320200,159.082553,161.018494,131079000
2015-10-02,159.040602,163.448847,158.495849,163.423706,211003300
2015-10-05,164.647346,166.558146,164.538393,166.331863,126320800
2015-10-06,166.197763,166.759269,165.099893,165.761963,110274500
2015-10-07,166.692250,167.471663,165.502192,167.119675,124307300
2015-10-08,166.734141,168.913130,166.432435,168.628189,153055200
2015-10-09,168.770651,169.206438,168.100192,168.728745,107069200
2015-10-12,168.804173,169.089114,168.376762,168.887985,56395600
2015-10-13,168.158831,169.424326,167.655997,167.823608,88038700
2015-10-14,167.764925,168.343196,166.725726,167.019043,99106200
2015-10-15,167.681134,169.591933,167.312381,169.583557,134142200
2015-10-16,169.985815,170.371321,169.223168,170.354568,114580100
2015-10-19,169.709268,170.438385,169.399186,170.438385,76523900
2015-10-20,170.002611,170.832293,169.751187,170.220505,78448500
2015-10-21,170.639473,170.790320,168.996850,169.164474,102038000
2015-10-22,170.111494,172.231811,169.164483,172.022293,174911700
2015-10-23,173.690157,174.276804,172.893992,173.908051,144442300
2015-10-26,173.731999,173.790658,173.111823,173.480576,69033000
2015-10-27,172.810089,173.480548,172.466477,173.145325,77905800
2015-10-28,173.480557,175.139933,172.818487,175.114792,135906700
2015-10-29,174.611981,175.383005,174.494652,175.014252,90525500
2015-10-30,175.207018,175.525489,174.100772,174.259995,131076900
2015-11-02,174.586841,176.514393,174.461123,176.321640,86270800
2015-11-03,175.969613,177.385954,175.743331,176.832825,95246100
2015-11-04,177.126157,177.251863,175.760099,176.296463,96224500
2015-11-05,176.355142,176.816083,175.232131,176.120483,78408700
2015-11-06,175.776925,176.263007,174.704195,176.028336,110471500
2015-11-09,175.416550,175.567410,173.438703,174.385727,131008700
2015-11-10,173.908033,174.821540,173.639857,174.788010,75874600
2015-11-11,175.056138,175.106420,174.033691,174.100739,67846000
2015-11-12,173.061595,173.530913,171.653643,171.670395,121315200
2015-11-13,171.259747,171.527923,169.659029,169.742828,153577100
2015-11-16,169.558383,172.382676,169.441041,172.324005,117645200
2015-11-17,172.634134,173.514098,171.703875,172.198334,121123700
2015-11-18,172.676009,175.072890,172.634115,174.930420,121342500
2015-11-19,174.813119,175.198637,174.486272,174.779602,88220500
2015-11-20,175.533849,176.095354,175.039390,175.416519,94011500
2015-11-23,175.475178,175.978012,174.754437,175.215378,64931200
2015-11-24,174.209704,175.852328,173.824199,175.450058,98874400
2015-11-25,175.575758,175.776900,175.165099,175.424911,51980100
2015-11-27,175.517084,175.827179,175.039391,175.626038,37317800
2015-11-30,175.785264,175.902594,174.787958,174.896912,112822700
2015-12-01,175.525513,176.682055,175.248948,176.564713,97858400
2015-12-02,176.514443,176.832914,174.511455,174.762878,108441300
2015-12-03,175.014262,175.282438,171.594933,172.315674,166224200
2015-12-04,172.315658,175.969645,172.315658,175.676315,192913900
2015-12-07,175.349447,175.768482,173.648165,174.611954,102027100
2015-12-08,173.053109,174.561625,172.458073,173.438614,103372400
2015-12-09,172.801705,174.888492,171.117176,172.089340,162401500
2015-12-10,172.156471,173.840988,171.921812,172.533600,116128900
2015-12-11,170.421662,171.083732,168.879602,169.189697,211173300
2015-12-14,169.348938,170.170243,167.572219,170.044525,182385200
2015-12-15,171.553010,172.734692,170.019339,171.829575,154069600
2015-12-16,172.952611,174.645517,171.636847,174.343811,197017000
2015-12-17,174.653851,174.720899,171.670323,171.687088,173092500
2015-12-18,170.946935,171.081815,168.468342,168.628525,251393500
2015-12-21,169.800371,170.196610,168.687528,170.019562,99094300
2015-12-22,170.904733,171.857392,169.918356,171.562317,111026200
2015-12-23,172.565575,173.728999,172.472838,173.686844,110987200
2015-12-24,173.433952,173.948218,173.181032,173.400223,48539600
2015-12-28,172.708922,173.046140,171.933310,173.003998,65899900
2015-12-29,174.099975,175.179088,174.066258,174.850296,92640700
2015-12-30,174.605731,174.690042,173.467598,173.610916,63317700
2015-12-31,172.936575,173.577295,171.874313,171.874313,114877900
2016-01-04,169.024723,169.479968,167.422904,169.471542,222353500
2016-01-05,169.791926,170.213455,168.653805,169.758209,110845800
2016-01-06,167.212129,168.662190,166.588274,167.616806,152112600
2016-01-07,164.674619,166.453473,163.207692,163.595505,213436100
2016-01-08,164.556517,165.112938,161.513076,161.799713,209817200
2016-01-11,162.718693,163.055924,160.029348,161.959946,187941300
2016-01-12,163.401555,164.016984,161.142152,163.266663,172330500
2016-01-13,163.932670,164.278327,158.815313,159.194687,221168900
2016-01-14,159.801697,162.929436,158.208317,161.808167,240795600
2016-01-15,157.457957,159.135635,156.404135,158.334732,324846400
2016-01-19,160.147289,160.273743,156.977383,158.545471,195244400
2016-01-20,155.991087,158.073442,152.610427,156.513779,286547800
2016-01-21,156.985854,159.228379,155.662247,157.390518,195772900
2016-01-22,159.995533,160.821726,159.236786,160.619400,168319600
2016-01-25,160.113593,160.307493,157.997522,158.191422,130371700
2016-01-26,158.848998,160.627851,158.511780,160.349640,141036800
2016-01-27,159.826939,161.496190,157.702429,158.604507,185681700
2016-01-28,160.147284,160.349609,157.786719,159.430679,143798800
2016-01-29,160.197903,163.452107,160.079875,163.317215,210529300
2016-02-01,162.314034,164.042306,161.732321,163.258255,136061600
2016-02-02,161.833502,161.841928,159.793289,160.315994,182564900
2016-02-03,161.369775,161.681703,157.736197,161.277039,205054900
2016-02-04,160.779662,162.499495,160.147368,161.529984,139531800
2016-02-05,161.015678,161.588951,157.820480,158.452774,180788300
2016-02-08,156.614915,156.909978,154.111031,156.319839,191526700
2016-02-09,154.583139,157.601288,154.448246,156.328262,184513100
2016-02-10,157.154460,158.781556,156.066908,156.193375,148214100
2016-02-11,153.723258,155.207049,152.669435,154.161652,219058900
2016-02-12,155.932030,157.356787,155.088972,157.339935,127632400
2016-02-16,159.144106,160.020881,158.183020,159.995590,120250700
2016-02-17,161.158994,162.980002,161.032527,162.609055,136009500
2016-02-18,162.878819,162.937839,161.631096,161.943024,102343000
2016-02-19,161.167402,162.018886,160.560399,161.867142,114793000
2016-02-22,163.443675,164.354180,163.376229,164.210861,103640300
2016-02-23,163.553233,163.823018,162.018861,162.136902,111455300
2016-02-24,160.712162,163.157025,159.607758,162.878815,150812200
2016-02-25,163.325645,164.860017,162.566897,164.851578,110728300
2016-02-26,165.719964,165.812689,164.312046,164.472229,129833700
2016-02-29,164.489085,165.433306,162.988443,163.182343,125918100
2016-03-01,164.404764,167.102560,163.932654,167.018250,141799700
2016-03-02,166.706321,167.819151,166.293218,167.768570,102415000
2016-03-03,167.591530,168.443027,167.018257,168.426163,95172200
2016-03-04,168.620069,169.749776,167.793875,168.974152,129293600
2016-03-07,168.055232,169.513732,167.979360,169.109055,100219000
2016-03-08,168.038366,168.544193,167.102571,167.262741,123974900
2016-03-09,168.072094,168.434603,167.288043,168.088959,94801200
2016-03-10,168.577881,169.513676,166.402790,168.223785,156838700
2016-03-11,169.673874,170.980617,168.206961,170.938461,137964500
2016-03-14,170.432617,171.174499,170.103825,170.719254,73612000
2016-03-15,169.758165,170.744541,169.496819,170.441040,93169100
2016-03-16,169.960547,171.832137,169.918391,171.427460,129303200
2016-03-17,171.343104,173.020781,170.946865,172.514954,134278500
2016-03-18,173.014971,173.531890,172.701435,173.192932,138372400
2016-03-21,172.930208,173.667448,172.701405,173.438644,72926700
2016-03-22,172.667486,173.913174,172.506489,173.345413,97471900
2016-03-23,172.964061,173.150491,172.031909,172.201401,81052500
2016-03-24,171.176077,172.159071,170.955756,172.125168,84360900
2016-03-28,172.540373,172.752225,171.777713,172.226837,62408200
2016-03-29,171.820143,173.930190,171.515076,173.820023,92922900
2016-03-30,174.819945,175.302960,174.218281,174.582672,86365300
2016-03-31,174.489439,174.913142,173.997942,174.158951,94584100
2016-04-01,173.167449,175.531706,172.853900,175.345276,114423500
2016-04-04,175.269085,175.472467,174.472521,174.777588,63497000
2016-04-05,173.438658,174.786031,172.777682,173.031906,99662200
2016-04-06,173.031918,174.980956,172.853957,174.921631,91839800
2016-04-07,173.836953,174.192862,172.099767,172.828537,113859000
2016-04-08,174.006389,174.438574,172.760701,173.294571,95040600
2016-04-11,173.930185,174.625064,172.794663,172.887878,83757500
2016-04-12,173.057321,174.777555,172.616666,174.497910,115350600
2016-04-13,175.413183,176.345335,175.277595,176.260590,96336400
2016-04-14,176.319868,176.768992,175.921586,176.269012,65212900
2016-04-15,176.269058,176.404646,175.752139,176.074158,75761600
2016-04-18,176.074106,177.345216,175.413130,177.311325,82531000
2016-04-19,177.735061,178.124861,177.057133,177.870636,88316100
2016-04-20,177.912981,178.734967,177.438436,178.040100,81100300
2016-04-21,178.057001,178.167168,176.811313,177.082489,85695000
2016-04-22,176.726580,177.353652,176.184240,177.082489,99251700
2016-04-25,176.480807,176.819778,175.870674,176.777405,66166500
2016-04-26,177.141800,177.548564,176.565570,177.040115,75864200
2016-04-27,176.658834,177.794356,176.302925,177.404556,77329400
2016-04-28,176.650353,177.751971,175.379243,175.794464,97216200
2016-04-29,175.175871,175.523310,173.743752,174.845383,142424100
2016-05-02,175.345328,176.413056,174.913156,176.235107,62188000
2016-05-03,175.006391,175.243664,173.955603,174.701324,106422100
2016-05-04,173.709792,174.438561,173.226764,173.726730,92243800
2016-05-05,174.192853,174.548762,173.269183,173.692886,67619200
2016-05-06,172.921717,174.370788,172.769191,174.328415,89315000
2016-05-09,174.201325,174.904661,174.023364,174.472488,74374900
2016-05-10,175.175806,176.658767,175.108012,176.641815,77472200
2016-05-11,176.184226,176.718083,174.989380,174.989380,81727000
2016-05-12,175.658871,175.828363,174.031852,175.040268,89586300
2016-05-13,174.743642,175.294451,173.192887,173.514893,96474600
2016-05-16,173.684397,175.701215,173.625072,175.226669,77486800
2016-05-17,174.955542,175.243657,173.065816,173.591217,114924900
2016-05-18,173.243762,174.819938,172.557365,173.642044,120062100
2016-05-19,172.921769,173.328520,171.837090,173.040405,115430500
2016-05-20,173.650548,174.650494,173.599705,174.133575,104990400
2016-05-23,174.150452,174.430097,173.709810,173.896240,58682600
2016-05-24,174.709742,176.463879,174.684320,176.150330,93537800
2016-05-25,176.828281,177.760433,176.150354,177.345200,76621400
2016-05-26,177.480788,177.709591,177.082506,177.396042,55280700
2016-05-27,177.557088,178.167222,177.506246,178.158752,64211200
2016-05-31,178.429897,178.540064,177.260472,177.819763,109879400
2016-06-01,177.209618,178.362091,177.014718,178.184143,69936200
2016-06-02,177.785880,178.743440,177.311334,178.726501,63044700
2016-06-03,178.167221,178.540082,176.989327,178.192642,101757100
2016-06-06,178.548543,179.455274,178.387534,179.099365,64887000
2016-06-07,179.251877,179.938274,179.226456,179.378983,60974800
2016-06-08,179.514514,180.090757,179.387408,179.963638,66170900
2016-06-09,179.234944,179.836608,178.963781,179.717972,73786900
2016-06-10,178.345121,178.684078,177.472281,178.014633,113829200
2016-06-13,177.412958,178.268833,176.557082,176.641815,117751200
2016-06-14,176.260543,176.887628,175.345342,176.294434,125059300
2016-06-15,176.294418,177.413000,175.862245,176.048676,109124500
2016-06-16,176.048678,176.743558,174.218277,176.574066,149533100
2016-06-17,176.470070,176.495624,175.260498,175.916397,117055700
2016-06-20,177.875607,178.548533,176.964160,177.049347,82789600
2016-06-21,177.432688,177.960808,176.989741,177.551941,72461700
2016-06-22,177.730847,178.454893,177.117540,177.262360,95560500
2016-06-23,178.718942,179.621862,178.258968,179.570755,102731400
2016-06-24,173.454704,179.604796,172.679551,173.122498,333444400
2016-06-27,171.716965,171.725492,169.212633,170.021866,230775800
2016-06-28,171.623350,173.114024,171.316697,173.088470,159382400
2016-06-29,174.485415,176.265701,174.383201,176.035721,137328600
2016-06-30,176.504199,178.488912,175.950512,178.437805,165021900
2016-07-01,178.437777,179.298116,178.275930,178.812576,106055300
2016-07-05,177.986295,178.097034,176.930055,177.526321,109803700
2016-07-06,177.032367,178.710440,176.376467,178.591187,96021500
2016-07-07,178.770036,179.434450,177.713796,178.480423,85593800
2016-07-08,179.775183,181.385110,179.545190,181.138077,133971000
2016-07-11,181.598074,182.347673,181.393634,181.776947,73633900
2016-07-12,182.739515,183.395415,181.802515,183.097275,101275600
2016-07-13,183.514632,183.523146,182.586159,183.071686,87324100
2016-07-14,184.332394,184.562387,183.702060,184.093887,91230900
2016-07-15,184.656083,184.851996,183.403916,183.846863,107155400
2016-07-18,183.966081,184.502728,183.710535,184.340881,58725900
2016-07-19,183.923541,184.187601,183.676521,184.153534,54345700
2016-07-20,184.153494,185.158627,184.153494,184.920120,58159500
2016-07-21,184.809402,185.030869,183.778703,184.221649,67777300
2016-07-22,184.340936,185.099050,184.076876,185.047943,62787500
2016-07-25,184.843443,184.894550,183.966077,184.545303,55873100
2016-07-26,184.443093,184.988253,183.787193,184.630493,70080500
2016-07-27,185.005345,185.073491,183.667992,184.434631,84083900
2016-07-28,184.238642,184.937135,183.778669,184.647522,65035700
2016-07-29,184.383538,185.303485,184.102438,184.945724,79519400
2016-08-01,185.005388,185.397215,184.340975,184.792435,73311400
2016-08-02,184.545293,184.698627,182.773534,183.608307,92295500
2016-08-03,183.548692,184.204592,183.250565,184.144958,53993600
2016-08-04,184.255695,184.656048,182.500962,184.340881,46585500
2016-08-05,184.340933,185.891226,184.340933,185.848633,71892200
2016-08-08,186.035996,186.138223,185.473809,185.737869,39906500
2016-08-09,185.806053,186.342686,185.524953,185.848633,51251700
2016-08-10,185.959309,186.035969,185.039349,185.388596,57941100
2016-08-11,185.916741,186.495980,185.652681,186.248947,72504300
2016-08-12,185.942293,186.300066,185.686759,186.087112,61313500
2016-08-15,186.453404,186.973011,186.444891,186.623764,49813500
2016-08-16,186.206400,186.274533,185.661240,185.661240,53213600
2016-08-17,185.695270,186.146730,184.860497,186.010437,75134300
2016-08-18,185.984910,186.461923,185.874183,186.427856,52989300
2016-08-19,185.959375,186.334175,185.473848,186.155289,75443000
2016-08-22,185.916751,186.376737,185.550477,186.146744,61368800
2016-08-23,186.760037,187.058177,186.461897,186.521530,53399200
2016-08-24,186.376786,186.470486,185.150173,185.567566,71728900
2016-08-25,185.184196,185.857136,185.030876,185.439743,69224800
2016-08-26,185.627146,186.649320,184.204620,185.090500,122506300
2016-08-29,185.218226,186.265952,185.184146,186.001892,70502200
2016-08-30,185.916718,186.197818,185.141578,185.695251,58114500
2016-08-31,185.363012,185.482266,184.391946,185.167099,85269500
2016-09-01,185.158635,185.465288,184.017208,185.175674,97844200
2016-09-02,186.027477,186.436344,185.439724,186.010437,79293900
2016-09-06,186.291562,186.649322,185.576042,186.572662,56702100
2016-09-07,186.410812,186.734505,185.950838,186.555618,76554900
2016-09-08,186.223415,186.496001,185.823062,186.129715,74102900
2016-09-09,184.817937,184.869044,181.649190,181.674744,221589100
2016-09-12,180.916621,184.681634,180.848474,184.281281,168110900
2016-09-13,183.003561,183.267621,181.010321,181.632141,182828800
2016-09-14,181.683264,182.884324,181.010337,181.564011,134185500
2016-09-15,181.402127,183.761640,181.223240,183.378326,134427900
2016-09-16,182.763637,182.943427,181.984582,182.669464,155236400
2016-09-19,183.320186,183.962273,182.378453,182.703781,80250500
2016-09-20,183.559855,183.713950,182.678057,182.712296,69665300
2016-09-21,183.414303,184.946745,182.729407,184.766968,110284400
2016-09-22,185.777195,186.230936,185.528927,185.931290,76678700
2016-09-23,185.537482,185.674464,184.818348,184.912521,73630900
2016-09-26,184.082045,184.261823,183.217360,183.414276,89827300
2016-09-27,183.251633,184.647093,182.883496,184.552933,78494800
2016-09-28,184.775542,185.623102,183.816696,185.468994,87411000
2016-09-29,185.263583,185.665958,183.243147,183.791061,128070600
2016-09-30,184.621434,185.879926,184.373166,185.177917,117202900
2016-10-03,184.766948,184.955282,184.099166,184.732697,83512100
2016-10-04,184.844094,185.066680,183.200352,183.791061,119948100
2016-10-05,184.415978,185.032382,184.347487,184.604324,72816000
2016-10-06,184.381686,184.955282,183.842342,184.732697,62927400
2016-10-07,185.006661,185.177881,183.371476,184.099167,89788300
2016-10-10,185.058060,185.520357,184.912522,185.058060,51855000
2016-10-11,184.629989,184.698479,181.993150,182.720840,130367400
2016-10-12,182.857828,183.482803,182.361280,182.960571,73866100
2016-10-13,181.633622,182.857862,180.820314,182.361313,101357000
2016-10-14,183.337243,183.799553,182.378397,182.455444,93346200
2016-10-17,182.429765,182.686602,181.642140,181.821930,58275700
2016-10-18,183.414312,183.474233,182.583878,182.960571,76869700
2016-10-19,183.225962,183.756750,182.866395,183.448547,66519200
2016-10-20,183.097525,183.662565,182.446881,183.106094,73639800
2016-10-21,183.106138,183.277359,182.147279,183.191742,89089100
2016-10-24,184.064968,184.338931,183.619784,183.970795,60146600
2016-10-25,183.790985,184.047822,183.191706,183.354370,66542300
2016-10-26,182.532481,183.568374,182.292756,182.986221,75705500
2016-10-27,183.705403,183.739642,182.421228,182.498276,77220200
2016-10-28,182.472537,183.148863,181.248298,181.958862,140623200
2016-10-31,182.292799,182.515397,181.804819,181.967484,61272500
2016-11-01,182.292774,182.344152,179.441919,180.649033,122781800
2016-11-02,180.340839,180.726101,179.125155,179.561783,103330800
2016-11-03,179.775805,179.989834,178.465948,178.739899,88939300
2016-11-04,178.851232,179.690222,178.397492,178.543030,109122100
2016-11-07,178.543029,182.515407,178.543029,182.481155,109794900
2016-11-08,182.087265,183.867988,181.821871,183.302948,106772100
2016-11-09,181.813335,185.862773,181.787653,185.246368,258429000
2016-11-10,186.033992,186.898665,184.253269,185.708664,172113300
2016-11-11,184.989563,185.520351,184.338920,185.280640,100552700
2016-11-14,185.802856,186.008328,184.681346,185.426163,94580000
2016-11-15,185.811443,186.873032,185.605983,186.873032,91652600
2016-11-16,186.256594,186.753143,186.136738,186.521988,65617700
2016-11-17,186.676069,187.540741,186.564769,187.480820,69797200
2016-11-18,187.549348,187.720569,186.881565,187.061356,86265800
2016-11-21,187.634963,188.499636,187.489425,188.473953,72402600
2016-11-22,188.782137,189.021849,188.114368,188.842072,67429000
2016-11-23,188.328404,188.996174,188.131501,188.944809,56620200
2016-11-25,189.287238,189.681044,189.210177,189.646805,37872300
2016-11-28,189.338605,189.612555,188.653709,188.756439,76572500
2016-11-29,188.790749,189.578374,188.491103,189.124634,69886700
2016-11-30,189.740982,189.903646,188.610903,188.670837,113291800
2016-12-01,188.970502,188.970502,187.617837,187.977417,79040500
2016-12-02,188.063007,188.559556,187.711997,188.071564,74840300
2016-12-05,188.902014,189.544101,188.705111,189.201660,67837800
2016-12-06,189.389956,189.835140,188.910533,189.800888,59877400
2016-12-07,189.646792,192.343552,189.526936,192.283630,110738100
2016-12-08,192.257981,193.225383,191.992574,192.754517,99714400
2016-12-09,192.977119,193.935964,192.942867,193.918839,88005800
2016-12-12,193.824671,194.304107,193.276757,193.696259,102016100
2016-12-13,194.355466,195.485532,194.338340,194.988983,110477500
2016-12-14,194.689312,195.391320,192.942828,193.379456,142501800
2016-12-15,193.619219,195.031806,193.388064,194.175690,124972600
2016-12-16,194.631211,194.691499,193.477257,193.795883,156420200
2016-12-19,193.976817,194.639916,193.830421,194.217941,90341100
2016-12-20,194.751812,195.113511,194.519307,194.967102,89838800
2016-12-21,194.837899,195.010129,194.424545,194.424545,67909000
2016-12-22,194.278187,194.398749,193.692589,194.088730,56219100
2016-12-23,194.131742,194.381486,193.942298,194.372879,36697800
2016-12-27,194.639858,195.251276,194.622631,194.855148,42672500
2016-12-28,195.113515,195.130729,193.132839,193.244781,64095000
2016-12-29,193.313663,193.666743,192.762520,193.201721,48696100
2016-12-30,193.528952,193.615073,191.806627,192.495560,108998300
2017-01-03,193.795958,194.476283,192.797019,193.968201,91366500
2017-01-04,194.295334,195.268451,194.286727,195.122055,78744400
2017-01-05,194.855160,195.122118,194.174834,194.967102,78379000
2017-01-06,195.079060,196.129679,194.536524,195.664658,71559900
2017-01-09,195.406289,195.544078,194.984314,195.018768,46939700
2017-01-10,195.035982,195.871310,194.631235,195.018768,63771900
2017-01-11,194.932666,195.569931,194.269568,195.569931,74650000
2017-01-12,195.053176,195.268467,193.726993,195.079010,72113200
2017-01-13,195.251293,195.828270,195.216852,195.526871,62717900
2017-01-17,194.889604,195.294351,194.450416,194.837936,61240800
2017-01-18,195.087629,195.311539,194.536485,195.268478,54793300
2017-01-19,195.346010,195.483799,194.114554,194.545135,66608800
2017-01-20,195.225480,195.750789,194.596835,195.259933,129168600
2017-01-23,195.259881,195.320155,193.993972,194.751785,75061600
2017-01-24,194.967083,196.413842,194.855141,196.000488,95555300
2017-01-25,196.947801,197.697021,196.784178,197.697021,84437700
2017-01-26,197.550600,197.817572,197.214748,197.490326,59970700
2017-01-27,197.567788,197.714184,196.999418,197.180267,59711100
2017-01-30,196.491344,196.517178,194.975704,195.957428,79737300
2017-01-31,195.466559,196.000488,194.898202,195.940201,75880800
2017-02-01,195.940199,196.853028,195.432116,196.017700,79117700
2017-02-02,196.017668,196.431036,195.328749,196.146851,69657600
2017-02-03,197.051122,197.679766,196.741103,197.498917,80563200
2017-02-06,197.094100,197.490240,196.809915,197.145767,57790100
2017-02-07,197.533378,197.774503,196.965008,197.154465,57931200
2017-02-08,197.154460,197.541980,196.611924,197.412811,51566200
2017-02-09,197.412803,198.885383,197.412803,198.583984,65955200
2017-02-10,198.928427,199.591525,198.601181,199.367615,66015900
2017-02-13,199.858509,200.711064,199.832675,200.452713,55182100
2017-02-14,200.271892,201.262236,199.927432,201.253616,71109000
2017-02-15,201.038244,202.493610,200.986577,202.304153,86785800
2017-02-16,202.329991,202.510841,201.382721,202.131927,84722400
2017-02-17,201.468837,202.450562,201.451610,202.450562,77204100
2017-02-21,202.820876,203.828434,202.812256,203.656204,88946100
2017-02-22,203.251475,203.699270,203.087852,203.475372,62115200
2017-02-23,203.992057,204.009271,202.855317,203.613144,74615900
2017-02-24,202.769204,203.914538,202.726143,203.871490,82381600
2017-02-27,203.785408,204.362385,203.535677,204.190155,56515400
2017-02-28,203.811222,204.052346,203.251472,203.638992,96961900
2017-03-01,205.292457,206.954506,205.275230,206.489471,149158200
2017-03-02,206.300026,206.308646,205.137465,205.189133,70246000
2017-03-03,205.102932,205.481845,204.724018,205.318222,81974300
2017-03-06,204.526014,205.059930,204.104039,204.706863,55391500
2017-03-07,204.405417,204.758496,203.888714,204.095398,65103700
2017-03-08,204.388197,204.646548,203.578703,203.716492,78168800
2017-03-09,203.837034,204.302069,203.010326,203.974823,90683900
2017-03-10,204.930745,204.973806,203.742337,204.689621,81991700
2017-03-13,204.629376,204.836060,204.302144,204.792999,57256800
2017-03-14,204.250386,204.302067,203.397844,204.009262,59880800
2017-03-15,204.577689,206.196678,204.345172,205.774704,96081800
2017-03-16,205.912455,205.989957,205.042686,205.369919,78344000
2017-03-17,205.631982,205.822263,205.009247,205.009247,89002100
2017-03-20,205.009249,205.294671,204.395172,204.784378,52537000
2017-03-21,205.389760,205.510847,202.025268,202.154999,131809300
2017-03-22,202.189639,202.916159,201.566904,202.630737,97569200
2017-03-23,202.630778,203.547579,202.042646,202.414551,100410300
2017-03-24,202.717273,203.288103,201.489105,202.267517,112504900
2017-03-27,200.598209,202.319381,200.321445,202.059906,87454500
2017-03-28,201.757163,203.954024,201.644721,203.530228,93483900
2017-03-29,203.244861,203.954080,203.019977,203.720551,61950400
2017-03-30,203.659953,204.568110,203.486974,204.369171,56737900
2017-03-31,204.031899,204.559494,203.841619,203.893524,73733100
2017-04-03,203.945433,204.144359,202.310757,203.538925,85546500
2017-04-04,203.253549,203.755197,202.872987,203.668701,56466200
2017-04-05,204.343293,205.320644,202.855650,203.063232,108800600
2017-04-06,203.201625,204.153016,202.760513,203.634079,69135800
2017-04-07,203.383220,204.118397,202.942121,203.426468,74412300
2017-04-10,203.564864,204.343276,203.019967,203.547562,67615300
2017-04-11,203.166970,203.409144,201.817715,203.305359,88045300
2017-04-12,203.028642,203.218923,202.189679,202.414551,81864400
2017-04-13,202.077189,202.812366,201.099838,201.099838,92880400
2017-04-17,201.618835,202.881607,201.419909,202.881607,68405400
2017-04-18,202.146407,202.812391,201.592866,202.276138,83225800
2017-04-19,202.838385,203.210289,201.679397,201.904282,68699900
2017-04-20,202.518318,203.988673,202.198307,203.547562,92572200
2017-04-21,203.469707,203.521600,202.501014,202.898865,110389800
2017-04-24,205.138985,205.337923,202.872929,205.130341,119209900
2017-04-25,205.770373,206.669872,205.683877,206.323914,76698300
2017-04-26,206.289309,207.171519,206.150933,206.194168,84702500
2017-04-27,206.514205,206.669882,205.830920,206.367172,57410300
2017-04-28,206.626607,206.652553,205.787645,205.917389,63532800
2017-05-01,206.436310,206.860120,206.021158,206.436310,66882500
2017-05-02,206.574697,206.695784,206.107652,206.514160,57375700
2017-05-03,206.514228,206.609369,205.588770,206.263397,73137700
2017-05-04,206.566150,206.643989,205.657993,206.505600,61462700
2017-05-05,206.877459,207.335860,206.436347,207.318558,62001300
2017-05-08,207.361789,207.508822,206.860141,207.283951,48385700
2017-05-09,207.543476,207.742401,206.747748,207.093719,51363200
2017-05-10,207.050393,207.465546,206.842811,207.465546,54293800
2017-05-11,207.015863,207.206144,205.960673,207.041809,62358300
2017-05-12,206.790987,207.085053,206.427727,206.695847,53912700
2017-05-15,207.119664,207.958626,207.102362,207.837540,61918900
2017-05-16,208.131609,208.157555,207.258056,207.647263,51241800
2017-05-17,207.647275,207.647275,203.902219,203.962769,172174100
2017-05-18,203.884866,205.631985,203.625391,204.784378,107047700
2017-05-19,205.268742,206.782332,205.216849,206.116348,115011400
2017-05-22,206.626620,207.327207,206.557439,207.162872,61010600
2017-05-23,207.534842,207.785673,207.154280,207.621338,48341700
2017-05-24,207.854804,208.209406,207.517477,208.105621,46927700
2017-05-25,208.615965,209.377088,208.408395,209.100311,64071700
2017-05-26,208.910007,209.221374,208.832168,209.057053,46629900
2017-05-30,208.736962,209.126169,208.581285,208.875351,35201900
2017-05-31,209.169475,209.204079,208.131587,208.823517,91796000
2017-06-01,209.281893,210.501417,208.996472,210.484116,68962000
2017-06-02,210.536026,211.340398,210.241961,211.184708,88666100
2017-06-05,211.011751,211.297172,210.830114,211.029053,44698800
2017-06-06,210.466860,211.020401,210.276579,210.354431,50375400
2017-06-07,210.691684,210.968447,210.025701,210.743576,54144300
2017-06-08,210.838737,211.323084,210.319787,210.847382,65950700
2017-06-09,211.115506,211.911220,209.264602,210.527374,132256400
2017-06-12,210.285190,210.536008,209.636509,210.484116,86108100
2017-06-13,211.020393,211.565290,210.674435,211.513397,60067000
2017-06-14,211.781524,211.790168,210.423611,211.245285,78602300
2017-06-15,209.895985,210.959832,209.619221,210.838745,66464900
2017-06-16,210.997772,211.049917,210.006968,210.884781,84553100
2017-06-19,211.710486,212.701289,211.614881,212.640457,65123800
2017-06-20,212.284112,212.292798,211.189017,211.206390,56906400
2017-06-21,211.597514,211.710491,210.684929,211.154251,55977600
2017-06-22,211.162974,211.658369,210.884847,211.058670,44148100
2017-06-23,211.119445,211.640913,210.737027,211.310654,66986800
2017-06-26,211.979905,212.397095,211.241156,211.449738,56700500
2017-06-27,211.232522,211.528035,209.728936,209.746323,82247700
2017-06-28,210.763126,211.823461,210.528458,211.623566,70042600
2017-06-29,211.771336,211.823482,208.555571,209.763657,106949700
2017-06-30,210.571947,210.945678,209.963561,210.154770,86820700
2017-07-03,211.093391,211.527954,210.511078,210.511078,39153800
2017-07-05,210.876110,211.206369,210.067816,210.997787,54427600
2017-07-06,210.232924,210.354601,208.885776,209.068298,65400800
2017-07-07,209.641971,210.571929,209.077031,210.424179,57972300
2017-07-10,210.424117,211.023817,210.119918,210.650085,36663300
2017-07-11,210.650180,210.806630,209.329118,210.493744,50354600
2017-07-12,211.458428,212.240637,211.458428,212.075500,59610400
2017-07-13,212.084255,212.544891,211.858273,212.431900,39471600
2017-07-14,212.431865,213.779013,212.336260,213.422668,60262700
2017-07-17,213.344476,213.726894,213.222799,213.396622,33531900
2017-07-18,212.988117,213.561743,212.649158,213.509598,42742500
2017-07-19,213.822474,214.674214,213.813774,214.665527,51034300
2017-07-20,214.917575,215.039252,214.213585,214.761139,47135200
2017-07-21,214.187498,214.595989,213.961517,214.569916,82340800
2017-07-24,214.491706,214.656842,214.048456,214.517792,46622300
2017-07-25,215.265214,215.369518,214.813278,215.039246,54915600
2017-07-26,215.326024,215.360783,214.787170,215.047897,47575400
2017-07-27,215.508552,215.543311,213.526932,214.848007,70766600
2017-07-28,214.370012,214.726357,213.918076,214.595993,50088400
2017-07-31,214.995818,215.091422,214.265755,214.474350,65838700
2017-08-01,215.074055,215.108814,214.430896,214.952377,55050400
2017-08-02,215.082683,215.195673,214.126639,215.056610,47211200
2017-08-03,214.943652,214.969724,214.361339,214.639465,40856000
2017-08-04,215.126168,215.360822,214.648146,215.030563,60191800
2017-08-07,215.100039,215.430298,214.995735,215.430298,31995000
2017-08-08,215.117474,216.334259,214.526474,214.900192,61719400
2017-08-09,214.213577,214.943640,213.857232,214.891495,62632600
2017-08-10,214.057119,214.187496,211.806085,211.858231,120479500
2017-08-11,212.084207,212.762125,211.849540,212.171112,74869900
2017-08-14,213.448716,214.491665,213.413957,214.274384,73291900
2017-08-15,214.656827,214.674213,213.944151,214.248337,55242700
2017-08-16,214.769820,215.169624,214.196194,214.622070,56715500
2017-08-17,214.013650,214.326536,211.275894,211.275894,128490400
2017-08-18,211.110802,212.231982,210.502416,210.945679,136748000
2017-08-21,210.884811,211.371519,210.180821,211.110779,65469700
2017-08-22,211.693128,213.474826,211.675741,213.318390,63140100
2017-08-23,212.353648,212.979420,212.205898,212.553543,50203800
2017-08-24,212.935949,213.092385,211.849541,212.058136,50741700
2017-08-25,212.849043,213.466128,212.405793,212.553543,64445900
2017-08-28,213.083678,213.109751,212.145020,212.562210,40565600
2017-08-29,211.249829,213.066300,211.136838,212.805573,51135700
2017-08-30,212.788189,214.083192,212.605666,213.813751,62030800
2017-08-31,214.430882,215.343467,213.848569,215.100113,103803900
2017-09-01,215.473829,215.830174,215.256547,215.404297,62007000
2017-09-05,214.900172,215.126154,212.892493,213.857224,91398800
2017-09-06,214.535181,214.917598,214.005013,214.587326,57916900
2017-09-07,214.891460,214.908846,214.152697,214.561188,58034700
2017-09-08,214.274416,214.769825,214.065835,214.309189,63832800
2017-09-11,215.578096,216.673204,215.560723,216.594986,71364800
2017-09-12,216.960072,217.359863,216.777550,217.325104,56896000
2017-09-13,217.038202,217.464079,216.925211,217.429306,59228000
2017-09-14,217.107807,217.559757,216.933985,217.359848,95446300
2017-09-15,217.215685,217.739741,217.110877,217.652405,95432400
2017-09-18,218.019247,218.464696,217.731010,218.115326,46235200
2017-09-19,218.359881,218.421028,218.010511,218.333679,47108100
2017-09-20,218.421081,218.525890,217.416617,218.412338,59574100
2017-09-21,218.255093,218.342429,217.652417,217.827103,48211400
2017-09-22,217.530087,218.036683,217.503885,217.870728,51214000
2017-09-25,217.617512,217.966896,216.682938,217.425354,57064400
2017-09-26,217.853317,218.097879,217.320518,217.556351,54082000
2017-09-27,218.255112,218.787911,217.372929,218.403595,81001400
2017-09-28,218.124092,218.744241,218.036757,218.665634,44778800
2017-09-29,218.656859,219.512839,218.473444,219.434219,85578000
2017-10-02,219.661350,220.386307,219.486652,220.386307,59023000
2017-10-03,220.386289,220.884143,220.307669,220.857941,66810200
2017-10-04,220.709462,221.364542,220.595911,221.119980,55953600
2017-10-05,221.451899,222.447620,221.154933,222.430161,63522800
2017-10-06,221.984661,222.465056,221.722640,222.176819,80646000
2017-10-09,222.403928,222.465062,221.547948,221.809982,35803100
2017-10-10,222.377728,222.770773,221.836187,222.395187,43057400
2017-10-11,222.299136,222.744598,222.133193,222.744598,47674300
2017-10-12,222.430146,222.779517,222.176842,222.412674,47065100
2017-10-13,222.849443,222.962994,222.412723,222.683487,54800400
2017-10-16,222.910529,223.172550,222.569888,222.980392,38221700
2017-10-17,222.927989,223.181294,222.709629,223.137619,31561000
2017-10-18,223.513216,223.556890,223.163845,223.356003,40888300
2017-10-19,222.578604,223.452044,222.159357,223.417099,61903800
2017-10-20,224.211966,224.596282,223.399661,224.570053,89176400
2017-10-23,224.893244,224.919446,223.618003,223.696609,63915300
2017-10-24,224.124636,224.325510,223.731578,224.089691,66935900
2017-10-25,223.757753,223.871305,221.853661,222.980392,103715300
2017-10-26,223.591813,223.862564,223.146350,223.268631,69798000
2017-10-27,224.011060,225.251356,223.277374,225.094116,85562500
2017-10-30,224.011038,224.998029,223.958634,224.255600,54285700
2017-10-31,224.631152,224.858255,224.307984,224.604950,60304800
2017-11-01,225.382355,225.722982,224.535117,224.901947,54202700
2017-11-02,224.832091,225.129057,223.766493,224.989304,56449500
2017-11-03,225.146504,225.784125,224.735986,225.740463,59589700
2017-11-06,225.609436,226.220854,225.539573,226.089844,49652600
2017-11-07,226.194684,226.526596,225.426053,225.932663,57502200
2017-11-08,225.757938,226.413017,225.478430,226.316925,50469600
2017-11-09,225.111580,225.688053,223.914945,225.495895,95085500
2017-11-10,225.111585,225.600709,224.797133,225.426010,59984700
2017-11-13,224.744752,225.862753,224.709807,225.635651,50228600
2017-11-14,224.832065,225.216381,224.054691,225.111572,61315200
2017-11-15,224.142091,224.666160,223.277395,223.984879,80811500
2017-11-16,224.928127,226.255772,224.884466,225.888916,67777000
2017-11-17,225.539534,225.862703,225.146476,225.225082,75756800
2017-11-20,225.469679,225.801563,225.225090,225.609406,48075500
2017-11-21,226.378072,227.268998,225.574523,227.085556,69176800
2017-11-22,227.094276,227.225286,226.718703,226.884659,45033400
2017-11-24,227.373788,227.513542,227.234035,227.408707,27856500
2017-11-27,227.452363,227.749330,227.094250,227.295151,52274900
2017-11-28,227.758099,229.627246,227.662007,229.601044,98971700
2017-11-29,229.732053,230.264865,229.015852,229.461288,77512100
2017-11-30,230.378415,232.378573,230.299809,231.470215,127894400
2017-12-01,231.251962,231.732343,227.758202,230.989914,164390900
2017-12-04,232.605707,233.033684,230.657927,230.710358,94040600
2017-12-05,229.880539,231.592473,229.749528,229.880539,77994500
2017-12-06,229.976629,230.352228,229.461303,229.924225,75898600
2017-12-07,230.649185,230.963611,229.662194,230.649185,77218600
2017-12-08,231.601288,231.915714,230.614297,231.906998,76563900
2017-12-11,232.605637,232.666784,231.880694,232.605637,83077500
2017-12-12,233.391793,233.487885,232.640647,233.016220,85195800
2017-12-13,233.260815,233.697535,232.902702,232.990051,102905400
2017-12-14,233.287007,233.400558,231.985590,232.037994,100666700
2017-12-15,233.039684,234.435549,232.987012,233.970261,144610300
2017-12-18,235.366107,235.805059,235.260763,235.453903,83653600
2017-12-19,235.699720,235.743604,234.479420,234.549667,82382900
2017-12-20,235.515350,235.568023,234.128274,234.426758,76751500
2017-12-21,235.050075,235.620734,234.663795,234.909607,67032300
2017-12-22,234.927183,234.962307,234.312640,234.848175,78720900
2017-12-26,234.444265,234.786660,234.303824,234.567184,45244400
2017-12-27,234.734023,235.041295,234.409203,234.681351,57751000
2017-12-28,235.181806,235.208142,234.795526,235.164230,45116100
2017-12-29,235.743577,235.761126,234.084353,234.277466,96007400
2018-01-02,235.137871,235.989439,234.751591,235.954315,86655700
2018-01-03,236.121073,237.595972,236.121073,237.446716,90070400
2018-01-04,238.087608,238.930388,237.508188,238.447525,80636400
2018-01-05,239.237618,240.159407,238.745994,240.036514,83524000
2018-01-08,239.939989,240.633541,239.650293,240.475525,57319200
2018-01-09,240.896917,241.643141,240.615981,241.019836,57254000
2018-01-10,240.264782,240.914449,239.597593,240.651062,69574300
2018-01-11,241.204151,242.406876,241.037347,242.406876,62361500
2018-01-12,242.670250,244.153883,242.371739,243.987106,90816100
2018-01-16,245.242523,245.892163,242.459555,243.153107,106555100
2018-01-17,244.083733,245.857090,243.153157,245.470810,113258800
2018-01-18,245.356681,245.778058,244.566546,245.058197,100728000
2018-01-19,245.637606,246.173141,245.058213,246.173141,140920100
2018-01-22,245.962480,248.174789,245.909781,248.174789,91322400
2018-01-23,248.218614,248.991174,247.893793,248.701477,97084700
2018-01-24,249.342310,249.939305,247.428485,248.604874,134816100
2018-01-25,249.465262,249.561819,247.920142,248.710251,84587300
2018-01-26,249.544278,251.633694,249.289678,251.589783,107743100
2018-01-29,251.019102,251.458055,249.763706,249.921722,90118300
2018-01-30,248.095759,249.974460,246.884246,247.358322,131796400
2018-01-31,248.209892,248.710277,246.410172,247.481216,108364800
2018-02-01,246.752559,248.499580,246.410163,247.200272,90102500
2018-02-02,245.883353,246.015060,241.783556,241.818680,173174800
2018-02-05,240.062927,242.169892,231.160965,231.705261,294681800
2018-02-06,228.202414,236.770767,227.113821,236.270355,355026800
2018-02-07,235.717296,239.105994,234.909613,234.988647,167376100
2018-02-08,235.287103,235.427571,226.139330,226.174454,246449500
2018-02-09,228.957371,231.424279,222.039496,229.571915,283565300
2018-02-12,231.617395,234.409150,229.712359,232.943039,143736000
2018-02-13,231.740332,234.066772,231.160912,233.522476,81223600
2018-02-14,232.038891,237.034169,232.030103,236.674225,120735700
2018-02-15,238.412405,239.702925,235.954258,239.694138,111200300
2018-02-16,239.070940,241.704653,239.027029,239.764465,160420100
2018-02-20,238.816237,240.256012,237.473045,238.263153,86369700
2018-02-21,238.702100,241.177796,236.981416,237.077972,98883700
2018-02-22,237.999859,239.711756,236.718126,237.385315,110511300
2018-02-23,238.605602,241.169067,238.131526,241.169067,92766400
2018-02-26,242.240056,244.066112,241.651875,243.969528,86491400
2018-02-27,244.153914,244.865041,240.861773,240.923233,99099200
2018-02-28,242.020619,242.468359,238.166633,238.482666,121907800
2018-03-01,238.271955,239.817075,233.522491,235.014938,176855100
2018-03-02,233.347006,236.788404,232.486677,236.226532,139083200
2018-03-05,235.041251,239.571239,234.935880,238.956696,97307400
2018-03-06,239.931220,240.010255,238.070067,239.562515,79213200
2018-03-07,237.402815,239.825811,237.209675,239.474655,87063500
2018-03-08,240.150666,240.756422,239.158657,240.633530,66901200
2018-03-09,242.038150,244.821091,241.722091,244.821091,113625300
2018-03-12,245.110835,245.734139,244.127560,244.513840,71924800
2018-03-13,245.672665,246.173077,242.327853,242.933609,91968900
2018-03-14,243.890591,244.074943,241.133985,241.687042,105895100
2018-03-15,242.196174,242.837027,240.923203,241.423615,83433000
2018-03-16,241.949855,242.734332,241.632557,241.685440,100343700
2018-03-19,240.936235,241.861716,236.767108,238.415359,109208400
2018-03-20,238.811993,239.455440,238.142105,238.820816,59757300
2018-03-21,238.776787,240.865749,238.150986,238.362518,78709600
2018-03-22,236.141312,236.987468,232.130833,232.404099,148785900
2018-03-23,232.844800,233.170921,227.256572,227.450485,183534800
2018-03-26,231.046664,233.955340,228.649200,233.673279,141956100
2018-03-27,234.607637,235.136468,228.146812,229.698120,129941400
2018-03-28,229.830358,231.496256,227.917664,229.019440,146452300
2018-03-29,230.156488,233.805581,229.028271,231.945770,111601600
2018-04-02,231.416857,231.928096,224.471276,226.939255,186286300
2018-04-03,228.173268,230.323936,226.383986,229.847961,119956900
2018-04-04,226.304644,233.012239,226.172436,232.307114,123715300
2018-04-05,234.061060,235.021831,232.976931,234.140411,82652600
2018-04-06,232.183720,233.673296,227.406411,228.922455,179521200
2018-04-09,230.376765,233.435294,229.116341,230.050644,105442900
2018-04-10,232.932873,234.493003,231.795860,233.708527,103529000
2018-04-11,232.227794,234.140488,232.157293,232.483414,91140200
2018-04-12,233.805490,235.339153,233.629195,234.396027,68890500
2018-04-13,235.700545,235.815133,232.703722,233.708527,85079200
2018-04-16,235.339224,236.396939,234.519510,235.630081,63405300
2018-04-17,237.392889,238.750284,236.881677,238.150925,64682000
2018-04-18,238.591640,239.129293,237.868869,238.327225,57303900
2018-04-19,237.674927,237.877663,235.973793,237.005066,77655900
2018-04-20,236.934619,237.154974,234.114063,234.995483,99953100
2018-04-23,235.568341,236.123640,233.884826,234.960159,65558000
2018-04-24,235.982660,236.203015,230.297488,231.795914,112885500
2018-04-25,231.734227,232.809561,229.918503,232.368851,103840900
2018-04-26,233.391299,235.559586,232.950589,234.731049,67731900
2018-04-27,235.339197,235.638877,234.017067,234.951370,57053600
2018-04-30,235.568330,236.123628,233.073896,233.144424,82182300
2018-05-01,232.580386,233.664543,231.029078,233.558777,74203400
2018-05-02,233.364790,234.175681,231.601950,231.989777,86368900
2018-05-03,231.161294,232.130834,228.331915,231.478592,136311500
2018-05-04,230.509012,235.154114,230.182891,234.475403,91222100
2018-05-07,235.242266,236.238248,234.554732,235.268707,55304900
2018-05-08,234.898499,235.630066,233.708576,235.268707,67499200
2018-05-09,235.938594,237.868907,235.418559,237.542786,59666100
2018-05-10,238.283152,240.090079,238.177386,239.763931,72063900
2018-05-11,239.887347,240.759944,239.376108,240.495529,59871500
2018-05-14,240.927375,241.579618,240.063574,240.610077,54790600
2018-05-15,239.384921,239.402539,238.009907,238.953033,87036100
2018-05-16,238.988254,240.416150,238.961785,239.957794,53942600
2018-05-17,239.693406,240.830445,238.979458,239.755112,56536400
2018-05-18,239.411381,239.772767,238.803199,239.155762,64368000
2018-05-21,240.636544,241.491522,240.248717,240.953842,58025900
2018-05-22,241.473919,241.729539,239.957875,240.283997,52966400
2018-05-23,239.014767,240.971522,238.856091,240.945053,64694200
2018-05-24,240.548386,240.821624,238.670957,240.451416,76043800
2018-05-25,239.878510,240.504310,239.376094,239.878510,56374800
2018-05-29,238.256714,239.014750,236.009103,237.119675,115908600
2018-05-30,238.424212,240.724707,238.353711,240.283997,69678400
2018-05-31,239.878538,240.178218,238.212668,238.812027,93519900
2018-06-01,240.107663,241.456235,240.037134,241.156555,71258400
2018-06-04,241.976354,242.558094,241.738380,242.302475,45385200
2018-06-05,242.434551,242.857642,241.667719,242.478638,51135000
2018-06-06,243.086877,244.611717,242.469872,244.505951,62732200
2018-06-07,244.990777,245.281634,243.571676,244.479538,72969400
2018-06-08,244.021186,245.255169,243.853714,245.202286,72139700
2018-06-11,245.422661,246.242375,245.308072,245.528427,58892500
2018-06-12,245.942707,246.207123,245.202318,245.845764,72329000
2018-06-13,246.083669,246.339288,244.858482,245.061218,79070600
2018-06-14,245.925080,246.207114,245.087720,245.678284,77097600
2018-06-15,244.895619,245.701316,243.788896,245.364868,120041600
2018-06-18,243.912823,244.984150,243.434738,244.860184,52917600
2018-06-19,242.593594,244.143006,242.177465,243.921661,97531500
2018-06-20,244.603432,245.001863,244.001382,244.337830,53785500
2018-06-21,244.328927,244.346652,242.310266,242.806076,71061400
2018-06-22,244.063385,244.178488,243.027480,243.248825,54898500
2018-06-25,242.097779,242.257140,238.255241,239.937454,137854200
2018-06-26,240.504142,241.318675,239.751565,240.468719,68547400
2018-06-27,241.053016,242.478461,238.326036,238.476562,105110700
2018-06-28,238.423462,240.601485,237.715144,239.840073,76650500
2018-06-29,240.929093,242.292583,240.070276,240.185379,97592500
2018-07-02,238.618296,240.858302,238.379227,240.698914,63554800
2018-07-03,241.593042,241.690447,239.423882,239.848846,42187100
2018-07-05,240.973357,241.867571,239.902030,241.805588,56925900
2018-07-06,241.832109,244.222613,241.451376,243.850769,66493700
2018-07-09,244.851395,246.099782,244.807137,246.046661,50550400
2018-07-10,246.498165,247.029397,246.205975,246.931992,51966800
2018-07-11,245.382530,246.170530,244.824738,245.125763,77054700
2018-07-12,246.382994,247.401173,245.780944,247.348053,60124700
2018-07-13,247.170942,247.843811,246.719391,247.542786,48216000
2018-07-16,247.587117,247.728754,246.878798,247.321487,48201000
2018-07-17,246.551265,248.711590,246.498145,248.322021,52315500
2018-07-18,248.401732,248.950662,247.959043,248.844421,44593500
2018-07-19,248.180364,248.561070,247.427787,247.905899,61412100
2018-07-20,247.702270,248.330908,247.463228,247.622589,82337700
2018-07-23,247.418822,248.286475,247.073512,248.082855,47047600
2018-07-24,249.490748,250.172480,248.463706,249.331360,68026900
2018-07-25,249.083434,251.774991,249.039176,251.456268,78882900
2018-07-26,250.739068,251.544738,250.641662,250.863007,57919500
2018-07-27,251.190567,251.287972,248.242270,249.163071,76768700
2018-07-30,249.242760,249.402121,247.339175,247.861572,63742500
2018-07-31,248.623002,249.694302,248.242296,249.083389,68570500
2018-08-01,249.287103,249.791776,248.021019,248.667328,53853300
2018-08-02,247.365883,250.190215,247.162236,250.022018,63426400
2018-08-03,250.145870,251.146352,249.968784,251.093231,53935400
2018-08-06,251.128660,252.323899,250.739091,252.014038,39400900
2018-08-07,252.678086,253.227016,252.545258,252.846283,43196600
2018-08-08,252.677973,253.138360,252.279542,252.739929,42114600
2018-08-09,252.802011,253.191580,252.261944,252.394745,35717000
2018-08-10,250.960396,251.500463,249.995310,250.703629,77076000
2018-08-13,250.978208,251.589121,249.473054,249.765244,65732900
2018-08-14,250.491142,251.597865,250.101574,251.358795,43842000
2018-08-15,250.013120,250.154784,248.047579,249.481888,102925400
2018-08-16,250.916166,252.368199,250.880743,251.500519,69967900
2018-08-17,251.296840,252.828553,250.889573,252.385864,65618500
2018-08-20,252.837391,253.191536,252.385839,252.925934,39807500
2018-08-21,253.439500,254.377998,252.961388,253.519180,67272000
2018-08-22,253.111870,253.891007,252.846240,253.368637,44993300
2018-08-23,253.191558,254.050375,252.713446,253.032196,49204900
2018-08-24,253.607647,254.696672,253.554527,254.555008,57487400
2018-08-27,255.750381,256.671182,255.591020,256.564941,57072400
2018-08-28,257.025233,257.131501,256.228398,256.688812,46943500
2018-08-29,256.901363,258.300248,256.662320,258.070068,61485500
2018-08-30,257.591862,257.963706,256.432019,257.025208,61229500
2018-08-31,256.618020,257.476838,256.131073,257.034149,66140800
2018-09-04,256.618021,256.945607,255.590979,256.591461,57594400
2018-09-05,256.237251,256.440897,254.891486,255.900803,72452400
2018-09-06,256.007131,256.308156,254.103573,255.130615,65909900
2018-09-07,254.085820,255.608672,253.846751,254.634750,73524800
2018-09-10,255.644097,255.909727,254.882685,255.077469,50210900
2018-09-11,254.431089,256.361207,254.085806,255.918518,50530500
2018-09-12,255.927409,256.582580,255.192557,255.980530,59810800
2018-09-13,257.042921,257.680395,256.759594,257.494446,51034200
2018-09-14,257.698180,257.884102,256.759681,257.538818,55079900
2018-09-17,257.485662,257.521058,255.900828,256.175293,68244000
2018-09-18,256.387770,258.158526,256.361210,257.565338,61930400
2018-09-19,257.618499,258.255973,257.494533,257.839844,49080600
2018-09-20,259.097060,260.248041,257.857509,259.929291,100360600
2018-09-21,260.670164,260.785788,259.531751,259.691833,105479700
2018-09-24,259.113773,259.256078,258.251067,258.829163,53409600
2018-09-25,259.282709,259.389431,258.348865,258.588989,44370000
2018-09-26,258.731283,259.914154,257.397204,257.815216,79739700
2018-09-27,258.286496,259.620574,258.010788,258.535522,59249500
2018-09-28,257.913025,259.060340,257.877469,258.562286,70091400
2018-10-01,259.798576,260.527879,258.793593,259.460632,62078900
2018-10-02,259.309418,260.020916,258.935891,259.309418,47258200
2018-10-03,260.358885,260.776898,259.095972,259.451721,64694600
2018-10-04,258.971474,259.024835,255.840844,257.423950,111545900
2018-10-05,257.646195,258.162027,254.560025,255.983047,105951700
2018-10-08,255.298203,256.338796,253.919666,255.983047,87742200
2018-10-09,255.600637,256.908008,255.049195,255.609512,74339000
2018-10-10,255.102591,255.173757,247.142602,247.516129,214731000
2018-10-11,246.431133,248.049822,240.454456,242.064270,274840500
2018-10-12,246.155378,246.439988,242.242084,245.426102,183186500
2018-10-15,245.070381,246.395585,243.958648,244.047592,102263700
2018-10-16,246.004164,249.757374,245.532790,249.383820,118255800
2018-10-17,249.419503,250.050960,246.858066,249.428406,110626000
2018-10-18,248.494421,249.090322,244.554448,245.826263,134557500
2018-10-19,246.475520,248.405472,244.999136,245.692856,139901600
2018-10-22,246.359958,246.680124,244.056451,244.590088,82415800
2018-10-23,240.979242,244.465621,238.898054,243.344986,146352700
2018-10-24,243.095888,243.478345,235.420509,235.971924,177806700
2018-10-25,237.804042,241.744016,236.781254,240.205368,138061500
2018-10-26,236.505566,241.023636,233.277090,235.980804,201574600
2018-10-29,239.066986,240.356607,231.106996,234.673416,160749100
2018-10-30,234.504433,238.462185,234.015254,238.150894,157116000
2018-10-31,240.712373,243.007005,240.241000,240.694595,128296300
2018-11-01,241.557205,243.451602,240.472154,243.255936,99495000
2018-11-02,244.358817,244.785732,239.769581,241.815186,122634100
2018-11-05,242.304334,243.700676,241.334906,243.149261,65622500
2018-11-06,243.087043,244.848010,243.024779,244.687927,60085900
2018-11-07,246.857984,250.006418,246.431069,249.926376,102752100
2018-11-08,249.125935,250.113168,248.334396,249.472809,65584900
2018-11-09,248.165323,248.352086,245.630568,247.035812,98812600
2018-11-12,246.528896,246.769020,241.904078,242.419937,99673600
2018-11-13,242.882406,244.874621,241.245939,241.966339,98176600
2018-11-14,243.834095,244.234303,238.755708,240.312134,125335900
2018-11-15,239.049172,243.282658,237.474968,242.820160,135101400
2018-11-16,241.726325,244.358901,241.210465,243.451736,126668000
2018-11-19,242.846829,243.140342,238.417704,239.333771,103061700
2018-11-20,236.007478,237.466084,234.041942,234.904648,136021300
2018-11-21,236.452174,237.599490,235.696218,235.705093,75563700
2018-11-23,234.068581,235.527187,233.970761,234.130844,42807900
2018-11-26,236.380946,238.133037,235.989614,237.910690,79981400
2018-11-27,236.879109,238.711243,236.274333,238.711243,75502400
2018-11-28,239.778456,244.207581,238.648918,244.207581,127629600
2018-11-29,243.433875,245.070342,242.295462,243.674026,82346400
2018-11-30,243.522789,245.719574,243.202623,245.159256,98204200
2018-12-03,249.277126,249.383848,246.813536,248.405518,103176300
2018-12-04,247.578393,248.005308,240.045292,240.356583,177986000
2018-12-06,236.505565,240.107568,233.410492,239.991943,204185400
2018-12-07,239.653936,241.219264,233.579441,234.415466,161018900
2018-12-10,234.237603,235.829611,230.013019,234.860184,151445900
2018-12-11,238.053091,238.239854,233.446077,234.913559,121504400
2018-12-12,237.884080,239.244839,236.016364,236.096405,97976700
2018-12-13,237.039177,237.901882,234.904655,236.016388,96662700
2018-12-14,233.872949,234.824598,231.106971,231.658386,116961100
2018-12-17,230.706762,231.818494,225.486069,227.113647,165492300
2018-12-18,228.750132,229.417172,225.263726,226.864624,134515100
2018-12-19,226.944604,230.706703,221.768385,223.467102,214992800
2018-12-20,222.222010,223.787325,217.588303,219.829559,252053400
2018-12-21,220.728617,223.385520,214.681249,215.325348,255345600
2018-12-24,213.840341,215.450587,209.573205,209.635818,147311600
2018-12-26,211.093950,220.227600,209.116923,220.227600,218485400
2018-12-27,216.998208,222.115191,213.768774,221.918396,186267300
2018-12-28,223.269208,224.897336,220.469169,221.632126,153100200
2018-12-31,223.251315,223.814905,221.381647,223.573364,144299400
2019-01-02,220.048692,224.727353,220.021855,223.805923,126925200
2019-01-03,222.061502,222.365669,217.982221,218.465302,144140700
2019-01-04,221.489019,226.427103,221.113297,225.783005,142628800
2019-01-07,226.051330,228.967654,225.156750,227.563171,103139100
2019-01-08,229.745948,230.184283,227.223227,229.701202,102512600
2019-01-09,230.407954,231.615642,229.182384,230.774734,95006600
2019-01-10,229.244981,231.839257,228.565092,231.588776,96823900
2019-01-11,230.515298,231.705105,229.933827,231.678268,73858100
2019-01-14,229.781736,231.069933,229.379191,230.264816,70908200
2019-01-15,230.640614,233.217009,230.631659,232.903900,85208300
2019-01-16,233.333198,234.353032,233.127463,233.467407,77636700
2019-01-17,232.599684,236.097494,232.554939,235.238678,96118400
2019-01-18,237.045760,238.834919,235.274482,238.369720,127900300
2019-01-22,236.902612,237.117302,233.538983,235.149216,115531200
2019-01-23,236.178019,236.875790,233.181171,235.641266,86030300
2019-01-24,235.462341,236.347993,234.451461,235.766495,59204100
2019-01-25,237.609293,238.584408,235.864879,237.761383,96883400
2019-01-28,235.623417,236.017007,234.192083,235.954407,85613700
2019-01-29,236.097510,236.661073,234.809313,235.641266,66136300
2019-01-30,237.153072,240.212520,236.392674,239.371613,92473700
2019-01-31,239.309010,241.956958,239.094292,241.473877,104012100
2019-02-01,241.670673,242.609998,240.802930,241.590164,85782500
2019-02-04,241.634893,243.352498,240.963959,243.289871,60744800
2019-02-05,243.719343,244.613923,243.218380,244.309769,79552800
2019-02-06,244.032370,244.524378,243.254091,243.987625,58347800
2019-02-07,242.377488,242.923168,240.006856,241.661835,95482000
2019-02-08,240.418307,242.055376,239.595282,241.956985,75788900
2019-02-11,242.610043,242.869451,241.563372,242.091171,68021400
2019-02-12,243.701428,245.580023,243.629846,245.204315,72270200
2019-02-13,246.036249,246.841365,245.615795,246.000458,65277200
2019-02-14,244.918035,246.581967,244.103964,245.454788,83234400
2019-02-15,247.226074,248.165399,247.020338,248.129608,97088700
2019-02-19,247.333360,249.211955,247.324405,248.558929,59120800
2019-02-20,248.523244,249.516242,248.022282,249.059998,76610800
2019-02-21,248.424813,248.782639,247.217125,248.174332,64214700
2019-02-22,248.791630,249.909855,248.156486,249.713074,78114600
2019-02-25,251.135348,251.654192,249.972378,250.052887,69030700
2019-02-26,249.704036,250.750679,249.498273,249.874008,56844100
2019-02-27,249.158373,250.115580,248.228030,249.766708,56921600
2019-02-28,249.551995,249.990358,248.979478,249.301514,69268300
2019-03-01,250.875960,251.269577,249.426745,250.858078,78880500
2019-03-04,251.913658,252.155185,247.655450,249.945572,106494600
2019-03-05,250.070790,250.267598,249.059910,249.605591,59114600
2019-03-06,249.721922,249.730877,247.771745,248.093781,75039800
2019-03-07,247.646501,247.789637,245.177480,246.018387,94885100
2019-03-08,244.166631,245.696355,243.701459,245.526382,85795800
2019-03-11,246.242050,249.247825,246.215214,249.086807,65098900
2019-03-12,249.641384,250.544918,249.453530,250.026047,79667500
2019-03-13,250.911735,252.611431,250.750690,251.681061,80639200
2019-03-14,251.707919,252.128373,251.081730,251.520065,67518400
2019-03-15,252.070814,253.571327,251.882105,252.762665,81309000
2019-03-18,252.978248,253.975619,252.753618,253.679092,62199800
2019-03-19,254.739391,255.503111,252.852494,253.742020,90268100
2019-03-20,253.526444,254.730458,251.873170,252.978333,84609200
2019-03-21,252.160688,256.239950,252.115746,255.835632,79550400
2019-03-22,254.478823,254.999952,250.848794,250.911697,122659300
2019-03-25,250.570323,251.756376,249.465161,250.723083,85575200
2019-03-26,252.475153,253.544394,251.190276,252.591965,68125900
2019-03-27,252.582980,253.167040,249.725693,251.271149,72224700
2019-03-28,251.900118,252.672832,250.750013,252.223572,56238500
2019-03-29,253.733101,254.137419,252.609951,253.813965,82186800
2019-04-01,255.808670,257.120502,255.539098,256.823975,77617900
2019-04-02,257.012702,257.183423,256.159096,256.949799,40070400
2019-04-03,258.162819,258.558170,256.752136,257.354156,68243200
2019-04-04,257.677493,258.288480,256.985643,258.036896,48997500
2019-04-05,258.701887,259.339828,258.414354,259.285919,58621700
2019-04-08,258.863661,259.591461,258.207732,259.483643,53566300
2019-04-09,258.522266,258.845720,257.605785,258.153870,66142300
2019-04-10,258.567145,259.124251,258.153834,259.034393,52601500
2019-04-11,259.519633,259.528627,258.396483,258.962555,55093100
2019-04-12,260.570742,260.993047,259.007326,260.714508,69727800
2019-04-15,260.786444,260.885296,259.744158,260.543854,49596700
2019-04-16,261.424346,261.478255,260.121482,260.714508,52153200
2019-04-17,261.828789,261.855743,259.663352,260.076691,58268300
2019-04-18,260.660642,260.858318,259.366771,260.588745,68708500
2019-04-22,259.825126,260.966237,259.735269,260.813477,40160100
2019-04-23,261.181784,263.392163,260.948187,263.158539,52246600
2019-04-24,263.077724,263.410172,262.430788,262.574554,50392900
2019-04-25,262.475684,263.068710,261.226755,262.412781,57770900
2019-04-26,262.457676,263.706605,261.684935,263.634735,50916400
2019-04-29,263.724611,264.569222,263.634754,264.048065,57197700
2019-04-30,263.706616,264.470364,262.295961,264.182831,81111700
2019-05-01,264.811840,265.018510,262.188150,262.197144,71671900
2019-05-02,262.080394,262.996902,260.139587,261.631134,65030200
2019-05-03,263.104662,264.470403,261.738894,264.191864,56543700
2019-05-06,259.896861,263.544850,259.582374,263.104584,107198100
2019-05-07,260.705623,261.298649,256.806049,258.710907,144729900
2019-05-08,258.351410,260.058592,257.758384,258.351410,91568300
2019-05-09,256.284916,258.171787,254.550752,257.569794,103471100
2019-05-10,256.635308,259.618401,253.652214,258.863647,112429300
2019-05-13,253.760085,254.721480,251.522751,252.358368,127290500
2019-05-14,253.373647,256.168059,253.247869,254.640564,77003200
2019-05-15,253.014215,256.770022,252.807545,256.132080,73956400
2019-05-16,256.832950,259.860958,256.761080,258.504211,76749600
2019-05-17,256.204121,259.312994,256.186133,256.833069,100353000
2019-05-20,255.233590,256.940772,254.388979,255.134766,62877600
2019-05-21,256.823953,257.812330,256.572368,257.434967,46847100
2019-05-22,256.482530,257.596686,256.168042,256.644257,49482500
2019-05-23,254.424965,254.469880,252.097801,253.508484,98733800
2019-05-24,254.946052,255.359391,253.463500,254.083481,55268100
2019-05-28,254.362065,255.314494,251.702453,251.720413,70029400
2019-05-29,250.606255,251.010573,248.629500,250.031189,104972900
2019-05-30,250.785996,251.621641,249.617931,250.714127,62523800
2019-05-31,248.171277,248.997900,247.308678,247.335632,86862800
2019-06-03,247.371561,248.485717,245.376845,246.706665,96428000
2019-06-04,248.997857,252.196586,248.548597,252.061813,77231900
2019-06-05,253.679167,254.272194,251.873160,254.245239,71169700
2019-06-06,254.541767,256.572404,253.894832,255.898514,69430400
2019-06-07,256.913834,259.537525,256.743113,258.459290,74272200
2019-06-10,260.004758,261.307623,259.555498,259.645355,60799100
2019-06-11,261.460301,261.828697,258.935462,259.582397,58641300
2019-06-12,259.348867,259.905945,258.612074,259.124237,47096300
2019-06-13,260.031693,260.552850,259.330849,260.193420,48945200
2019-06-14,259.905975,260.507969,259.142228,259.905975,52324700
2019-06-17,260.139564,260.768539,259.834070,260.004791,39205700
2019-06-18,261.819717,263.778484,261.460287,262.727203,85434800
2019-06-19,262.862089,263.850467,261.891699,263.320343,78674400
2019-06-20,265.997967,266.240557,263.383269,265.836212,116570000
2019-06-21,265.567087,266.822090,265.233022,265.449707,83309500
2019-06-24,265.657427,265.973417,264.971222,265.124725,47582700
2019-06-25,265.178883,265.205969,262.416041,262.524384,82028700
2019-06-26,263.418241,263.923858,262.154200,262.262543,51584900
2019-06-27,263.021015,263.698182,262.641816,263.192566,40355200
2019-06-28,264.167527,265.043331,263.652901,264.546753,59350900
2019-07-01,267.869455,268.086167,265.747657,266.948517,78705600
2019-07-02,266.903361,267.697909,266.063680,267.643738,61504500
2019-07-03,268.320952,269.801706,268.176487,269.783630,40898900
2019-07-05,268.555777,269.639256,267.264650,269.476715,51677300
2019-07-08,268.167401,269.296014,267.454110,267.995850,45841800
2019-07-09,266.840162,268.627867,266.785991,268.329926,41101300
2019-07-10,269.395345,270.560081,268.862643,269.612030,58448500
2019-07-11,270.253117,270.487850,269.241885,270.244080,50826100
2019-07-12,270.731556,271.526104,270.424577,271.453857,40326000
2019-07-15,271.887231,271.887231,271.038512,271.544128,33900000
2019-07-16,271.453967,271.661642,270.361478,270.668457,36650100
2019-07-17,270.641356,270.803870,268.826538,268.826538,36036300
2019-07-18,268.329913,270.189864,267.887506,269.810638,51392600
2019-07-19,270.903242,270.930327,268.140399,268.311951,58678600
2019-07-22,268.709162,269.512748,268.194536,268.971008,43638100
2019-07-23,270.090577,270.894135,269.259906,270.894135,44564500
2019-07-24,270.135733,272.167236,270.045439,272.167236,47213200
2019-07-25,271.715815,271.769986,270.063510,270.867096,55394100
2019-07-26,271.553242,272.880491,271.426824,272.681854,45084100
2019-07-29,272.564529,272.681909,271.634553,272.185303,38126500
2019-07-30,270.785812,271.923463,270.406586,271.517151,45849000
2019-07-31,271.760825,271.950452,266.533112,268.546539,104245200
2019-08-01,268.700146,271.652588,265.413613,266.208160,142646600
2019-08-02,265.314331,265.558101,262.650793,264.203766,116749700
2019-08-05,260.113632,260.221974,254.362226,256.258301,178745400
2019-08-06,258.145389,260.068550,256.673673,259.851837,120711700
2019-08-07,256.782015,260.772803,254.651207,260.005341,140572300
2019-08-08,261.495158,265.106720,260.944408,265.106720,87713900
2019-08-09,264.167579,264.763489,261.522117,263.300812,93730000
2019-08-12,261.802060,263.291823,259.147560,260.095612,65527600
2019-08-13,259.797604,265.585133,259.454501,264.140503,94299800
2019-08-14,260.095538,260.700459,256.204085,256.330475,135622100
2019-08-15,257.215335,257.901540,254.967147,257.007660,99556600
2019-08-16,258.660050,261.233266,257.061917,260.799896,83018300
2019-08-19,263.815596,264.619154,263.138428,263.941986,53571800
2019-08-20,263.436344,263.969046,261.793104,261.919495,51596400
2019-08-21,264.077348,264.420423,263.391143,264.050262,49524700
2019-08-22,264.754532,265.386539,262.199337,263.968994,51666400
2019-08-23,262.668813,264.330127,255.942270,257.188263,149161500
2019-08-26,259.373199,260.032318,257.847312,260.032318,72423800
2019-08-27,261.422814,261.793002,258.253661,259.012085,66668900
2019-08-28,258.352990,260.998451,257.549404,260.835938,59696700
2019-08-29,263.391191,264.691355,262.388968,264.167664,57899400
2019-08-30,265.648368,265.666416,263.120287,264.050262,62901200
2019-09-03,262.352902,263.264803,261.179128,262.506378,69101400
2019-09-04,264.673275,265.503918,263.923860,265.485870,46887300
2019-09-05,267.968767,269.810643,265.449696,268.898743,83258100
2019-09-06,269.214815,269.747517,268.537648,269.106445,49584300
2019-09-09,270.090601,270.180868,268.302869,269.241882,51260300
2019-09-10,268.483407,269.241859,267.228404,269.178650,57947100
2019-09-11,269.485691,271.174091,268.835609,271.092834,68821100
2019-09-12,271.995676,273.088165,271.237252,272.031799,72908700
2019-09-13,272.474132,272.826272,271.480947,271.851135,62104800
2019-09-16,270.722726,271.896500,270.370613,271.011658,58191200
2019-09-17,270.812942,271.788051,270.641391,271.697784,41475500
2019-09-18,271.309483,271.968602,269.277980,271.860260,73375800
2019-09-19,272.248505,273.241690,271.508129,271.842194,76560500
2019-09-20,272.444503,272.725717,269.768693,270.557831,89565000
2019-09-23,269.895570,271.210817,269.641594,270.494232,43476800
2019-09-24,271.582795,271.972824,267.410314,268.371796,94869400
2019-09-25,268.453384,270.403557,266.974872,269.959106,71854000
2019-09-26,269.968150,270.176756,267.990767,269.396698,56179700
2019-09-27,270.149552,270.258423,266.394340,267.945404,84746600
2019-09-30,268.462443,269.895585,268.417101,269.188080,51662400
2019-10-01,270.067913,270.720997,265.768460,265.986145,88242400
2019-10-02,264.407947,264.417026,259.999649,261.287659,122539500
2019-10-03,261.060844,263.455494,258.348744,263.428284,85278800
2019-10-04,264.081388,267.247018,264.026939,266.993042,65091200
2019-10-07,266.194770,267.818414,265.559817,265.841003,59610500
2019-10-08,263.990718,264.725435,261.677699,261.713989,95708100
2019-10-09,263.727649,265.133581,263.101776,264.199310,62359400
2019-10-10,264.117604,266.865994,263.954340,265.986145,55296300
2019-10-11,268.734634,270.975073,268.616739,268.743713,98720400
2019-10-14,268.426116,269.097359,268.099588,268.444275,40394800
2019-10-15,269.487425,271.845785,269.369503,271.101990,46754500
2019-10-16,270.639415,271.356000,270.231255,270.666626,48928200
2019-10-17,271.827693,272.335644,270.775500,271.464874,45736600
2019-10-18,270.929604,271.573608,269.423882,270.276520,64304000
2019-10-21,271.591823,272.308380,271.156424,272.108826,39048600
2019-10-22,272.644095,272.934361,271.129320,271.220032,48594700
2019-10-23,270.965981,272.063516,270.757347,272.009094,34352200
2019-10-24,272.943372,273.088505,271.628124,272.453552,35453100
2019-10-25,271.882068,274.113455,271.827647,273.569214,45205400
2019-10-28,274.784678,275.610106,274.757467,275.111206,42147000
2019-10-29,274.839097,275.954790,274.712095,275.029572,44284900
2019-10-30,275.229106,276.245009,273.922938,275.873138,49643900
2019-10-31,275.864000,275.864000,273.687063,275.138336,69053800
2019-11-01,276.580612,277.732567,276.417320,277.687225,71141500
2019-11-04,279.238377,279.374431,278.431081,278.802979,60606900
2019-11-05,279.002550,279.301895,278.204333,278.494598,42933200
2019-11-06,278.494513,278.830121,277.614664,278.558014,46487100
2019-11-07,279.891334,280.870946,279.065906,279.537567,54272300
2019-11-08,279.192959,280.281442,278.494533,280.227020,49032100
2019-11-11,278.848336,279.864238,278.712254,279.691895,35797300
2019-11-12,280.054760,281.179505,279.510518,280.281525,46484600
2019-11-13,279.292789,280.771301,279.066024,280.372192,53917700
2019-11-14,280.090988,280.861994,279.456035,280.780334,51219900
2019-11-15,282.113741,282.857537,281.424394,282.812195,62023600
2019-11-18,282.576423,283.256719,282.122893,283.020874,49228000
2019-11-19,283.619412,283.628492,282.295113,282.939117,67804700
2019-11-20,282.349511,282.866542,280.335838,281.886902,79406200
2019-11-21,281.995811,282.104654,280.635221,281.433411,54664700
2019-11-22,282.177218,282.313271,281.052473,282.059296,44850200
2019-11-25,282.984471,284.245270,282.984471,284.245270,48647200
2019-11-26,284.281659,285.070797,283.964183,284.889374,37569000
2019-11-27,285.370045,286.159210,285.152360,286.159210,44444600
2019-11-29,285.596833,285.841757,284.871196,285.097961,36592700
2019-12-02,285.351927,285.415427,282.249798,282.676117,75767800
2019-12-03,279.963986,280.861994,278.585265,280.780334,73941700
2019-12-04,281.823501,283.111511,281.478814,282.512848,49080000
2019-12-05,283.211377,283.229508,281.714705,283.020874,40709000
2019-12-06,284.925510,286.004913,284.916430,285.605804,48927000
2019-12-09,285.215868,285.887083,284.635336,284.707916,34838500
2019-12-10,284.653436,285.315572,283.737297,284.390381,52649800
2019-12-11,284.843987,285.451730,284.308825,285.197754,53429100
2019-12-12,285.206811,288.435942,284.970994,287.655884,96389600
2019-12-13,287.420029,289.052753,286.649022,287.828217,81503900
2019-12-16,289.551627,290.395186,287.764718,289.805603,82749700
2019-12-17,290.186648,290.485965,289.787539,289.869171,61097700
2019-12-18,290.259166,290.485931,289.832847,289.887268,48133000
2019-12-19,290.077729,291.148081,289.823753,291.075500,85310500
2019-12-20,292.105465,293.481868,291.130161,292.351593,147142100
2019-12-23,293.135537,293.190225,292.652432,292.798279,52990000
2019-12-24,293.026129,293.071694,292.506556,292.807373,20270000
2019-12-26,293.190191,294.375182,293.181094,294.366058,30911200
2019-12-27,295.095324,295.150013,293.764513,294.293182,42528800
2019-12-30,294.375219,294.511941,292.187550,292.670654,49729100
2019-12-31,292.169344,293.627781,291.822962,293.381653,57077300
2020-01-02,294.912997,296.143553,293.992353,296.125305,59151200
2020-01-03,292.743535,295.004113,292.688847,293.882935,77709700
2020-01-06,292.132751,295.086092,292.014249,295.004059,55653900
2020-01-07,294.438973,294.912981,293.727989,294.174652,40496400
2020-01-08,294.366059,296.954771,294.119959,295.742462,68296000
2020-01-09,297.301167,297.820740,296.717781,297.747803,48473300
2020-01-10,298.331208,298.486150,296.426135,296.890991,53029300
2020-01-13,297.510741,298.941805,297.082326,298.932709,47086800
2020-01-14,298.495241,299.543482,297.920979,298.477020,62832800
2020-01-15,298.385816,299.908038,298.303783,299.151489,72056600
2020-01-16,300.527929,301.639984,300.300050,301.639984,54050300
2020-01-17,302.351008,302.788520,301.576211,302.578888,95846000
2020-01-21,301.621695,302.788439,301.548786,301.986298,77742400
2020-01-22,302.843220,303.490418,301.867915,302.022858,48914900
2020-01-23,301.375679,302.779427,300.263624,302.369232,51963000
2020-01-24,303.025464,303.107497,298.394930,299.680176,87578400
2020-01-27,294.448080,296.353152,294.110822,294.876495,84062500
2020-01-28,296.298396,298.841542,294.967586,297.966492,63834000
2020-01-29,299.324711,299.552591,297.519893,297.720428,53888900
2020-01-30,295.660425,298.896336,294.913000,298.686676,75491800
2020-01-31,298.066819,298.221790,292.351603,293.263123,113845600
2020-02-03,294.739790,297.301158,294.621289,295.441650,69083000
2020-02-04,299.042154,300.810504,298.723117,299.944550,62573200
2020-02-05,302.870502,303.617954,301.412093,303.408295,65951100
2020-02-06,304.365417,304.620641,303.353616,304.429230,50359700
2020-02-07,303.371900,304.438362,302.259845,302.806763,64139400
2020-02-10,301.922566,305.131104,301.886098,305.067291,42070000
2020-02-11,306.416340,307.200233,305.067281,305.595978,54864500
2020-02-12,307.027029,307.774481,306.662427,307.564850,43992700
2020-02-13,306.142890,308.202933,305.869446,307.236725,54501900
2020-02-14,307.646909,307.847445,306.452821,307.728943,64582200
2020-02-18,306.735317,307.792682,305.550325,306.935852,57226200
2020-02-19,307.902148,309.077988,307.619580,308.403473,48814700
2020-02-20,307.856524,308.676914,304.155758,307.136444,74163400
2020-02-21,305.787395,306.097308,303.153091,303.973480,113788200
2020-02-24,294.548354,304.046370,292.816445,293.892059,161088400
2020-02-25,295.277572,295.888275,284.111460,284.986511,218913200
2020-02-26,286.381097,289.963361,283.209028,283.938232,194773800
2020-02-27,278.432751,283.993026,271.186188,271.186188,284353500
2020-02-28,263.155698,271.532565,260.275293,270.046783,384975800
2020-03-02,271.824181,281.805329,268.405983,281.741516,238703600
2020-03-03,282.115239,286.071229,271.240819,273.674561,300139100
2020-03-04,279.034316,285.396732,276.491169,285.177948,176613400
2020-03-05,277.995197,281.176391,273.464945,275.698151,186366800
2020-03-06,267.211827,272.343684,264.550207,271.140472,228667200
2020-03-09,250.941339,259.044762,249.255050,249.966034,309417300
2020-03-10,259.454819,262.991490,249.300482,262.900360,276444100
2020-03-11,255.863531,256.993806,246.912403,250.084473,255316300
2020-03-12,233.348961,243.065761,225.765113,226.157074,392220700
2020-03-13,239.811656,247.459318,226.530825,245.490433,329566100
2020-03-16,219.840238,234.169324,216.358241,218.627930,297240000
2020-03-17,223.358714,233.503944,216.093917,230.432114,262070500
2020-03-18,215.346436,226.394045,207.844636,218.764633,327597100
2020-03-19,218.080968,225.491623,211.672989,219.229477,289322000
2020-03-20,222.370747,224.149495,209.506931,209.781998,347158800
2020-03-23,209.222696,210.588837,200.118077,204.418243,326025200
2020-03-24,214.934856,223.810256,214.366395,222.939209,235494500
2020-03-25,224.516220,235.042004,219.821803,226.276627,299430300
2020-03-26,228.779734,240.955876,228.348799,239.488892,257632800
2020-03-27,232.218019,239.131282,230.182546,232.355545,224341200
2020-03-30,234.446075,240.616669,232.456448,239.901505,171369500
2020-03-31,238.902097,241.441843,234.922844,236.325668,194881100
2020-04-01,227.367725,236.243124,223.626856,225.689835,189554600
2020-04-02,224.809657,231.677075,224.259524,230.897736,177660400
2020-04-03,229.916645,232.263867,224.837140,227.560272,135561200
2020-04-06,236.408212,244.806832,227.541989,242.844696,188061200
2020-04-07,251.417524,252.169371,242.872228,243.092270,201427200
2020-04-08,245.686977,253.058695,243.202242,251.252441,153774500
2020-04-09,254.507363,257.826490,252.572761,255.075851,189999200
2020-04-13,254.103955,254.443196,248.850226,252.746964,114839100
2020-04-14,257.624743,261.218894,252.609413,260.201172,134143400
2020-04-15,254.498200,260.338717,252.563570,254.672409,121775000
2020-04-16,255.946818,256.753677,252.838613,255.900986,131798300
2020-04-17,261.659084,263.419477,258.926773,262.814362,146684800
2020-04-20,259.119228,262.951804,257.963979,258.184021,100109300
2020-04-21,253.728044,254.929154,249.409522,250.344757,126385700
2020-04-22,255.213326,257.643051,253.893018,255.900986,92951600
2020-04-23,257.175448,260.338692,255.580087,255.882645,104709700
2020-04-24,257.395510,260.118642,255.350859,259.449310,85063200
2020-04-27,261.420555,264.308718,260.962115,263.190125,77896600
2020-04-28,266.830253,267.178671,261.677395,261.979980,105270000
2020-04-29,267.297815,270.369366,266.270914,268.838165,118745600
2020-04-30,267.462796,268.938986,264.602138,266.335052,122901700
2020-05-01,261.594827,266.500137,258.119847,259.284302,125180000
2020-05-04,257.404697,260.302039,255.928535,259.999481,80873200
2020-05-05,262.814310,265.207351,260.127832,262.401703,79569900
2020-05-06,264.097905,264.482979,260.191990,260.622925,73632600
2020-05-07,263.832041,265.693305,263.263580,263.767853,75250400
2020-05-08,266.894440,268.599850,265.766668,268.132233,76452400
2020-05-11,266.206762,269.562544,265.785006,268.187225,79514200
2020-05-12,269.370004,269.782583,262.704273,262.841827,95870800
2020-05-13,262.282449,263.318527,255.772602,258.193176,144721100
2020-05-14,255.763538,261.411491,250.298916,261.283142,121977900
2020-05-15,258.899221,262.530055,257.954836,262.484222,111146300
2020-05-18,268.691414,272.083878,268.370529,270.479340,119703800
2020-05-19,269.883379,271.588761,267.682875,267.701202,95189300
2020-05-20,271.231270,273.110862,271.002050,272.248993,85861700
2020-05-21,272.120597,272.927455,269.278266,270.369354,78293900
2020-05-22,270.085132,271.057022,268.847339,270.882812,63958200
2020-05-26,276.833295,277.071693,270.901087,274.220184,88951400
2020-05-27,277.007642,278.337129,272.194024,278.300446,104817400
2020-05-28,279.327338,281.335307,277.117655,277.786987,90405200
2020-05-29,277.319279,279.611477,274.577819,279.024689,119090800
2020-06-01,278.382926,280.757640,277.869476,280.152496,55758300
2020-06-02,281.069404,282.518090,279.739946,282.472229,74267200
2020-06-03,284.452606,287.184916,284.177553,286.231354,92567600
2020-06-04,285.250303,286.983218,283.389039,285.479523,75794400
2020-06-05,290.861602,294.565774,290.797414,292.796204,150524700
2020-06-08,293.603078,296.527925,293.062123,296.335388,73641200
2020-06-09,293.676443,296.408753,292.814574,294.125732,77479200
2020-06-10,294.703419,295.592793,291.769393,292.484558,95000800
2020-06-11,285.571224,286.203873,275.072972,275.623077,209243600
2020-06-12,282.618943,283.389119,273.780239,278.923920,194678900
2020-06-15,273.248382,282.655573,272.074777,281.527802,135782700
2020-06-16,289.257148,289.403853,282.096322,286.946594,137627500
2020-06-17,287.964352,288.257760,285.021149,285.754669,83398900
2020-06-18,284.241727,286.341361,283.783288,285.864594,80828700
2020-06-19,289.323580,289.516964,282.287783,284.230927,135549600
2020-06-22,283.632252,286.450246,282.490328,286.054260,74649400
2020-06-23,288.697365,289.627497,286.966042,287.371246,68471200
2020-06-24,285.336028,285.953053,278.208161,280.040771,132813500
2020-06-25,279.469787,283.310011,277.452983,283.042938,89468000
2020-06-26,281.947051,282.158871,275.740099,276.320251,127961000
2020-06-29,277.572784,280.519693,275.288906,280.381561,79773300
2020-06-30,279.948723,285.667621,279.792183,283.973114,113394800
2020-07-01,285.087398,287.223926,284.626941,285.962250,72396500
2020-07-02,289.388036,290.732591,286.873959,287.537018,69344200
2020-07-06,291.349585,292.555980,290.603647,291.975800,61713800
2020-07-07,290.438007,292.408750,288.586960,288.964539,82910000
2020-07-08,289.728689,291.285035,287.969768,291.174530,54638600
2020-07-09,291.782470,292.021917,286.109635,289.517029,83354200
2020-07-10,289.452547,292.740218,288.025141,292.473145,57550400
2020-07-13,294.812164,297.188109,289.286680,289.940521,102997500
2020-07-14,288.522376,294.471501,287.325199,293.697937,93657000
2020-07-15,296.911950,297.492130,294.020266,296.396240,87196500
2020-07-16,294.499160,295.871313,293.854509,295.420074,54622500
2020-07-17,296.423869,297.059302,294.453100,296.276520,62774900
2020-07-20,296.009443,299.416837,295.263505,298.670898,56308800
2020-07-21,300.632393,301.074414,298.320890,299.306274,57292200
2020-07-22,298.947080,301.323054,298.836575,301.009918,57792900
2020-07-23,300.650844,301.350748,296.055492,297.418427,75738000
2020-07-24,295.567431,296.525162,294.001866,295.502960,73766600
2020-07-27,296.193557,297.832782,295.401556,297.657806,48293000
2020-07-28,296.930291,298.044617,295.475259,295.769958,57495000
2020-07-29,296.644850,299.969365,296.608006,299.407593,48454200
2020-07-30,296.442305,298.753809,294.361058,298.339386,61861700
2020-07-31,300.125937,300.798215,295.917352,300.696899,84986800
2020-08-03,302.354523,303.551700,301.811187,302.787354,53077900
2020-08-04,301.930948,303.956970,301.930948,303.956970,41917900
2020-08-05,305.255417,306.102671,304.988344,305.844788,42697700
2020-08-06,305.264578,308.008883,304.942252,307.889160,43679400
2020-08-07,306.922303,308.395772,306.019797,308.110291,57308300
2020-08-10,308.561483,309.215324,306.627558,309.031158,44282100
2020-08-11,310.209944,310.845377,305.752723,306.480225,69601100
2020-08-12,308.911437,311.526830,308.883811,310.753265,53774400
2020-08-13,309.988926,311.499239,309.270614,310.191528,41816100
2020-08-14,309.804697,310.734829,309.077167,310.200684,47260400
2020-08-17,311.213784,311.582144,310.209990,311.186157,35481000
2020-08-18,311.582168,312.282072,309.988976,311.858459,38733900
2020-08-19,312.235979,312.751689,309.998164,310.559937,68054200
2020-08-20,308.837774,312.005721,308.708860,311.526855,42207800
2020-08-21,311.195304,312.852938,310.854542,312.631927,55106600
2020-08-24,315.063209,315.873618,312.604383,315.799957,48588700
2020-08-25,316.361754,316.987969,315.201393,316.905090,38463400
2020-08-26,317.494356,320.349168,316.951020,320.082123,50790200
2020-08-27,320.947890,322.227947,319.124470,320.782104,58034100
2020-08-28,321.804298,322.983067,320.616311,322.854126,48588900
2020-08-31,322.642329,323.517181,321.454342,321.684570,66099200
2020-09-01,322.513327,324.815612,321.620039,324.714325,54908700
2020-09-02,326.620551,330.377868,325.478599,329.410919,69540000
2020-09-03,327.725685,328.195361,315.495948,318.074524,148011100
2020-09-04,318.755898,320.321435,308.386400,315.477448,139156300
2020-09-08,310.080957,315.541998,306.553868,306.857758,114465300
2020-09-09,310.854522,315.376214,309.988861,312.917389,91462300
2020-09-10,314.786851,315.440692,306.526250,307.484009,90569500
2020-09-11,309.261382,310.320427,304.822569,307.640564,84680200
2020-09-14,310.799339,313.460795,307.787960,311.692627,65605700
2020-09-15,314.142247,314.971064,311.701830,313.267395,52920900
2020-09-16,314.501370,315.928776,311.747818,312.024109,82096000
2020-09-17,307.180102,310.992700,306.655174,309.279785,91523300
2020-09-18,310.083293,310.194241,303.241254,305.719177,105877900
2020-09-21,301.142418,302.464590,297.471752,302.316650,99450800
2020-09-22,303.796028,305.950335,301.290340,305.395569,63612100
2020-09-23,305.950322,306.227719,297.813849,298.313141,93112200
2020-09-24,297.000158,302.159416,295.687213,299.108246,76681300
2020-09-25,298.257653,304.729858,297.388555,303.943970,71069400
2020-09-28,308.095385,309.704181,307.106056,308.992249,64584600
2020-09-29,308.788876,309.528545,306.616059,307.309509,51304000
2020-09-30,307.975137,312.783070,307.780979,309.639435,104081100
2020-10-01,312.228335,313.199154,309.750412,311.627350,88698700
2020-10-02,306.690010,311.599636,306.218454,308.668640,89431100
2020-10-05,310.721210,314.327146,310.674991,314.142242,45713100
2020-10-06,314.281097,316.370704,309.168055,309.676575,90128900
2020-10-07,312.625875,315.871231,312.598138,315.066833,56999600
2020-10-08,316.999351,317.923951,316.083977,317.859222,45242500
2020-10-09,319.505011,321.160054,318.885544,320.697754,59528600
2020-10-12,323.231223,327.327198,322.741186,325.857086,80388500
2020-10-13,325.718263,325.893939,322.768785,323.730377,73255500
2020-10-14,324.303670,325.394692,320.965875,321.696289,57727900
2020-10-15,317.794492,321.779519,317.258236,321.298737,60357700
2020-10-16,322.648559,324.303602,320.928816,321.104492,89501900
2020-10-19,322.361989,322.990711,315.325793,316.222656,68425600
2020-10-20,317.563274,320.725421,316.805124,317.489319,60051900
2020-10-21,317.443166,319.606756,316.583294,316.888428,63575000
2020-10-22,317.101002,319.209090,314.965177,318.626587,55399300
2020-10-23,319.847120,319.902593,317.258249,319.708435,49143900
2020-10-26,316.333567,317.119483,310.314409,313.800171,91473000
2020-10-27,314.142307,314.475150,312.505746,312.718414,65994100
2020-10-28,307.059859,312.746147,301.539992,302.030029,127094300
2020-10-29,302.261140,308.261788,300.578361,305.099670,90597700
2020-10-30,303.527894,304.831584,298.276169,301.919098,120287300
2020-11-02,305.303101,307.300213,302.566263,305.303101,86068300
2020-11-03,308.530011,312.746188,305.386374,310.693573,93294200
2020-11-04,315.159348,321.705536,313.985115,317.637299,126959700
2020-11-05,322.907492,325.635075,322.556139,323.832092,82039700
2020-11-06,323.545449,325.006334,321.437361,323.758118,74973000
2020-11-09,336.526849,336.905939,327.364055,327.826355,172304200
2020-11-10,326.837003,328.399580,324.081712,327.345551,85552000
2020-11-11,329.527592,330.600132,328.288631,329.777252,58649000
2020-11-12,328.769454,329.823513,324.775201,326.578156,67546200
2020-11-13,328.482882,331.839187,327.965108,331.099518,62892200
2020-11-16,333.762280,335.426550,332.477072,335.232391,74541100
2020-11-17,332.828459,334.631441,331.321355,333.429443,66111000
2020-11-18,333.697623,334.243134,329.379726,329.416718,70591300
2020-11-19,328.787966,331.173423,327.447284,330.803589,59940900
2020-11-20,330.544634,330.748047,328.464283,328.538239,70417300
2020-11-23,330.341208,331.765101,328.112918,330.507629,63230600
2020-11-24,333.050348,336.378915,332.199731,335.833405,62415900
2020-11-25,335.750176,335.777913,334.224591,335.315613,45330900
2020-11-27,336.406647,336.721008,335.241642,336.249481,28514100
2020-11-30,335.472827,335.740969,332.088814,334.760895,83872700
2020-12-01,338.006249,339.957143,337.414491,338.422302,74231400
2020-12-02,337.312783,339.291413,336.739535,339.134247,45927000
2020-12-03,339.032493,340.428649,337.941471,339.041748,62882000
2020-12-04,339.624293,341.963531,339.531827,341.963531,50749900
2020-12-07,341.196074,341.750840,339.994105,341.260803,48944300
2020-12-08,339.994117,342.823392,339.947898,342.259399,42458900
2020-12-09,342.915836,343.073002,338.357562,339.189697,74098300
2020-12-10,337.821355,340.123602,336.952228,339.078827,57735400
2020-12-11,337.386717,339.087979,335.870387,338.681152,57698600
2020-12-14,340.844746,341.917257,336.989149,337.164825,69216200
2020-12-15,339.698297,341.723175,338.329906,341.723175,63865300
2020-12-16,341.935784,343.174745,341.057402,342.259399,58420500
2020-12-17,343.895910,344.376692,343.073002,344.173279,64119500
2020-12-18,344.461201,344.628332,340.793449,342.799103,136542300
2020-12-21,338.889924,351.415944,336.160008,341.573395,96386700
2020-12-22,341.898398,342.009818,339.874183,340.997711,47949000
2020-12-23,341.963273,343.207515,340.979021,341.304016,46201400
2020-12-24,341.777687,342.659813,341.192729,342.631958,26457900
2020-12-28,345.176145,345.965411,344.554038,345.575439,39000400
2020-12-29,347.098186,347.274611,344.331121,344.916107,53680500
2020-12-30,345.733198,346.438899,345.018231,345.408203,49455300
2020-12-31,345.213295,347.887500,344.702608,347.163239,78520700
2021-01-04,348.491002,348.621012,338.750608,342.436920,110210800
2021-01-05,341.796238,345.881817,341.749794,344.795410,66426200
2021-01-06,343.291154,350.041670,342.743317,346.856750,107997700
2021-01-07,349.224568,352.753015,349.048142,352.010193,68766800
2021-01-08,353.393734,354.229416,350.153132,354.015869,71677200
2021-01-11,350.849575,353.384477,350.728860,351.629547,51034700
2021-01-12,351.815154,352.715812,349.465916,351.703705,52547700
2021-01-13,351.629508,353.644428,350.849536,352.650909,45303600
2021-01-14,353.393784,353.895205,351.081724,351.415985,49989100
2021-01-15,349.800313,350.598845,346.996127,348.853210,107160000
2021-01-19,351.304531,352.130947,349.828153,351.592377,51233300
2021-01-20,353.876543,357.293598,353.486571,356.457916,61836100
2021-01-21,357.015003,357.442152,355.863620,356.782867,47840100
2021-01-22,354.935095,356.680758,354.554389,355.520081,52860500
2021-01-25,356.253659,357.275033,351.415936,356.922211,70402000
2021-01-26,357.869315,358.277876,356.132946,356.365082,42665300
2021-01-27,353.050191,353.143051,345.426870,347.655365,123351100
2021-01-28,349.465967,354.637951,349.029580,350.645233,94198100
2021-01-29,348.788117,349.753808,341.954035,343.625427,126765100
2021-02-01,347.014688,350.376005,343.913361,349.345337,75817600
2021-02-02,352.520872,355.835772,349.428840,354.285095,64450700
2021-02-03,355.111496,356.281468,353.291562,354.563660,52427100
2021-02-04,355.594367,358.639983,354.675119,358.593567,47142600
2021-02-05,360.459918,360.710614,358.547124,360.004913,48669800
2021-02-08,361.453447,362.651274,360.599205,362.604858,38365200
2021-02-09,361.769123,362.957684,361.360591,362.363403,35551100
2021-02-10,364.099769,364.248339,359.809911,362.205536,59154400
2021-02-11,363.282623,363.700478,360.367017,362.790497,42913300
2021-02-12,361.991972,364.824013,361.917673,364.582611,50593300
2021-02-16,365.808320,366.003334,363.551970,364.266937,50972400
2021-02-17,362.521296,364.601221,361.509161,364.350525,52290600
2021-02-18,361.750639,363.542718,360.032831,362.799896,59712800
2021-02-19,364.053321,364.341167,361.713378,362.159088,83241000
2021-02-22,359.401329,361.778394,359.104189,359.373474,67414200
2021-02-23,357.172881,361.156333,353.031593,359.809937,107284100
2021-02-24,358.723541,364.201960,357.739289,363.774811,72433900
2021-02-25,362.512002,363.876960,353.570140,355.009369,146670500
2021-02-26,356.885077,358.027166,351.202405,353.180176,152701600
2021-03-01,358.036430,362.985573,353.375160,361.741302,105348800
2021-03-02,361.964103,362.196238,358.417067,358.918488,79595300
2021-03-03,358.222183,359.187846,354.062305,354.164459,119940200
2021-03-04,353.978676,356.560020,345.306099,349.781677,183433000
2021-03-05,353.272971,357.265718,346.011797,356.216461,152039600
2021-03-08,357.172847,359.977033,354.164381,354.442932,123149200
2021-03-09,358.277858,362.047735,357.776438,359.503540,113633600
2021-03-10,361.843457,363.431255,360.432083,361.741302,109899400
2021-03-11,364.201995,367.377592,363.746990,365.409088,86245000
2021-03-12,364.053365,366.040429,363.245538,365.901154,64653600
2021-03-15,366.151900,368.343273,364.016265,368.083282,73427200
2021-03-16,368.696161,369.401834,366.848343,367.619049,73722500
2021-03-17,366.337599,369.671060,365.195482,368.872528,97959300
2021-03-18,366.291149,368.371073,362.827678,363.505524,115349100
2021-03-19,363.205544,364.779921,360.662312,362.832916,113624500
2021-03-22,363.345253,367.108855,363.289360,365.730103,73778600
2021-03-23,365.096681,366.540623,362.069036,362.851562,90686600
2021-03-24,364.248938,365.879208,360.960451,361.007019,97588600
2021-03-25,359.572383,363.829695,357.634674,363.037872,116128600
2021-03-26,364.183613,369.288696,363.587415,368.888123,114409100
2021-03-29,367.416346,369.605572,365.935132,368.701935,108107600
2021-03-30,367.434875,368.394404,366.130636,367.723663,76262200
2021-03-31,368.292036,370.770051,368.264090,369.214294,112734200
2021-04-01,371.142656,373.257368,370.937707,373.201447,99682900
2021-04-05,375.856490,379.098409,375.781976,378.558075,91684800
2021-04-06,377.999025,379.377749,377.663640,378.334381,62021000
2021-04-07,378.166846,379.117051,377.710379,378.772369,55836300
2021-04-08,380.020682,380.626205,379.089099,380.570312,57863100
2021-04-09,380.449182,383.504773,380.328072,383.337067,61104600
2021-04-12,382.740848,383.746945,382.135325,383.476807,56704900
2021-04-13,383.374289,385.237454,382.992336,384.613281,56551000
2021-04-14,384.585365,385.638058,382.759471,383.299805,61659900
2021-04-15,385.433173,387.687617,385.386606,387.417450,60229800
2021-04-16,388.703016,389.317865,387.287020,388.712341,82037300
2021-04-19,387.780761,388.227903,385.479750,386.802582,78498500
2021-04-20,385.591526,386.690788,382.498664,383.970581,81851800
2021-04-21,383.355683,387.808648,383.215923,387.603699,66793000
2021-04-22,387.436075,388.265169,383.001731,384.063721,97582800
2021-04-23,384.622593,389.634513,384.548079,388.227814,73209200
2021-04-26,388.879977,389.606610,388.293075,389.038330,52182400
2021-04-27,389.336542,389.532195,387.818057,388.954590,51303100
2021-04-28,389.224665,390.342576,388.376921,388.842712,51238900
2021-04-29,391.562930,391.935557,387.948384,391.320709,78544300
2021-04-30,389.057011,389.904755,387.855261,388.749573,85527000
2021-05-03,390.733811,391.115763,389.094244,389.587982,68128300
2021-05-04,387.603733,388.097471,383.504774,387.184509,101591200
2021-05-05,388.824149,389.057045,386.746709,387.305664,60162200
2021-05-06,387.380150,390.528905,385.377252,390.398499,74321400
2021-05-07,391.162335,393.891865,390.482269,393.239746,67733800
2021-05-10,393.593842,393.817412,389.224715,389.345825,81852400
2021-05-11,384.836959,386.858478,382.004938,385.871002,116888000
2021-05-12,383.094947,384.361886,376.359591,377.673126,134811000
2021-05-13,379.219556,384.138314,379.172960,382.209930,106394000
2021-05-14,384.939306,388.926479,384.911360,388.078735,82201600
2021-05-17,386.970257,387.901840,385.079117,387.091339,65129200
2021-05-18,387.352245,387.594466,383.597966,383.756348,59810200
2021-05-19,379.079742,382.927156,377.598500,382.750153,106467100
2021-05-20,383.625848,388.125410,383.504767,386.867767,78022200
2021-05-21,388.348974,389.587995,386.094559,386.551025,76578700
2021-05-24,388.786825,391.562953,388.544605,390.491638,51376700
2021-05-25,391.572280,391.926286,389.047698,389.625275,57451400
2021-05-26,390.212171,390.901533,389.178127,390.398499,43088600
2021-05-27,391.423252,391.935611,390.323963,390.603455,56707700
2021-05-28,392.168489,392.429331,391.069228,391.302124,58520200
2021-06-01,393.659044,393.798775,390.519613,390.957458,54216600
2021-06-02,391.609506,392.410682,390.603409,391.572235,49097100
2021-06-03,389.261948,391.255520,387.799356,390.118988,58138800
2021-06-04,391.963547,393.985095,390.184220,393.686981,55938800
2021-06-07,393.677681,393.854684,392.373471,393.305054,51555000
2021-06-08,394.162056,394.255220,391.562960,393.388855,47134300
2021-06-09,394.227262,394.301804,392.578370,392.801941,48436300
2021-06-10,394.022376,395.578132,392.708840,394.627899,51020100
2021-06-11,395.177477,395.391723,393.891888,395.279938,45570800
2021-06-14,395.391809,396.267500,394.152816,396.165039,42358500
2021-06-15,396.314106,396.351349,394.562725,395.438416,51508500
2021-06-16,395.578045,395.801616,391.190298,393.230438,80386100
2021-06-17,392.820634,394.078248,390.631408,393.100098,90949700
2021-06-18,389.825130,390.516747,387.591377,387.796997,118676300
2021-06-21,389.554186,393.535723,388.741061,393.348785,72822000
2021-06-22,393.339383,396.283465,392.619699,395.451630,57700300
2021-06-23,395.526374,396.330142,394.890832,394.974945,49445400
2021-06-24,397.115289,397.732121,396.862921,397.311554,45110300
2021-06-25,398.059229,399.171442,397.732103,398.722809,58129500
2021-06-28,399.246295,399.694899,398.049968,399.526672,53159600
2021-06-29,399.909865,400.545407,399.208892,399.741638,35970500
2021-06-30,399.283592,400.750969,399.255554,400.078033,64827900
2021-07-01,400.835100,402.452021,400.769669,402.293121,53441000
2021-07-02,403.452060,405.723206,402.377212,405.368042,57697700
2021-07-06,405.424203,405.639178,401.900654,404.629761,68710400
2021-07-07,405.311969,406.340068,403.302518,406.059662,63549500
2021-07-08,400.750975,403.508147,399.573331,402.751099,97595200
2021-07-09,404.255787,407.349412,402.554752,407.050323,76238600
2021-07-12,406.966257,408.760761,406.536335,408.508392,52889600
2021-07-13,407.723288,409.218703,406.854088,407.115784,52911300
2021-07-14,408.807442,409.293468,406.480220,407.723267,64130400
2021-07-15,406.386825,407.059760,404.433450,406.330750,55126400
2021-07-16,407.508415,407.555136,402.751148,403.143677,75874700
2021-07-19,398.330253,403.209026,394.386110,397.190002,147987000
2021-07-20,397.853640,404.153071,397.059198,402.881958,99608200
2021-07-21,404.078212,406.283955,402.835166,406.143738,64724400
2021-07-22,406.321419,407.237367,405.340068,406.994354,47878500
2021-07-23,408.919639,411.517911,408.237376,411.181458,63766600
2021-07-26,410.592585,412.200151,410.545865,412.190796,43719200
2021-07-27,411.153357,411.181394,407.489592,410.312195,67397100
2021-07-28,410.938424,411.517890,408.723354,410.143982,52472400
2021-07-29,411.069331,412.919882,411.059976,411.845062,47435300
2021-07-30,409.284126,411.293576,409.153264,409.844910,68951200
2021-08-02,411.555373,412.106802,408.629974,408.985138,58783300
2021-08-03,409.779536,412.433884,407.592504,412.312378,58053900
2021-08-04,411.031842,412.284244,410.050492,410.284149,46732200
2021-08-05,411.443138,412.966590,411.125366,412.882477,38969700
2021-08-06,413.200267,413.985354,412.919861,413.564758,46930000
2021-08-09,413.536718,413.854489,412.461898,413.228302,41222600
2021-08-10,413.676970,414.452730,412.994708,413.742401,43339300
2021-08-11,414.807901,414.863977,413.686333,414.770508,44034300
2021-08-12,414.620837,416.153645,413.723600,416.013428,38909400
2021-08-13,416.462094,416.789221,415.976097,416.770538,39470300
2021-08-16,415.471421,417.882756,413.919931,417.751923,73740000
2021-08-17,415.200398,415.873333,412.032014,415.013489,92673900
2021-08-18,414.003972,415.564818,410.228085,410.471069,89351900
2021-08-19,407.751308,412.302983,407.611119,411.106628,92812200
2021-08-20,411.452498,414.704995,410.966472,414.377869,72008700
2021-08-23,416.060219,418.929542,414.452653,418.022949,54973000
2021-08-24,418.686554,419.219300,418.172518,418.686554,38744700
2021-08-25,418.873507,420.079160,418.499632,419.565125,40529700
2021-08-26,419.284708,419.518366,416.994880,417.088348,57829600
2021-08-27,417.892136,421.191382,417.836061,420.817535,77235100
2021-08-30,421.490416,423.453147,421.247403,422.668060,48357400
2021-08-31,422.574586,422.911039,421.443691,422.041840,59300200
2021-09-01,422.976442,423.490477,422.032456,422.266113,48721400
2021-09-02,423.686875,424.369138,422.369042,423.565369,42501000
2021-09-03,422.434453,423.976588,422.032540,423.462524,47170500
2021-09-07,423.116653,423.210121,421.275429,421.948364,51671500
2021-09-08,421.415674,422.144685,419.518347,421.434357,56181900
2021-09-09,421.238028,422.985783,419.387450,419.630463,57970400
2021-09-10,421.555868,421.976435,416.200423,416.321930,89948200
2021-09-13,419.312725,419.574421,415.078821,417.387360,83738600
2021-09-14,418.826723,419.032343,414.247038,415.134949,78197100
2021-09-15,415.555481,419.097740,414.452624,418.602386,78792200
2021-09-16,418.079032,419.051027,414.994733,417.938843,77786700
2021-09-17,417.168103,417.590017,413.511343,413.867645,118425000
2021-09-20,407.754307,409.329510,402.109787,406.966705,166445500
2021-09-21,409.301474,410.595401,406.057299,406.582367,92526100
2021-09-22,408.851363,412.583121,406.694837,410.548462,102350100
2021-09-23,412.414343,417.139980,412.179936,415.536621,76396000
2021-09-24,413.905226,416.933765,413.689562,416.221161,62094800
2021-09-27,415.189623,416.352269,414.336381,415.030243,61371100
2021-09-28,412.264340,412.592514,405.935371,406.666718,130436300
2021-09-29,408.044999,409.779611,406.788585,407.351166,82329200
2021-09-30,408.823304,409.526523,402.034907,402.372467,140506000
2021-10-01,404.097598,408.832592,400.581505,407.154236,129240100
2021-10-04,405.991626,406.891738,399.765782,401.903595,128570000
2021-10-05,403.403766,408.326297,402.606807,406.085388,90682500
2021-10-06,402.494269,407.979380,400.872196,407.773102,113032200
2021-10-07,411.045405,414.130170,410.867254,411.298553,72437500
2021-10-08,412.067438,412.451868,409.920269,410.548462,74557400
2021-10-11,409.892137,412.798780,407.510562,407.576202,65233300
2021-10-12,408.495147,408.898319,405.785396,406.572998,71181200
2021-10-13,407.594960,408.851374,404.622704,408.035645,72974000
2021-10-14,411.692328,415.049041,411.223515,414.899017,70236800
2021-10-15,417.008642,418.424464,416.389806,418.058777,66260200
2021-10-18,416.277295,419.633979,415.620946,419.296448,62213200
2021-10-19,420.918625,422.596954,420.309146,422.531342,46996800
2021-10-20,422.990698,424.490904,422.878188,424.190857,49571600
2021-10-21,423.590757,425.522262,423.159458,425.297241,41305400
2021-10-22,424.866014,426.309964,422.915738,424.856628,58845100
2021-10-25,425.944358,427.463306,424.172261,427.135132,45214500
2021-10-26,428.682114,429.891630,427.144395,427.519440,56075100
2021-10-27,427.978936,428.644642,425.550462,425.625488,72438000
2021-10-28,427.050708,429.807328,427.041351,429.732330,51437900
2021-10-29,427.435132,430.894971,427.144470,430.604309,70162400
2021-11-01,431.588734,431.963807,429.619744,431.344971,48433600
2021-11-02,431.513817,433.398452,431.382535,433.089020,48908400
2021-11-03,432.526433,436.136296,432.085749,435.733124,52509800
2021-11-04,436.333102,437.870821,435.986186,437.786438,52847100
2021-11-05,440.008608,441.293150,437.795827,439.305389,66390600
2021-11-08,440.402501,440.899441,438.996063,439.680511,50405200
2021-11-09,440.046229,440.280635,436.820796,438.227234,51149100
2021-11-10,436.539458,438.227201,433.220286,434.701721,69429700
2021-11-11,436.192590,436.267616,434.823665,434.842407,34848500
2021-11-12,436.108135,438.677219,435.161125,438.124023,53466700
2021-11-15,439.408625,439.568006,437.148945,438.274078,46980500
2021-11-16,438.011582,441.143246,437.936584,440.008728,48857500
2021-11-17,439.746133,439.924284,438.320953,438.939789,47858300
2021-11-18,439.971147,440.693137,437.252041,440.430603,50625600
2021-11-19,440.318098,441.565156,439.277348,439.643036,57315600
2021-11-22,441.518287,444.002988,438.199086,438.405365,72762000
2021-11-23,438.077136,439.839875,435.479925,438.986633,73206500
2021-11-24,436.989484,440.280557,436.173755,440.158661,61858800
2021-11-26,433.501497,434.964189,429.216544,430.341705,112669600
2021-11-29,435.123574,437.458251,432.929535,435.620514,86268800
2021-11-30,433.182809,435.086187,426.900709,427.144501,148559600
2021-12-01,432.845117,435.686119,422.203070,422.399963,131939200
2021-12-02,422.615747,430.435536,422.221932,428.869690,127637800
2021-12-03,430.529252,431.588744,420.918597,425.137909,137331600
2021-12-06,427.678948,432.048285,425.269245,430.173035,98977500
2021-12-07,435.442471,439.633656,430.041741,439.071075,95484700
2021-12-08,439.464842,440.683743,437.711460,440.233673,72238800
2021-12-09,438.949158,440.336853,437.064551,437.261444,61272600
2021-12-10,439.961739,441.527556,437.411398,441.377533,77159800
2021-12-13,440.861849,441.208766,437.186347,437.467651,87724700
2021-12-14,434.204737,436.689438,431.541886,434.457886,97264100
2021-12-15,434.514137,441.490040,432.001281,441.246277,116899300
2021-12-16,443.093455,443.374731,435.808090,437.355194,116568600
2021-12-17,434.281238,437.282772,430.997439,432.700500,135511600
2021-12-20,427.628875,428.494505,424.486209,428.099335,107134800
2021-12-21,431.514894,435.843128,429.350792,435.701996,69806300
2021-12-22,435.447913,440.171316,435.250300,440.058411,58890200
2021-12-23,441.055803,444.292567,440.952315,442.796509,56439700
2021-12-27,444.170349,449.110175,444.123315,449.063141,56808600
2021-12-28,449.495832,450.521430,447.933903,448.696045,47274600
2021-12-29,448.799651,450.286291,447.802279,449.270111,54503000
2021-12-30,449.693462,450.700252,447.567004,448.028046,55329000
2021-12-31,447.538742,448.686636,446.626049,446.898895,65237400
2022-01-03,448.159720,449.618162,445.854486,449.486420,72668200
2022-01-04,450.907224,451.622332,447.482265,449.335876,71178700
2022-01-05,448.968971,449.740532,440.613605,440.707703,104538900
2022-01-06,440.246667,443.003553,437.931985,440.293701,86858900
2022-01-07,440.303011,441.479160,437.197961,438.552887,85111600
2022-01-10,435.363343,438.223717,429.623730,438.007324,119362000
2022-01-11,437.743821,442.090863,434.751676,441.996765,74303100
2022-01-12,443.728103,445.242998,441.234673,443.191772,67605400
2022-01-13,444.292588,444.941824,436.059546,437.085144,91173100
2022-01-14,433.942503,437.612082,432.728709,437.263947,95890900
2022-01-18,432.578159,432.785163,428.409894,429.520172,109709100
2022-01-19,431.063249,432.455791,424.787306,425.060181,109357600
2022-01-20,426.942055,431.637233,418.238553,420.355621,122379700
2022-01-21,419.235914,421.588212,412.075533,412.103760,202271200
2022-01-24,406.505335,414.362017,395.901186,413.853912,251783900
2022-01-25,407.474448,413.740973,401.913612,408.801147,167997300
2022-01-26,414.681793,417.805651,403.522480,407.775452,186391100
2022-01-27,412.367234,415.500482,404.077738,405.761963,149878300
2022-01-28,407.116835,415.886207,402.543982,415.839172,164457400
2022-01-31,415.171077,423.676993,413.825570,423.328857,152251400
2022-02-01,424.053426,426.829149,420.534398,426.189331,123155400
2022-02-02,428.588640,431.053843,426.283376,430.329346,117361000
2022-02-03,424.307451,426.208097,419.377015,420.214447,118024400
2022-02-04,419.979203,426.029306,417.608069,422.190369,118454400
2022-02-07,422.952548,424.345090,419.508780,420.835480,84472900
2022-02-08,420.336864,425.220237,418.916067,424.298126,81012000
2022-02-09,428.325118,430.827966,428.127533,430.508057,92589900
2022-02-10,424.674419,430.668069,420.779029,422.773773,140103700
2022-02-11,422.858463,424.928468,413.007039,414.437225,153214600
2022-02-14,413.929064,415.509801,409.619640,413.082214,123006300
2022-02-15,417.514075,419.913408,416.996552,419.744049,88482700
2022-02-16,417.702181,421.588181,415.829761,420.214447,84863600
2022-02-17,417.034163,420.186248,410.635925,411.238098,102259100
2022-02-18,411.492113,412.743551,406.307669,408.575287,132642900
2022-02-22,406.373521,409.770225,400.699752,404.190582,124391800
2022-02-23,407.098017,407.662574,396.456225,397.020782,132578000
2022-02-24,386.736555,403.428479,386.379030,402.995636,213942900
2022-02-25,404.228264,411.972039,402.581655,411.887360,121804500
2022-02-28,406.505232,412.310715,405.253823,410.833466,145615000
2022-03-01,409.337464,411.341627,401.875954,404.576416,137785900
2022-03-02,406.825152,413.740912,406.072428,412.019043,117726500
2022-03-03,414.446680,415.048853,408.170736,409.967896,105501700
2022-03-04,406.241825,407.766110,402.600473,406.637024,113978200
2022-03-07,406.053686,406.759376,394.583879,394.649750,137896600
2022-03-08,394.828455,401.970027,390.594319,391.657562,164772700
2022-03-09,400.022388,404.134200,397.839449,402.158264,116990800
2022-03-10,397.557083,401.236080,395.599984,400.342224,93972700
2022-03-11,402.826217,403.437809,394.743727,395.251831,95636300
2022-03-14,396.023440,399.467178,391.224747,392.363251,95729200
2022-03-15,394.969641,401.621946,393.699423,400.991547,106219100
2022-03-16,404.491761,409.939662,399.702457,409.883209,144954800
2022-03-17,407.973115,415.011200,407.596753,415.011200,102676900
2022-03-18,413.402891,419.877635,412.666696,419.556732,106345500
2022-03-21,419.386842,421.387783,415.932376,419.434052,88349800
2022-03-22,420.821378,425.276313,420.821378,424.341919,74650400
2022-03-23,421.812470,423.303727,418.792163,418.877106,79426100
2022-03-24,420.896936,425.200854,419.783210,425.191406,64736900
2022-03-25,425.823836,427.541636,423.247137,427.267914,77101300
2022-03-28,426.673270,430.307068,424.785586,430.307068,68529800
2022-03-29,434.186294,436.121187,431.505785,435.630371,86581500
2022-03-30,434.488316,435.300035,430.835651,432.940430,79666900
2022-03-31,432.175930,432.997069,425.823862,426.276917,121699900
2022-04-01,427.853099,427.994670,423.917294,427.485016,89048800
2022-04-04,427.683210,431.250932,426.862072,431.147095,59601000
2022-04-05,429.655842,432.119257,424.559100,425.701141,74214500
2022-04-06,421.793582,423.718999,418.565629,421.444336,106898000
2022-04-07,420.566643,425.380244,418.622330,423.568054,78097200
2022-04-08,422.812956,425.323579,420.896958,422.435425,79272700
2022-04-11,419.169730,420.009763,414.714822,415.215057,89770500
2022-04-12,418.197589,420.717660,412.128690,413.676605,84363600
2022-04-13,413.431187,419.169735,413.251855,418.414673,74070400
2022-04-14,418.641162,419.754918,413.100813,413.204651,97869500
2022-04-18,412.279712,415.054611,411.147090,413.374573,66002500
2022-04-19,413.270707,420.764816,413.100823,420.047516,77821000
2022-04-20,421.821935,422.435426,418.575116,419.736023,65224400
2022-04-21,423.350980,424.738429,412.553423,413.459503,85417300
2022-04-22,412.374030,413.478309,401.548160,402.114471,132471800
2022-04-25,399.877699,404.615777,395.318924,404.445892,119647700
2022-04-26,401.916293,402.114520,392.704413,392.732727,103996300
2022-04-27,393.808661,399.169706,391.703912,393.836975,122030000
2022-04-28,398.575187,405.512434,394.148565,403.785187,105449100
2022-04-29,399.802103,401.954062,388.117333,388.862976,145491100
2022-05-02,388.929011,392.562809,382.274908,391.203674,158312500
2022-05-03,391.704011,395.403857,390.146648,392.997070,100028200
2022-05-04,393.657666,405.531216,390.476922,404.964905,144247900
2022-05-05,400.708206,401.132947,386.446764,390.571350,172929100
2022-05-06,388.013569,391.505768,382.945140,388.240082,151770800
2022-05-09,382.350512,383.586944,374.233463,375.809692,155586100
2022-05-10,381.774752,383.275457,372.647813,376.678009,132497200
2022-05-11,375.715247,381.349986,369.948357,370.694000,142361000
2022-05-12,367.503825,373.572723,363.520810,370.307037,125090800
2022-05-13,374.431620,380.538280,373.393388,379.160278,104174400
2022-05-16,377.517956,381.283877,375.271608,377.621765,78622400
2022-05-17,383.700072,385.625517,379.971884,385.389557,83029700
2022-05-18,380.840341,381.123482,368.617573,369.854004,117674500
2022-05-19,366.795982,372.006010,365.370771,367.588806,98510700
2022-05-20,371.165941,374.733664,359.169715,367.749237,131432200
2022-05-23,370.769573,375.394423,368.457176,374.629913,76414900
2022-05-24,370.514693,372.959241,365.229171,371.770020,91448800
2022-05-25,370.278726,377.017773,369.882329,375.054565,91472900
2022-05-26,376.281608,384.181564,376.073962,382.548706,82168300
2022-05-27,385.002635,392.053137,384.804436,391.939880,84768700
2022-05-31,390.325931,393.072515,387.003617,389.740753,95937000
2022-06-01,391.854942,392.864832,384.077664,386.588287,86585800
2022-06-02,386.427834,393.997437,384.181485,393.950256,79609600
2022-06-03,389.240549,390.788464,386.512859,387.485016,71874300
2022-06-06,391.486843,393.214062,387.494381,388.664764,57508900
2022-06-07,385.181975,392.845968,384.719473,392.392914,59272400
2022-06-08,390.684636,392.468511,387.334007,388.126831,64350000
2022-06-09,386.352406,388.617621,378.896057,378.896057,86289800
2022-06-10,372.704433,373.553886,367.862518,367.909698,132893900
2022-06-13,358.518498,360.368421,352.336314,353.940857,170004900
2022-06-14,355.686897,356.715681,349.778436,352.874237,104011800
2022-06-15,356.168243,362.340978,351.222520,357.904938,125666800
2022-06-16,349.703030,350.108876,343.634102,346.059784,134473300
2022-06-17,346.473977,350.142419,343.307930,346.805725,111113900
2022-06-21,352.521696,356.920026,352.445846,355.536072,76811900
2022-06-22,351.317866,358.996019,350.900779,354.891541,90059400
2022-06-23,357.024302,359.100218,353.469605,358.370331,79292100
2022-06-24,361.536411,369.773832,361.507974,369.764343,98050300
2022-06-27,370.683863,370.977716,367.261888,368.351990,66009600
2022-06-28,369.906553,372.683949,360.711724,360.825470,86548900
2022-06-29,361.375278,362.361093,358.711627,360.531616,65676000
2022-06-30,356.645131,360.834947,353.156795,357.602539,112508300
2022-07-01,356.948450,361.820768,354.332183,361.384705,74839700
2022-07-05,356.303924,362.086238,353.479114,362.067261,81438000
2022-07-06,362.209367,365.773552,359.830109,363.290009,70426200
2022-07-07,365.062667,369.527358,363.309010,368.731110,64525900
2022-07-08,367.100655,370.295167,365.574519,368.427765,72397800
2022-07-11,365.754649,366.721516,363.527033,364.219025,58366900
2022-07-12,363.669295,366.048582,359.251986,360.996155,62219200
2022-07-13,355.564469,362.029285,355.147383,359.100189,84224600
2022-07-14,354.152140,359.308823,351.716009,358.228210,89704800
2022-07-15,362.626496,365.185889,360.721198,365.072144,79060400
2022-07-18,368.152915,368.825929,360.834976,362.057800,63203600
2022-07-19,365.972649,372.409028,365.318611,371.840271,78506000
2022-07-20,372.029880,375.622502,370.664874,374.210083,71843800
2022-07-21,373.631881,378.068136,371.233646,378.020752,64903900
2022-07-22,378.143944,379.338303,372.295270,374.513397,72197300
2022-07-25,375.138972,375.821475,372.731249,374.968353,53631500
2022-07-26,373.328510,373.537053,369.641119,370.532166,52946400
2022-07-27,373.821442,381.897732,373.527589,380.153564,82342100
2022-07-28,380.959305,385.613563,377.414067,384.921600,73966600
2022-07-29,386.352937,391.519108,385.585124,390.533264,87003700
2022-08-01,387.841176,391.879321,387.130236,389.376801,69997500
2022-08-02,387.812684,391.490615,385.632481,386.807892,63435400
2022-08-03,388.931285,394.031096,388.646921,392.865173,67820600
2022-08-04,392.789267,393.471770,390.959790,392.599701,45656600
2022-08-05,388.324557,392.580705,388.267684,391.936127,56814900
2022-08-08,393.623508,395.870072,390.381611,391.481201,53886100
2022-08-09,390.751290,391.253686,388.855452,389.926605,44931800
2022-08-10,396.969633,398.258819,395.016922,398.116608,68665700
2022-08-11,400.960365,402.818308,397.377232,398.116608,59489700
2022-08-12,400.050366,404.960580,399.102446,404.856323,61694500
2022-08-15,402.647642,407.046001,402.590769,406.524628,54048300
2022-08-16,405.453460,409.245136,404.647723,407.320862,59289000
2022-08-17,403.728298,407.131324,402.429653,404.429749,63563400
2022-08-18,404.628749,406.287607,403.339592,405.605133,49023200
2022-08-19,402.846720,403.112136,399.282534,400.154633,68016900
2022-08-22,395.329764,395.500411,390.921944,391.822479,77695600
2022-08-23,391.395917,393.784692,390.324763,390.874573,49105200
2022-08-24,390.647013,393.490771,389.964539,392.125793,49177800
2022-08-25,393.614048,397.709067,392.523946,397.661682,50942300
2022-08-26,397.547892,398.088184,384.144299,384.201172,103087000
2022-08-29,381.253138,384.703549,380.305218,381.660736,65370800
2022-08-30,382.817195,383.054175,375.376023,377.470917,85652400
2022-08-31,379.101372,380.343144,374.466061,374.598755,76029700
2022-09-01,372.427956,376.115346,369.726380,375.774109,78740100
2022-09-02,379.433138,380.646474,370.001330,371.811859,99632100
2022-09-06,372.655530,373.593961,368.190838,370.408966,76637400
2022-09-07,370.096112,377.831136,369.878109,377.063324,70964200
2022-09-08,374.797816,379.982906,373.593940,379.527924,80821700
2022-09-09,381.764997,386.286591,381.499581,385.423981,76706900
2022-09-12,387.490430,390.286804,387.187089,389.566376,69256300
2022-09-13,380.902454,382.106331,371.508598,372.627136,122947100
2022-09-14,373.925686,375.565596,370.750150,374.048920,85023700
2022-09-15,372.494333,375.338091,368.532038,369.802246,87633800
2022-09-16,365.629521,367.637833,363.697312,366.981079,103084800
2022-09-19,363.840112,369.826996,363.763951,369.826996,73278500
2022-09-20,366.505261,367.514181,362.831275,365.582001,77274900
2022-09-21,367.504524,370.550338,359.195215,359.204742,106746600
2022-09-22,358.433826,360.070946,355.445148,356.187561,89472600
2022-09-23,352.722910,352.760990,345.784213,350.219666,122346900
2022-09-26,348.753849,352.370727,345.536716,346.755035,92581200
2022-09-27,350.286302,352.551622,343.480843,345.869904,108294100
2022-09-28,346.821738,354.360084,345.127512,352.675385,110802200
2022-09-29,349.134629,349.420161,342.367250,345.308350,112952300
2022-09-30,344.366031,348.277999,339.835420,339.968658,153711200
2022-10-03,343.680628,350.790672,341.900742,348.944153,89756500
2022-10-04,354.455229,359.785389,348.906171,359.756836,103602800
2022-10-05,355.397498,361.174982,353.075072,358.919189,88065700
2022-10-06,357.520016,360.470642,354.721683,355.216644,82333500
2022-10-07,351.190549,355.302389,343.547489,345.308350,107789500
2022-10-10,346.421899,346.659852,340.435015,342.671753,76042800
2022-10-11,340.977555,345.536748,338.569468,340.501648,92482800
2022-10-12,340.910913,342.481399,339.130998,339.378479,76991800
2022-10-13,332.382655,349.800853,331.335655,348.335052,147254500
2022-10-14,350.790694,352.418315,339.759184,340.396912,123737000
2022-10-17,346.469481,350.248180,340.063769,349.144073,93168200
2022-10-18,357.053651,357.358238,349.810339,353.246399,97162900
2022-10-19,351.209574,353.931775,347.935334,350.743195,79746900
2022-10-20,350.295870,354.712298,347.040656,347.802124,88283100
2022-10-21,347.526071,356.739616,346.022218,356.254211,131038400
2022-10-24,357.777080,361.746124,355.131011,360.613464,85436900
2022-10-25,360.537329,366.686034,360.423116,366.371948,78846300
2022-10-26,363.230944,368.903743,362.973965,363.611664,104087300
2022-10-27,364.611051,366.448044,361.051251,361.669952,81971800
2022-10-28,361.565298,370.750290,361.384451,370.274384,100302000
2022-10-31,367.818751,369.684297,366.695618,367.599823,96631300
2022-11-01,371.340333,371.578286,364.820408,365.991119,85407600
2022-11-02,365.401086,369.903172,356.701528,356.806213,126990400
2022-11-03,353.570059,356.168519,351.019206,353.132233,87100100
2022-11-04,358.833547,360.613433,352.170855,358.214874,103505200
2022-11-07,359.509337,362.231538,357.434392,361.641418,68286900
2022-11-08,362.745463,366.562242,359.518832,363.592590,84641100
2022-11-09,361.622403,362.774118,355.606937,356.101898,78495500
2022-11-10,369.351089,376.004283,367.057245,375.671143,141455800
2022-11-11,376.527852,380.106679,374.643251,379.307159,93839900
2022-11-14,377.546245,380.896617,375.804410,376.080444,71903500
2022-11-15,381.819913,382.924020,375.480833,379.288086,93194500
2022-11-16,377.660399,378.612212,375.766301,376.394501,68508500
2022-11-17,371.645036,375.918698,371.340478,375.242889,74496300
2022-11-18,378.574187,378.640821,374.100682,376.946594,92922500
2022-11-21,375.623536,376.746668,373.738935,375.575928,51243200
2022-11-22,377.517617,380.791856,376.108923,380.630035,60429000
2022-11-23,380.296928,383.514061,380.068502,383.028656,68261600
2022-11-25,382.467087,383.495061,382.191082,382.942993,30545400
2022-11-28,379.859095,381.496215,376.070869,376.832336,67881600
2022-11-29,376.965584,378.155351,374.348098,376.185120,52310000
2022-11-30,376.432582,388.035187,374.519457,388.035187,144566700
2022-12-01,389.072670,390.243410,385.246391,387.749664,76398200
2022-12-02,382.866854,388.206512,382.762169,387.302307,85342700
2022-12-05,384.484943,385.417701,378.983464,380.335022,77289800
2022-12-06,380.173231,380.715742,372.768125,374.852570,77972200
2022-12-07,374.005474,376.575381,373.082214,374.214874,65927900
2022-12-08,376.099452,378.212449,374.319537,377.146423,60737900
2022-12-09,375.909146,378.459998,374.205392,374.329132,81447700
2022-12-12,375.119090,379.725891,374.452838,379.725891,75405800
2022-12-13,390.452769,390.709748,379.840059,382.600311,123782500
2022-12-14,382.257735,385.960303,377.213136,380.154236,108111300
2022-12-15,375.299901,376.204135,369.198804,370.854950,117705900
2022-12-16,368.302938,369.641590,364.344352,366.476624,119858000
2022-12-19,366.667803,367.002473,361.705207,363.368958,79878100
2022-12-20,362.613673,365.482225,361.294135,363.866272,74427200
2022-12-21,366.457537,370.435266,365.922077,369.306976,78167400
2022-12-22,366.266287,369.287832,358.349084,364.038391,100120900
2022-12-23,363.015216,366.275807,361.466203,366.132385,59857300
2022-12-27,366.017647,366.361859,363.015216,364.688538,51638200
2022-12-28,364.621582,366.591347,359.926745,360.156219,70911500
2022-12-29,362.996072,367.509260,362.470153,366.639130,66970900
2022-12-30,363.961883,365.816853,361.848695,365.673431,84022200
2023-01-03,367.528444,369.498181,361.274993,364.134003,74850700
2023-01-04,366.390526,368.972235,363.349869,366.945129,85934100
2023-01-05,364.994486,365.109223,362.164190,362.757019,76970500
2023-01-06,365.845509,372.194584,362.785738,371.075836,104189600
2023-01-09,373.265509,376.449618,370.683830,370.865479,73978100
2023-01-10,370.282229,373.533248,369.345158,373.466309,65358100
2023-01-11,375.044086,378.266422,374.231324,378.189911,68881100
2023-01-12,379.289470,381.029702,375.225688,379.566742,90157700
2023-01-13,376.373124,381.613023,376.105394,381.039307,63903900
2023-01-17,381.020190,382.693512,379.662396,380.341278,62677300
2023-01-18,381.526885,382.588235,374.135574,374.336365,99632300
2023-01-19,372.299783,373.944421,370.291820,371.611359,86958900
2023-01-20,373.007346,378.687081,371.362709,378.534088,91806400
2023-01-23,379.337306,385.007470,378.381122,383.075989,84178800
2023-01-24,381.402625,383.573152,380.216967,382.664795,59524900
2023-01-25,378.601085,383.142959,376.315791,382.808289,84800300
2023-01-26,385.466429,387.178006,382.502253,387.015442,72287400
2023-01-27,385.973213,390.276040,385.762851,387.904694,68346200
2023-01-30,385.150847,387.378772,382.741275,383.037689,74202000
2023-01-31,383.554057,388.717445,383.209816,388.669647,86811800
2023-02-01,387.455259,395.544596,384.720587,392.800323,101459200
2023-02-02,396.682455,399.981301,394.789230,398.518341,101654500
2023-02-03,393.555762,398.700036,393.077670,394.282471,94736800
2023-02-06,391.834637,393.268913,390.218684,391.872864,60295300
2023-02-07,390.954927,398.241044,389.711899,396.998016,90990700
2023-02-08,395.028329,396.366981,391.968529,392.656982,76227500
2023-02-09,396.252203,396.405196,388.029015,389.252930,78694900
2023-02-10,388.076782,390.543753,387.264049,390.161285,70769700
2023-02-13,390.811492,394.875274,390.352513,394.741394,64913500
2023-02-14,393.221042,396.864100,390.610679,394.559723,88389300
2023-02-15,392.370082,395.917516,391.528635,395.841034,61555700
2023-02-16,390.878441,394.817914,390.256927,390.390778,76431500
2023-02-17,388.268064,389.654543,386.346125,389.415497,89257800
2023-02-21,385.399537,386.451345,381.345326,381.603485,82655900
2023-02-22,382.014556,383.554027,379.624097,381.077515,83742300
2023-02-23,383.965204,384.577176,378.887870,383.104645,96242400
2023-02-24,378.094279,379.844082,376.392272,379.012207,108194400
2023-02-27,382.349197,383.706990,379.365908,380.302979,80444700
2023-02-28,379.824991,381.785157,378.792296,378.897491,96438600
2023-03-01,378.084717,379.308632,376.143665,377.444061,99706800
2023-03-02,375.474289,381.220963,375.139618,380.379517,85127800
2023-03-03,382.196266,386.728598,381.546068,386.479980,90120000
2023-03-06,387.302254,389.597119,386.307844,386.747681,72795900
2023-03-07,386.699921,386.938967,380.207424,380.819366,108310600
2023-03-08,380.934111,382.196252,379.212963,381.440887,74746600
2023-03-09,382.224866,383.888645,373.418422,374.403290,111945300
2023-03-10,373.858286,375.933217,367.480556,369.000885,189253000
2023-03-13,365.080535,373.284608,363.971358,368.474976,157790000
2023-03-14,373.389801,376.210555,370.090955,374.565918,149752400
2023-03-15,368.981849,372.424088,366.897345,372.223297,172996900
2023-03-16,369.871130,379.098300,369.364353,378.754059,143254200
2023-03-17,377.425558,378.558154,372.943125,374.325287,140553400
2023-03-20,375.102771,378.337433,374.402111,377.924683,93055800
2023-03-21,381.284120,383.366971,379.690794,382.887054,91524200
2023-03-22,382.714351,386.323304,376.321857,376.360229,111746600
2023-03-23,379.220488,383.251799,374.670888,377.377625,119351300
2023-03-24,376.101022,379.940355,373.759027,379.853973,107682400
2023-03-27,382.128772,382.896656,379.671602,380.564240,74010400
2023-03-28,379.873177,380.564258,377.876737,379.710022,62871700
2023-03-29,383.866058,385.468993,382.666267,385.229034,77497900
2023-03-30,387.859030,388.108596,385.622632,387.484711,69840000
2023-03-31,388.406115,393.243682,388.300518,392.946136,112062600
2023-04-03,392.427795,394.846564,392.034260,394.443451,67391100
2023-04-04,395.086526,395.374493,390.882452,392.255035,66601500
2023-04-05,391.525604,392.283880,389.577143,391.228058,65200200
2023-04-06,390.431341,393.032510,389.385126,392.754150,63743300
2023-04-10,390.277758,393.234060,389.663480,393.157257,63681000
2023-04-11,393.781166,394.664196,392.494993,393.262848,59297900
2023-04-12,395.326482,395.614449,391.074428,391.659912,86420400
2023-04-13,392.744491,397.217316,391.602287,396.862183,85814800
2023-04-14,396.228739,398.417158,393.589198,395.892792,78161500
2023-04-17,395.806470,397.332602,394.577885,397.313416,66436400
2023-04-18,398.887446,399.021837,396.199925,397.572479,63560000
2023-04-19,395.662418,398.407526,395.604830,397.505310,55227300
2023-04-20,394.693019,397.083024,393.790774,395.336121,75840400
2023-04-21,395.633642,396.103951,393.694789,395.643250,73457400
2023-04-24,395.441692,396.478329,394.107539,396.056000,64332100
2023-04-25,394.088292,394.645012,389.711455,389.769043,97766700
2023-04-26,390.383386,391.458394,387.561474,388.118164,80447000
2023-04-27,390.652087,396.113540,390.402521,395.844788,92968400
2023-04-28,394.961788,399.233057,394.904200,399.223450,89433100
2023-05-01,398.781911,400.845547,398.589933,398.820312,62122300
2023-05-02,398.110028,398.158038,391.439205,394.337891,103998500
2023-05-03,394.836973,397.246164,391.391176,391.631134,91531800
2023-05-04,390.584927,390.911267,387.523057,388.857239,94901900
2023-05-05,392.485419,397.102214,392.226274,396.056000,87891800
2023-05-08,396.382241,396.641385,394.760121,396.161469,50046800
2023-05-09,394.616234,395.537665,394.193905,394.424255,49220100
2023-05-10,397.255747,397.889241,392.446974,396.267120,96142900
2023-05-11,395.403317,395.864019,393.502837,395.576080,70157100
2023-05-12,396.814312,397.025476,392.639031,395.057800,70481500
2023-05-15,395.662500,396.823890,393.752441,396.420776,54289400
2023-05-16,395.316924,396.238385,393.761999,393.771606,57705500
2023-05-17,395.787250,399.156245,394.145944,398.551575,87287000
2023-05-18,398.234805,402.813229,398.014062,402.390900,97177200
2023-05-19,403.293118,403.821014,400.586381,401.805359,103793300
2023-05-22,401.824598,403.504306,400.586405,401.968567,60745400
2023-05-23,400.327259,401.901400,397.063832,397.457367,86383500
2023-05-24,395.854476,396.238403,393.416491,394.577881,89213700
2023-05-25,398.081193,399.444169,395.844795,397.994812,90961600
2023-05-26,398.647549,403.869045,398.570776,403.149170,93830000
2023-05-30,405.078370,405.606267,401.920511,403.302673,72216000
2023-05-31,401.479097,402.381343,399.501843,401.066376,110811800
2023-06-01,401.296643,405.932653,400.048871,404.876831,88865000
2023-06-02,407.449200,411.518883,406.921303,410.731842,91426200
2023-06-05,411.077421,412.363594,409.244135,409.944824,65460200
2023-06-06,409.532013,411.365268,408.879304,410.837372,64022200
2023-06-07,411.230908,412.363504,408.994480,409.416809,85373300
2023-06-08,409.484028,412.344342,408.716173,411.893219,61952800
2023-06-09,412.689820,414.638280,411.643606,412.632233,85742800
2023-06-12,413.611315,416.452413,412.891441,416.375610,76104300
2023-06-13,417.834524,419.763769,417.172237,419.120697,95899700
2023-06-14,419.456687,421.424334,416.174045,419.619843,100612100
2023-06-15,418.804031,426.069976,418.708071,424.822205,110303100
2023-06-16,426.804819,427.373220,422.903066,423.375122,114165800
2023-06-20,421.438786,422.325097,419.107349,421.178650,76160400
2023-06-21,420.195916,420.995524,418.432880,419.020569,76982300
2023-06-22,418.066814,420.639071,417.729618,420.533112,70637200
2023-06-23,417.084192,419.136236,416.641037,417.353943,92074500
2023-06-26,416.785515,418.702669,415.407862,415.648712,72823600
2023-06-27,416.525407,420.822157,416.072609,420.205597,72813700
2023-06-28,419.126561,421.429098,418.510002,420.417542,75636000
2023-06-29,420.003223,422.238315,419.598612,422.074524,67882300
2023-06-30,425.282709,428.038015,424.964771,427.055359,104964000
2023-07-03,426.708540,427.826056,426.429146,427.546692,32793400
2023-07-05,425.735511,427.643051,425.725867,426.910858,58418400
2023-07-06,423.336665,423.991769,421.063029,423.567871,80658300
2023-07-07,422.575593,426.438831,422.257655,422.498505,86134200
2023-07-10,422.142030,423.741276,421.573629,423.567871,62443500
2023-07-11,424.328939,426.756693,423.355897,426.265350,64463800
2023-07-12,430.051551,431.101652,428.625710,429.695068,91924500
2023-07-13,431.506254,433.895493,431.072742,433.105499,72425200
2023-07-14,433.991875,434.839641,432.074692,432.835785,69815800
2023-07-17,432.691220,435.388724,432.643032,434.338623,52680200
2023-07-18,434.011066,438.211470,433.577525,437.566010,80668200
2023-07-19,438.356045,439.724055,437.488963,438.539093,65891700
2023-07-20,437.546730,438.442684,434.916642,435.629547,70591600
2023-07-21,437.344395,437.546730,435.619933,435.629547,71275600
2023-07-24,436.776016,438.384904,435.745172,437.575653,54023400
2023-07-25,437.305939,440.022701,437.257751,438.770294,55191200
2023-07-26,437.835734,440.263488,436.785633,438.837677,71052900
2023-07-27,442.219245,442.623886,435.022656,435.928253,92194400
2023-07-28,439.194194,441.024645,435.928258,440.196136,80011800
2023-07-31,440.668175,441.390724,439.357938,441.034271,62040400
2023-08-01,439.569912,440.514054,438.818463,439.772247,55291500
2023-08-02,436.660401,436.920508,432.903152,433.654602,93933400
2023-08-03,431.641158,434.290504,430.995668,432.411865,64276100
2023-08-04,434.223008,436.323210,429.935872,430.456116,100128900
2023-08-07,432.286551,434.367496,431.592903,434.213348,58357500
2023-08-08,431.679644,434.203773,428.972496,432.325134,71361300
2023-08-09,432.594852,432.758643,428.673813,429.434906,78789600
2023-08-10,431.785598,435.167136,428.423346,429.589050,93005500
2023-08-11,427.720059,430.350148,427.122757,429.338562,68690900
2023-08-14,428.423363,431.708527,428.115069,431.708527,47867400
2023-08-15,429.935889,430.292371,426.111195,426.679626,75707500
2023-08-16,426.265346,427.922393,423.442595,423.548584,80107200
2023-08-17,425.012913,425.273020,419.800924,420.321167,95711300
2023-08-18,417.508117,421.554403,417.161307,420.523560,98852000
2023-08-21,421.535030,424.001328,419.386670,423.259521,68719000
2023-08-22,425.032195,425.032195,421.554340,422.113098,64994200
2023-08-23,423.172868,427.431103,423.028364,426.814514,68441000
2023-08-24,428.413759,428.924360,420.870331,420.899261,88517300
2023-08-25,422.623632,425.147732,419.078333,423.866425,102325100
2023-08-28,426.053427,427.170973,423.866522,426.554413,61595400
2023-08-29,426.448389,432.999517,426.265341,432.720123,83081900
2023-08-30,433.057343,435.138288,432.354052,434.502441,69053900
2023-08-31,435.118984,436.255787,433.683529,433.866577,66084600
2023-09-01,436.583352,437.065051,433.221070,434.675812,58944100
2023-09-05,434.232695,434.550603,432.729795,432.797211,55166200
2023-09-06,431.987897,432.093886,427.565901,429.887695,70758500
2023-09-07,426.891507,429.242202,426.544698,428.567841,70355400
2023-09-08,428.615985,430.745087,428.259532,429.213287,61659700
2023-09-11,431.833767,432.344367,430.128563,432.036102,60180100
2023-09-12,430.591052,432.113209,429.088153,429.666168,67565400
2023-09-13,429.887659,431.323114,428.789371,430.167053,60199300
2023-09-14,432.633397,434.569808,431.332803,433.876160,83430800
2023-09-15,432.293586,432.622293,428.213702,428.648743,111848900
2023-09-18,428.339327,430.195590,427.865606,428.900085,55752200
2023-09-19,427.981617,428.571379,425.332603,428.010620,66514600
2023-09-20,429.267469,429.683185,423.872727,424.075775,82562600
2023-09-21,421.233390,421.494414,416.911807,417.066498,104095800
2023-09-22,418.091350,419.686559,415.713009,416.128754,100829700
2023-09-25,414.920205,417.917252,414.485135,417.878601,70874500
2023-09-26,414.842912,415.548684,410.908041,411.739502,96168400
2023-09-27,412.909255,413.470014,408.268642,411.903778,104705800
2023-09-28,411.352707,415.964317,410.762946,414.291748,92258300
2023-09-29,417.337228,417.511244,411.768468,413.286346,115111300
2023-10-02,412.454795,414.369063,410.366511,413.121887,83798600
2023-10-03,410.946675,413.179973,406.228701,407.591888,103760600
2023-10-04,408.055967,411.304390,406.596094,410.559967,87453000
2023-10-05,410.269938,411.246413,407.185883,410.405304,70142700
2023-10-06,407.959294,416.815158,406.634787,415.277954,113273300
2023-10-09,413.382981,418.507022,412.831929,417.936615,80374400
2023-10-10,418.564997,422.702886,418.168606,420.111877,78607300
2023-10-11,421.175379,422.084141,418.797038,421.832794,62451700
2023-10-12,422.441878,422.818914,416.911799,419.261108,81154200
2023-10-13,420.759629,421.958477,415.606615,417.172821,95143100
2023-10-16,419.415813,422.625586,419.174114,421.562103,75433200
2023-10-17,418.439315,423.592359,418.091283,421.542725,75324700
2023-10-18,419.773490,420.730610,414.842821,415.925629,93559800
2023-10-19,416.641120,418.449025,411.594439,412.271179,121323000
2023-10-20,411.836104,412.377508,407.098776,407.205139,123919900
2023-10-23,405.677606,410.356929,403.927707,406.499390,92035100
2023-10-24,408.616676,410.714639,406.770091,409.564148,78564200
2023-10-25,407.881960,407.910962,403.173634,403.686035,94223200
2023-10-26,402.622521,403.473277,397.933551,398.851990,115156800
2023-10-27,400.437595,400.833985,395.622936,397.044128,107367700
2023-10-30,399.828450,402.844851,398.532946,401.791046,86562700
2023-10-31,402.361505,404.633483,400.456914,404.314453,79665200
2023-11-01,405.281234,409.438449,404.749478,408.626343,98068100
2023-11-02,412.416225,416.612150,412.396900,416.457458,94938900
2023-11-03,418.758374,421.803778,418.632685,420.256897,100167800
2023-11-06,421.010967,421.668382,419.280392,421.223663,67831700
2023-11-07,421.223758,423.060666,420.082945,422.422577,64256100
2023-11-08,423.021961,423.544039,420.430952,422.731934,61746000
2023-11-09,423.872744,423.911424,419.009757,419.435150,83174400
2023-11-10,421.504042,426.289668,419.425405,425.980286,89462200
2023-11-13,424.646194,426.676443,423.863090,425.574310,52236100
2023-11-14,431.500766,435.116576,431.278392,433.830750,97176900
2023-11-15,435.164892,436.392742,433.898390,434.749176,77327600
2023-11-16,434.304471,435.599975,433.240988,435.280945,66665800
2023-11-17,435.290601,436.431444,434.372162,435.822357,83133200
2023-11-20,435.570931,440.018202,435.561254,439.177094,69936200
2023-11-21,438.132932,439.051401,436.953439,438.219940,49244600
2023-11-22,439.873276,441.226785,438.819471,439.911926,59394900
2023-11-24,439.960242,440.375958,439.631535,440.182587,29737400
2023-11-27,439.554170,440.366276,439.003089,439.389832,50506000
2023-11-28,439.003076,441.120364,438.442347,439.824860,62115000
2023-11-29,441.971145,443.102310,439.119112,439.515472,63146000
2023-11-30,440.356657,441.594156,438.287698,441.246094,79752700
2023-12-01,440.636995,444.388172,440.047263,443.856445,89183400
2023-12-04,440.472654,443.875768,439.254480,441.526459,72430900
2023-12-05,440.143918,442.396542,439.766854,441.439423,69793500
2023-12-06,443.576099,443.605102,439.225513,439.660583,69124700
2023-12-07,441.739111,443.663027,441.139701,443.015289,66995400
2023-12-08,442.270818,445.451587,442.029119,444.919861,83194400
2023-12-11,444.426861,446.824528,444.214165,446.650482,65002200
2023-12-12,446.302440,448.787115,445.306641,448.690430,68327600
2023-12-13,449.067441,455.129276,448.709731,454.877899,93278000
2023-12-14,456.811490,458.000660,453.669400,456.337769,119026000
2023-12-15,455.741775,456.916363,453.742100,455.586456,141553700
2023-12-18,457.188139,459.129573,456.130062,458.149139,70375300
2023-12-19,458.692736,461.012763,458.615092,460.935089,55761800
2023-12-20,460.080858,461.964050,454.120673,454.547791,102921000
2023-12-21,457.527881,459.129588,455.110806,458.857788,86667500
2023-12-22,459.983780,461.459288,457.887058,459.779938,67160400
2023-12-26,460.187594,462.624073,460.109920,461.721313,55387000
2023-12-27,461.517539,462.701815,460.983657,462.556213,68000300
2023-12-28,462.915365,463.565729,462.313525,462.730927,77158100
2023-12-29,462.536735,463.060930,459.440147,461.391296,122283100
2024-01-02,458.333562,459.799354,456.712453,458.809204,123623700
2024-01-03,456.654246,457.392001,454.460447,455.062286,103585900
2024-01-04,454.586586,457.168696,453.373191,453.596466,84232200
2024-01-05,453.800282,456.663908,452.771325,454.217712,86118900
2024-01-08,454.712783,460.847719,454.586585,460.702118,74879100
2024-01-09,458.052054,461.022445,457.547292,460.003204,65931400
2024-01-10,460.274992,463.468658,459.993476,462.604706,67310600
2024-01-11,463.604558,464.119037,458.430651,462.400879,77940700
2024-01-12,463.847226,464.584980,461.313670,462.721191,58026400
2024-01-16,461.342753,462.653197,459.207165,461.022400,85014900
2024-01-17,458.003509,458.945106,456.110600,458.459747,68843900
2024-01-18,460.129385,463.090059,458.585949,462.536743,91856200
2024-01-19,463.662832,468.584373,462.585350,468.302856,110834500
2024-01-22,469.836568,471.011127,468.642576,469.292969,75844900
2024-01-23,469.836505,470.904270,468.749307,470.661591,49945300
2024-01-24,473.525265,474.457145,470.681073,471.176147,81765000
2024-01-25,473.301996,474.010630,471.176154,473.738831,72525000
2024-01-26,473.311715,474.796911,472.292475,473.136993,76641600
2024-01-29,473.447626,477.029573,472.904027,476.883942,61322800
2024-01-30,476.194723,477.223680,475.757888,476.515076,58618400
2024-01-31,474.311559,474.758080,468.720221,468.739655,126011100
2024-02-01,470.438421,474.903724,469.632710,474.874603,91891600
2024-02-02,475.311429,481.524010,474.971673,479.873810,99228200
2024-02-05,479.242782,479.902862,475.874394,478.126434,75757100
2024-02-06,479.068067,479.844658,477.641112,479.514618,55918600
2024-02-07,481.756982,483.931378,480.854193,483.513977,70556500
2024-02-08,483.513980,484.106103,482.698582,483.727539,52343600
2024-02-09,484.232317,486.960029,483.892560,486.523224,63979400
2024-02-12,486.494100,488.755857,485.591311,486.309662,56502300
2024-02-13,480.048559,482.533592,476.350131,479.611725,113099200
2024-02-14,482.242371,484.455604,479.922344,483.970245,68387800
2024-02-15,484.669128,487.493917,484.193457,487.309479,61683000
2024-02-16,487.008593,488.144315,484.144967,484.882721,75532900
2024-02-20,483.145045,483.814842,479.970812,482.213165,71736700
2024-02-21,480.912433,482.805312,479.106884,482.649994,59293400
2024-02-22,489.250880,493.599672,488.289851,492.638672,76402500
2024-02-23,494.356825,495.191657,492.250387,492.978424,61321800
2024-02-26,493.415235,493.852069,491.046684,491.172882,50386700
2024-02-27,491.862142,492.308664,489.969233,492.085388,48854500
2024-02-28,490.532239,492.017434,490.173079,491.435028,56506600
2024-02-29,493.192034,494.813114,490.551684,493.201721,83924800
2024-03-01,494.075331,498.259088,493.667617,497.831970,76844800
2024-03-04,497.036043,499.142481,497.006893,497.298096,49799300
2024-03-05,495.298424,495.744975,490.124517,492.328033,72855600
2024-03-06,495.599376,497.074885,493.531775,494.822815,68382400
2024-03-07,498.113569,500.783040,494.881066,499.734650,58652100
2024-03-08,500.365608,503.044736,496.162388,496.735107,86532500
2024-03-11,495.531422,496.890419,493.609392,496.307983,62557200
2024-03-12,498.414500,502.229409,495.900318,501.647003,73114400
2024-03-13,501.967257,502.141979,499.423985,500.860626,55104100
2024-03-14,501.831382,501.986730,496.832227,499.870575,110171800
2024-03-15,496.808134,498.259015,494.773036,496.438110,107646300
2024-03-18,500.498589,501.939694,498.979568,499.388519,88893300
2024-03-19,498.697241,502.446088,497.694267,502.163727,60755300
2024-03-20,502.222167,506.944747,501.550289,506.808411,69594600
2024-03-21,509.641898,510.342957,508.200734,508.483154,60256100
2024-03-22,508.395550,508.882416,507.285480,507.519226,79070800
2024-03-25,506.146308,507.266124,505.961296,506.117126,48512100
2024-03-26,507.538667,507.879510,504.783047,505.182251,65463700
2024-03-27,508.006123,509.466722,505.844405,509.427734,82999800
2024-03-28,509.466690,510.829880,509.047992,509.330353,96294900
2024-04-01,510.070360,510.605901,507.285439,508.444183,62477500
2024-04-02,504.627181,505.347734,502.913402,505.211456,74230300
2024-04-03,504.120838,507.266035,504.072164,505.766449,59155800
2024-04-04,509.768536,510.109318,499.291163,499.593018,96858100
2024-04-05,500.946505,506.769407,500.508313,504.812195,74546500
2024-04-08,505.513331,506.516245,504.286419,505.094574,48401800
2024-04-09,506.827861,507.071294,500.839381,505.678864,68049200
2024-04-10,499.992245,502.601841,498.638802,500.615448,82652800
2024-04-11,502.134457,505.834630,498.629043,504.393524,70099000
2024-04-12,500.858864,502.270788,495.707810,497.431335,92561100
2024-04-15,501.598921,501.764439,490.352290,491.199463,92101400
2024-04-16,491.676617,493.195637,489.018316,490.303650,73484000
2024-04-17,492.757447,492.922994,486.009486,487.401917,75910300
2024-04-18,488.794391,490.887910,485.464212,486.398987,74548100
2024-04-19,486.321048,487.314244,480.887603,482.153473,102212600
2024-04-22,484.753320,489.183821,482.416368,486.593689,67961000
2024-04-23,488.599579,492.796365,486.408681,492.367920,64633600
2024-04-24,493.254033,494.042755,489.914137,492.134247,55928100
2024-04-25,486.067893,491.024189,484.422283,490.264679,69122400
2024-04-26,493.049530,496.486805,492.416610,494.909363,64306100
2024-04-29,496.691320,497.333987,493.925923,496.662109,46415400
2024-04-30,495.201552,496.175285,488.794403,488.794403,77483600
2024-05-01,488.210127,494.841245,486.739781,487.207184,80242800
2024-05-02,490.907301,492.601616,486.428125,491.764191,62550200
2024-05-03,497.733182,499.086655,495.201471,497.859772,72756700
2024-05-06,500.255196,503.040057,499.817004,503.001129,47264700
2024-05-07,503.965103,504.948583,502.884274,503.556152,52561300
2024-05-08,501.725500,504.140338,501.608657,503.604797,42047200
2024-05-09,503.789808,506.545488,503.137423,506.506500,43643700
2024-05-10,508.103458,508.911673,505.941800,507.158966,52233200
2024-05-13,508.833703,508.940799,506.087770,507.227020,36716400
2024-05-14,507.421723,510.070306,506.886182,509.554199,57535900
2024-05-15,512.017819,516.156183,511.384869,515.864075,59504900
2024-05-16,515.961417,517.558353,514.656590,514.802673,50244800
2024-05-17,514.919521,515.610893,513.468669,515.542725,59187600
2024-05-20,515.659660,517.597379,515.270143,516.136780,37764200
2024-05-21,515.377327,517.558479,515.172822,517.402649,33437000
2024-05-22,516.711249,517.422054,513.741317,515.912781,48390000
2024-05-23,518.960537,519.067634,510.936931,512.144409,57211200
2024-05-24,513.984759,516.341235,513.040267,515.533020,41291100
2024-05-28,516.341249,516.574935,513.264220,515.893311,36269600
2024-05-29,511.871750,513.458939,511.569895,512.280701,45190300
2024-05-30,510.742248,511.404379,507.636038,508.882385,46377600
2024-05-31,509.836656,513.643924,504.743994,513.517334,90785800
2024-06-03,515.124142,515.406503,508.872735,513.936157,46835700
2024-06-04,512.631323,515.250666,511.170724,514.510620,34632700
2024-06-05,516.828089,520.645104,514.841636,520.625610,47610400
2024-06-06,520.927507,521.355952,518.687934,520.615906,30808500
2024-06-07,519.642129,522.787326,518.551553,519.982971,43224500
2024-06-10,519.174822,521.911009,518.580860,521.589661,35686100
2024-06-11,520.041409,522.904186,518.074450,522.845764,36383400
2024-06-12,527.402880,529.827466,526.107799,527.139954,63251300
2024-06-13,528.882858,529.058122,525.416372,528.201233,44760900
2024-06-14,526.672528,528.551825,525.669555,528.522644,40089900
2024-06-17,527.841028,534.121616,527.383343,532.729126,55839500
2024-06-18,532.787500,534.209171,532.368802,534.082581,41376400
2024-06-20,535.007685,535.669816,530.859574,532.631775,70328200
2024-06-21,531.810283,533.031375,530.462192,531.917725,64338600
2024-06-24,531.741793,534.301198,530.071317,530.188538,45528700
2024-06-25,531.409746,532.591785,529.895603,532.230347,37936200
2024-06-26,531.116674,533.607691,530.471964,532.894592,38550600
2024-06-27,532.757745,534.311001,532.015311,533.734619,35041500
2024-06-28,534.506412,537.554314,530.393810,531.634399,76144500
2024-07-01,533.011788,533.256006,529.973724,532.728516,40297800
2024-07-02,531.126461,536.313660,531.077629,536.313660,40434800
2024-07-03,536.001010,539.068409,535.961957,538.706970,32789900
2024-07-05,539.009792,542.213908,538.374800,541.813416,41488400
2024-07-08,542.594933,543.386199,541.373841,542.438660,36110500
2024-07-09,543.395952,544.294660,542.673075,542.966125,27289700
2024-07-10,544.187274,548.680871,543.894224,548.338989,38701200
2024-07-11,548.456095,549.325527,542.975847,543.610779,53054200
2024-07-12,544.734264,550.634562,544.265384,547.039673,53084400
2024-07-15,549.032565,551.777579,546.688044,548.544128,40584300
2024-07-16,549.853088,552.090108,549.100876,551.797058,36475300
2024-07-17,545.877152,547.547628,543.737796,544.060181,57119000
2024-07-18,545.593961,546.580613,537.700801,539.879211,56270400
2024-07-19,539.644738,541.266382,535.239027,536.294067,65509100
2024-07-22,540.211315,542.428838,538.277124,541.823181,43346700
2024-07-23,541.715702,543.864837,540.484891,540.973328,34439600
2024-07-24,536.167054,536.469883,527.795237,528.713501,74515300
2024-07-25,528.830752,534.799498,525.020979,525.958740,61158300
2024-07-26,529.739222,534.535646,528.967453,531.849243,53763800
2024-07-29,533.392797,534.398946,530.169065,532.161926,39515800
2024-07-30,533.627191,534.682232,526.066196,529.465698,46853600
2024-07-31,536.284325,540.699815,534.916737,538.072021,65663400
2024-08-01,539.791368,542.038167,526.955227,530.452454,76428700
2024-08-02,523.360300,524.571615,516.375627,520.576233,82789100
2024-08-05,499.807853,511.471731,498.469510,505.415100,146267400
2024-08-06,507.212566,517.499079,505.893810,510.074860,84826300
2024-08-07,516.248661,519.296563,506.069648,506.665527,70698300
2024-08-08,511.794054,519.003389,509.771977,518.378235,63276600
2024-08-09,517.557671,522.148991,516.336578,520.664124,45619600
2024-08-12,521.855886,523.340694,518.671267,520.937622,42542100
2024-08-13,524.122235,529.739261,523.878017,529.504761,52333100
2024-08-14,530.296021,532.357271,527.629175,531.175232,42446900
2024-08-15,536.792337,540.563057,536.186680,540.279785,60846800
2024-08-16,538.667787,542.184569,538.511513,541.490967,44430700
2024-08-19,541.901368,546.668518,541.051492,546.668518,39121800
2024-08-20,546.219207,547.870127,544.441289,545.779602,33732300
2024-08-21,546.824832,549.110684,541.901349,547.655151,41514600
2024-08-22,549.550280,550.155938,542.145558,543.356873,56121500
2024-08-23,546.590400,550.068070,544.402152,549.130249,50639400
2024-08-26,550.155849,550.868948,546.121355,547.821106,35788600
2024-08-27,546.551289,549.061862,545.408363,548.573425,32693900
2024-08-28,548.231470,548.661297,542.204114,545.388733,41066000
2024-08-29,547.352194,550.644254,544.294574,545.437500,38715200
2024-08-30,547.801671,551.152342,544.255613,550.644348,62700100
2024-09-03,547.508550,547.840713,536.802049,539.312622,60600100
2024-09-04,537.476024,541.608181,536.753147,538.208679,47224900
2024-09-05,538.150147,540.992824,534.447756,536.899719,44264300
2024-09-06,537.222118,538.843702,526.964940,527.863647,68493800
2024-09-09,532.054494,535.043727,530.130021,533.773743,40445800
2024-09-10,535.678645,536.450414,530.813831,536.098694,36394600
2024-09-11,536.010820,542.516775,527.472950,541.598511,75248600
2024-09-12,542.174860,546.463351,539.957337,546.160522,51819600
2024-09-13,546.766141,550.009370,546.512145,549.012939,39310500
2024-09-16,548.749194,550.087507,546.951780,549.823792,36656100
2024-09-17,552.031485,553.477299,547.821161,550.048462,49321000
2024-09-18,550.702966,555.538505,547.860289,548.417114,59044900
2024-09-19,557.804909,559.631658,554.942675,557.775574,75315500
2024-09-20,556.409620,557.850001,553.793323,556.811340,77503100
2024-09-23,557.879384,558.849446,556.664294,558.202698,44116900
2024-09-24,558.996426,559.858717,556.174394,559.799927,46805700
2024-09-25,559.643140,560.378043,557.457988,558.565247,38428600
2024-09-26,562.817932,563.141306,558.428132,560.779785,48336000
2024-09-27,561.847947,562.661197,558.937701,559.966553,42100900
2024-09-30,558.937656,562.817964,556.644793,562.210449,63557400
2024-10-01,561.857760,562.504448,554.606694,557.173950,72668800
2024-10-02,556.282243,558.428161,553.891356,557.409058,38097800
2024-10-03,555.939314,558.330200,554.106961,556.390076,40846500
2024-10-04,560.828783,561.818461,556.664334,561.446106,42939100
2024-10-07,559.800030,560.446778,555.224052,556.370483,49964700
2024-10-08,558.937681,562.230091,558.065641,561.632324,37398700
2024-10-09,561.622536,566.080994,561.024829,565.522461,37912200
2024-10-10,564.179915,565.953478,562.925652,564.532654,44138100
2024-10-11,564.454419,568.648294,564.317223,567.913391,42268000
2024-10-14,569.520227,573.488750,569.040100,572.557861,36217200
2024-10-15,572.822427,573.126184,566.894163,568.109253,54203600
2024-10-16,568.109319,571.097912,567.305818,570.578552,30725400
2024-10-17,574.115839,574.321633,570.441325,570.627502,34393700
2024-10-18,572.312897,573.606333,570.852900,572.822449,37416800
2024-10-21,572.097318,573.077188,568.912739,571.881775,36439000
2024-10-22,569.353678,572.734243,568.697182,571.578003,34183800
2024-10-23,569.559542,570.000496,562.857202,566.355347,49314600
2024-10-24,568.305234,568.383640,564.963902,567.580139,34979900
2024-10-25,569.804405,572.695034,566.443457,567.384094,47268200
2024-10-28,570.852957,570.980345,568.834426,569.138184,30174700
2024-10-29,568.177749,571.176150,566.786350,570.059143,42899700
2024-10-30,569.588859,571.578024,567.629118,568.334656,41435800
2024-10-31,563.974291,564.042889,556.997617,557.193604,60182500
2024-11-01,559.819558,563.964391,559.133637,559.545166,45667500
2024-11-04,559.682261,560.975697,556.458510,558.339844,38217000
2024-11-05,559.251199,565.130421,559.035656,565.091248,39478300
2024-11-06,577.339772,580.014799,573.606467,579.142700,68182000
2024-11-07,581.141564,584.639709,581.063158,583.620605,47233200
2024-11-08,584.169203,587.569383,584.169203,586.148560,46444900
2024-11-11,587.736005,588.088744,584.982572,586.707153,37586800
2024-11-12,586.628843,587.226550,582.405604,584.884705,43006100
2024-11-13,585.345132,587.167676,582.983671,585.168762,47388600
2024-11-14,585.296122,585.776249,580.720145,581.406006,38904100
2024-11-15,577.849102,578.319480,572.107076,573.959045,75988800
2024-11-18,574.419589,577.623784,573.557358,576.310791,37001700
2024-11-19,572.940038,579.142575,572.273734,578.417480,49412000
2024-11-20,578.495824,578.897544,572.861570,578.613403,50032600
2024-11-21,581.455141,583.140490,575.624900,581.719666,46750300
2024-11-22,581.709848,584.149775,581.210164,583.522644,38226400
2024-11-25,587.451947,588.764940,583.218899,585.502014,42441400
2024-11-26,586.746347,589.225448,586.031061,588.559143,45621300
2024-11-27,588.373011,588.755115,585.257031,586.775818,34000200
2024-11-29,587.589059,591.204783,587.314726,590.420898,30177400
2024-12-02,590.832378,592.155239,590.342443,591.479126,31746000
2024-12-03,591.243987,591.998447,590.215135,591.753479,26906600
2024-12-04,593.438934,595.673007,592.772629,595.428040,42787600
2024-12-05,595.427990,596.231491,594.095381,594.448120,28762200
2024-12-06,595.212465,596.809658,594.800936,595.575012,31241500
2024-12-09,595.457415,595.623976,591.920097,592.507996,34742700
2024-12-10,593.184168,593.605505,590.009397,590.665894,37234500
2024-12-11,593.585942,596.182562,593.311549,595.232117,28677700
2024-12-12,594.369809,594.938090,592.165100,592.165100,31543800
2024-12-13,594.193465,594.908751,590.675704,592.047546,35904700
2024-12-16,593.801485,595.545683,593.027409,594.575562,43695200
2024-12-17,592.027891,592.988145,590.754072,592.125854,55773500
2024-12-18,591.822113,594.203191,574.096291,574.478455,108248700
2024-12-19,579.456130,581.063131,574.057034,574.302002,85919500
2024-12-20,571.977828,585.722501,571.132258,581.199951,125716700
2024-12-23,580.944392,585.280138,577.768717,584.680420,57635800
2024-12-24,586.027345,591.218503,585.447250,591.179138,33160100
2024-12-26,589.409450,592.339272,588.013367,591.218506,41219100
2024-12-27,587.482318,587.718329,580.816469,584.994934,64969300
2024-12-30,577.994873,581.780047,574.573406,578.319275,56578800
2024-12-31,579.980762,580.698516,574.583178,576.215271,57052700
2025-01-02,579.469610,581.180314,570.729229,574.799561,50204000
2025-01-03,577.640924,582.625535,576.559403,581.986511,37888500
2025-01-06,586.233828,589.606088,583.608725,585.339111,47679400
2025-01-07,587.364441,587.688903,576.903575,578.722412,60393100
2025-01-08,578.791129,580.639490,575.350040,579.567810,47304700
2025-01-10,576.018590,576.087419,568.811951,570.719299,73105000
2025-01-13,566.078786,571.958113,565.665813,571.604187,47910100
2025-01-14,574.524267,575.153509,568.615415,572.390808,48420600
2025-01-15,580.393777,583.943000,579.282792,582.802551,56900200
2025-01-16,584.169148,584.346111,580.983692,581.681763,43319700
2025-01-17,586.912230,589.271798,585.584917,587.521790,58070600
2025-01-21,590.559652,592.909438,588.593315,592.899597,42532900
2025-01-22,595.721338,597.589382,595.170766,596.232605,48196000
2025-01-23,595.603351,599.486877,595.328095,599.486877,41152100
2025-01-24,599.545811,600.499516,596.586465,597.736755,34604700
2025-01-27,584.798371,589.596237,584.631249,589.281616,70361100
2025-01-28,590.510469,595.180518,587.197197,594.344849,44433300
2025-01-29,593.558367,593.961500,589.134110,591.680542,37177400
2025-01-30,593.794422,596.389942,590.608906,594.856201,39281300
2025-01-31,597.274696,599.693311,590.933249,591.690308,66566900
2025-02-03,582.694302,590.186039,580.551003,587.708496,65857200
2025-02-04,587.767475,592.162208,587.226744,591.651001,33457800
2025-02-05,590.530227,594.197426,588.504903,594.049927,30653100
2025-02-06,595.790101,596.242380,592.486670,596.114563,35771500
2025-02-07,596.675005,597.894124,589.950108,590.658020,50788500
2025-02-10,593.863166,595.308395,592.594841,594.669312,26048700
2025-02-11,592.408089,595.662374,592.290113,595.121643,30056700
2025-02-12,589.114514,594.374441,588.436125,593.204468,45076100
2025-02-13,594.305530,599.673650,593.047106,599.467163,40921300
2025-02-14,599.673695,600.706010,598.818343,599.437744,26910400
2025-02-18,600.597914,601.197632,598.139993,601.197632,26749000
2025-02-19,599.811215,602.908159,599.299948,602.613220,31011100
2025-02-20,601.246711,601.384369,596.802831,600.106262,36554000
2025-02-21,599.889993,600.027651,589.379921,589.842041,76519800
2025-02-24,591.886996,592.880006,586.450047,587.157959,50737200
2025-02-25,587.099030,587.826565,579.636755,584.237976,58266500
2025-02-26,585.899455,589.488043,581.897953,584.532837,43321600
2025-02-27,586.804011,587.954362,574.809405,575.202637,74196700
2025-02-28,575.704049,584.709844,572.636568,584.178955,88744100
2025-03-03,586.145307,587.285816,570.139357,573.944214,74249200
2025-03-04,569.952517,575.536906,562.618060,567.150452,109648200
2025-03-05,566.983317,575.035467,563.434094,573.246094,71230500
2025-03-06,565.793709,570.404771,560.523941,563.070374,80094900
2025-03-07,561.290733,567.671485,556.109417,566.226196,81158800
2025-03-10,558.036551,559.953681,546.238531,551.144531,99326600
2025-03-11,549.984394,554.526627,542.728607,546.562927,88102100
2025-03-12,552.707700,553.631881,544.370452,549.463257,69588200
2025-03-13,549.089679,549.699239,540.427969,542.138672,74079400
2025-03-14,546.749675,554.339765,542.207442,553.336914,62660300
2025-03-17,553.317162,560.120729,552.884566,557.603821,49008700
2025-03-18,555.293432,555.509761,549.650056,551.577087,66041400
2025-03-19,553.356556,561.339877,552.176743,557.584167,66556000
2025-03-20,553.848246,560.966375,553.130492,555.971863,62958200
2025-03-21,551.520469,557.052621,550.287812,556.155212,83763000
2025-03-24,562.880651,567.170335,562.289000,566.115173,58766800
2025-03-25,567.318138,568.412723,565.730490,567.475952,38355700
2025-03-26,567.209762,568.333960,559.320755,560.701355,51848300
2025-03-27,559.310869,562.979288,557.101956,559.212280,42164200
2025-03-28,557.683801,558.413525,547.368903,547.950684,71662700
2025-03-31,542.201546,552.930599,539.282592,551.628906,95328200
2025-04-01,549.715890,555.129711,545.998176,553.187012,54609600
2025-04-02,547.349042,559.547411,547.112381,556.687683,76014500
2025-04-03,537.547077,540.367382,529.253784,529.253784,125986000
2025-04-04,516.404523,518.574012,498.052735,498.269684,217965100
2025-04-07,482.402947,515.911487,475.115462,497.382202,256611400
2025-04-08,514.619647,517.696355,482.373348,489.591797,165816600
2025-04-09,486.593999,541.008423,486.209396,541.008423,241867300
2025-04-10,524.786603,526.098167,502.253650,517.301941,162331200
2025-04-11,515.753695,528.987487,512.854483,526.532043,97866300
2025-04-14,536.501791,536.728641,526.453166,531.640198,68034000
2025-04-15,532.182540,535.693146,529.362234,530.151123,56892900
2025-04-16,524.303441,530.427305,513.071452,518.366943,83484800
2025-04-17,520.319482,523.800475,516.641192,519.106506,79868100
2025-04-21,513.929331,514.461878,501.405551,506.750366,69368100
2025-04-22,512.923535,521.956422,511.986703,519.934875,75948100
2025-04-23,532.931955,537.862584,526.472843,527.991455,90590700
2025-04-24,529.273457,539.834887,528.021118,539.105164,64150400
2025-04-25,539.065734,543.404651,536.146779,543.000366,61119600
2025-04-28,543.739883,545.869888,537.458267,543.207336,47613800
2025-04-29,541.294419,547.743722,540.939428,546.629395,47775100
2025-04-30,539.972923,548.798761,534.006874,546.846191,93101500
2025-05-01,552.595282,556.243959,550.120096,550.721619,63186100
2025-05-02,556.894742,560.494125,554.577371,558.896606,60717300
2025-05-05,554.764873,558.788283,553.906948,555.691833,38659200
2025-05-06,550.189255,555.534041,549.232742,551.047180,48264700
2025-05-07,552.378437,555.997502,548.325414,553.364563,55588000
2025-05-08,557.397832,562.397498,553.906968,557.220337,65130800
2025-05-09,558.620517,559.626385,554.952158,556.510254,37603400
2025-05-12,573.402559,574.911360,569.034029,574.901489,78993600
2025-05-13,575.315655,580.907032,574.753617,578.698120,67947200
2025-05-14,579.654663,580.808413,577.416138,579.437744,66283500
2025-05-15,577.435843,582.770757,576.982203,582.267883,71268100
2025-05-16,583.046971,586.251880,581.104332,585.956055,76052100
2025-05-19,579.940574,587.277353,579.940574,586.596924,68168500
2025-05-20,584.861416,585.808058,581.419786,584.624695,60614500
2025-05-21,580.275915,584.358490,573.747766,574.773315,95197700
2025-05-22,574.576096,578.481176,573.343439,575.000183,70860400
2025-05-23,567.988799,573.737930,567.614067,571.075378,76029000
2025-05-27,577.938828,583.106118,570.404811,582.948364,72588500
2025-05-28,583.352624,584.545858,578.846021,579.575745,68445500
2025-05-29,584.831835,584.969907,577.938825,581.863586,69973300
2025-05-30,580.759129,582.928618,575.148070,581.212769,90601200
2025-06-02,579.605359,584.565541,576.942807,584.486694,61630500
2025-06-03,584.121791,588.796018,583.638539,587.819763,63606200
2025-06-04,588.677665,589.653920,587.228029,587.661926,57314200
2025-06-05,589.338434,590.689422,582.849709,584.821960,92278700
2025-06-06,590.354072,592.494009,588.579058,590.827454,66588700
2025-06-09,591.399348,592.908149,590.186432,591.359924,53016400
2025-06-10,591.892464,595.097373,590.778197,594.712830,66247000
2025-06-11,595.807416,596.665341,590.955693,593.016663,73658200
2025-06-12,591.685434,595.373535,591.202242,595.373535,64129000
2025-06-13,590.196352,593.499850,587.218232,588.717163,89506000
2025-06-16,592.070024,596.063822,591.892468,594.318359,79984100
2025-06-17,591.882678,593.401291,588.480532,589.239868,82209400
2025-06-18,590.137188,592.878587,588.194489,589.151062,76605000
2025-06-20,591.822440,592.890621,586.362913,587.767395,94051400
2025-06-23,588.519013,593.958739,585.403570,593.573059,87426000
2025-06-24,597.707208,601.188592,596.797247,600.130371,67735300
2025-06-25,601.247934,601.940275,598.903912,600.466614,62114800
2025-06-26,602.316168,605.599792,601.702968,605.164612,78548400
2025-06-27,606.163482,609.635025,604.135960,608.171204,86258400
2025-06-30,610.614220,612.434022,608.299837,611.079041,92502500
2025-07-01,609.605385,612.048348,608.774624,610.881287,70030100
2025-07-02,610.475791,613.690175,609.852690,613.650635,66510400
2025-07-03,615.628656,619.416701,615.608856,618.487000,51065800
2025-07-07,616.528613,617.191314,611.098788,613.877991,74814500
2025-07-08,614.540690,615.292371,612.730788,613.541809,59024600
2025-07-09,615.945167,617.873749,614.105505,617.221008,66113300
2025-07-10,617.359489,620.000212,616.182528,618.961731,57529000
2025-07-11,615.915528,618.012290,614.718826,616.785889,63670200
2025-07-14,616.330827,618.308909,614.985745,617.962769,51898500
2025-07-15,620.643129,620.979369,615.242942,615.322083,74317300
2025-07-16,616.904491,617.883632,611.276845,617.379211,88987500
2025-07-17,617.557285,621.513449,617.339664,621.157349,68885700
2025-07-18,622.403575,622.571695,619.594732,620.702454,65621600
2025-07-21,621.879395,624.618997,621.454114,621.879395,63375000
2025-07-22,622.205805,622.828906,619.327722,621.968445,60046300
2025-07-23,624.628883,627.259766,622.828821,627.259766,70511000
2025-07-24,627.645427,629.178489,627.042127,627.467407,71307100
2025-07-25,628.130181,630.592884,627.882921,630.118103,56865400
2025-07-28,630.493960,631.047821,628.575218,629.959900,54917100
2025-07-29,631.354443,631.670944,627.388439,628.298340,60556300
2025-07-30,628.951042,630.691764,624.619036,627.507080,80418900
2025-07-31,632.452266,632.837946,623.857496,625.153137,103385200
2025-08-01,619.436441,619.476042,612.503254,614.906616,140103600
2025-08-04,618.813386,624.302553,618.724406,624.253113,73218000
2025-08-05,624.866279,625.677300,620.168334,621.088135,68051400
2025-08-06,622.156295,626.498200,621.246394,625.845459,64357500
2025-08-07,629.267492,629.999373,622.215625,625.321228,74205800
2025-08-08,627.111401,630.662085,626.794901,630.197205,64051600
2025-08-11,630.474212,631.947874,627.704848,628.951050,58742300
2025-08-12,631.295045,635.805071,629.811484,635.646851,64730800
2025-08-13,637.842555,639.108556,635.637012,637.822815,60092800
2025-08-14,635.745717,638.544721,635.300697,637.882080,59327500
2025-08-15,638.910715,639.009655,635.478771,636.388672,68592500
2025-08-18,635.814942,636.942463,635.142401,636.250122,43804900
2025-08-19,636.072125,637.051266,631.482959,632.798401,69750700
2025-08-20,632.392906,632.650006,626.013579,631.117004,88890300
2025-08-21,629.307185,630.978607,626.864222,628.585144,54805800
2025-08-22,630.770910,639.415121,630.266490,638.238159,84083200
2025-08-25,636.982062,638.218364,635.310580,635.429260,51274300
2025-08-26,635.162259,638.435983,634.539159,638.089783,51581600
2025-08-27,637.506279,640.275582,637.357898,639.543701,48341100
2025-08-28,640.146951,642.362393,638.267809,641.808533,61519500
2025-08-29,640.374481,640.740482,636.091976,637.981018,74522200
2025-09-02,630.513755,633.470978,627.962011,633.253418,81983500
2025-09-03,635.627082,637.150245,633.441340,636.685364,70820900
2025-09-04,637.357842,642.036048,636.457842,642.006348,65219200
2025-09-05,644.340497,645.062538,636.279848,640.146973,85178900
2025-09-08,641.511823,642.718485,640.137042,641.719543,63133100
2025-09-09,641.857983,643.727285,640.127161,643.203125,66133900
2025-09-10,646.457021,647.376822,643.499798,645.062500,78034500
2025-09-11,647.010953,651.115498,646.427452,650.423157,69934400
2025-09-12,650.393426,651.886887,649.701145,650.205505,72780100
2025-09-15,652.411134,653.795755,652.114434,653.667175,63772400
2025-09-16,654.220951,654.527612,651.985769,652.767090,61169000
2025-09-17,652.777037,654.468258,647.129590,651.956116,101952200
2025-09-18,654.636440,657.603563,653.034198,655.002380,90459200
2025-09-19,656.887783,659.089513,654.943866,658.246521,97945600
2025-09-22,656.758769,661.806911,656.728986,661.360657,69452200
2025-09-23,661.241729,661.856690,656.540686,657.760620,81708900
2025-09-24,659.049800,659.148954,654.249543,655.667786,68082200
2025-09-25,652.533863,653.991755,649.032839,652.642944,89622100
2025-09-26,654.090941,656.927427,652.474330,656.381958,69179200
2025-09-29,658.901090,659.813574,656.421632,658.226685,73499000
2025-09-30,657.482820,661.172285,656.173659,660.706116,86288000
2025-10-01,657.720875,663.869943,657.611793,662.957520,72545400
2025-10-02,664.941004,665.060013,661.301177,663.721069,56896000
2025-10-03,664.484802,667.152701,662.669822,663.711243,70494400
2025-10-06,666.101419,666.984121,663.959194,666.091492,54623300
2025-10-07,667.013830,667.460144,662.183851,663.621948,72020100
2025-10-08,664.742677,667.678377,663.919480,667.579163,60702200
2025-10-09,667.995785,668.402389,663.711274,665.645203,66501900
2025-10-10,666.607197,668.412249,647.475722,647.654236,159422600
2025-10-13,655.221603,659.664772,654.348829,657.591919,79560500
2025-10-14,651.770154,660.359030,647.803021,656.788574,88779600
2025-10-15,661.340873,664.722827,653.515689,659.704407,81702600
2025-10-16,661.340944,663.215429,651.710707,655.211731,110563300
2025-10-17,654.081013,660.289585,652.732202,658.930847,96500900
2025-10-20,661.836780,666.686614,661.787203,665.784058,60493400
2025-10-21,665.922901,667.460152,664.474875,665.774109,56249000
2025-10-22,666.478307,666.478307,657.849781,662.312805,80564000
2025-10-23,662.630190,667.182502,662.312812,666.240295,65604500
2025-10-24,670.901694,672.895127,670.098352,671.685181,74356500
2025-10-27,677.120112,679.907020,676.515138,679.609497,63339800
2025-10-28,681.404623,683.249325,679.202894,681.414551,61738100
2025-10-29,683.060910,684.032899,677.259003,681.741882,85657100
2025-10-30,678.280522,680.303738,674.243958,674.243958,76335800
2025-10-31,679.411122,679.450832,673.658792,676.455627,87164100
2025-11-03,680.035970,680.164907,674.353072,677.725159,57315000
2025-11-04,670.554558,674.372960,669.037161,669.691711,78427000
2025-11-05,669.433839,675.265530,668.630497,672.012512,74402400
2025-11-06,670.911543,671.814099,663.225223,664.802185,85035300
2025-11-07,662.421872,665.565868,655.776973,665.456726,100592400
2025-11-10,671.675258,676.574669,669.483455,675.840759,75842900
2025-11-11,674.362952,677.953202,673.152945,677.387878,58953400
2025-11-12,679.163158,679.331805,675.354745,677.764771,62312500
2025-11-13,674.908452,675.265479,665.010475,666.517944,103457800
2025-11-14,659.912767,670.108268,657.820119,666.408936,96846700
2025-11-17,664.197171,668.174231,656.729015,660.200256,90456100
2025-11-18,656.659611,659.654815,650.470894,654.656250,114467500
2025-11-19,655.350528,661.856623,653.337179,657.185303,94703000
2025-11-20,667.380821,670.009071,646.533579,647.168335,165293500
2025-11-21,649.667530,659.089470,645.502029,653.614868,123956200
2025-11-24,657.244820,664.554257,656.153882,663.235168,80437900
2025-11-25,663.135941,670.653674,659.020017,669.473450,81077100
2025-11-26,672.062071,676.098636,671.159515,674.095215,71879600
2025-11-28,675.265479,678.052387,674.908451,677.774719,49212000
2025-12-01,673.232334,677.377980,673.162902,674.680359,61201200
2025-12-02,676.316803,678.201216,673.748118,675.930054,62953800
2025-12-03,674.977902,679.282208,674.105128,678.270630,57238500
2025-12-04,679.669037,679.738469,675.741614,678.766541,61970300
2025-12-05,679.837562,682.733613,678.954921,680.055786,79241000
2025-12-08,680.948456,680.998033,675.969685,678.012756,55231500
2025-12-09,677.536693,679.758278,676.981297,677.427551,58310100
2025-12-10,676.951566,683.308870,675.711837,681.920410,85671300
2025-12-11,679.510347,683.586562,676.564720,683.507202,86173700
2025-12-12,682.515384,683.219572,673.589336,676.158081,113160300
2025-12-15,680.105379,680.125234,673.668716,675.136536,90811000
2025-12-16,673.648898,675.483733,669.433819,673.291870,122030600
2025-12-17,674.303469,674.848938,665.684871,665.883240,110625200
2025-12-18,672.032219,675.146432,669.354453,670.911499,108650100
2025-12-19,673.013454,677.489666,672.894033,676.992310,103599500
2025-12-22,680.324529,681.737006,676.992262,681.209839,69556700
2025-12-23,680.304621,684.562025,680.254897,684.323303,64840000
2025-12-24,684.313382,687.178163,684.164151,686.730530,39445600
2025-12-26,686.989161,688.003728,685.626408,686.660889,41613300
2025-12-29,683.905508,685.556767,682.443308,684.213867,62559500
2025-12-30,683.815972,684.920090,682.950576,683.378296,47160700
2025-12-31,683.507684,683.726492,678.106396,678.315247,74144800
2026-01-02,682.085206,683.239047,676.226327,679.558594,89377200
2026-01-05,682.910840,685.785577,682.751712,684.084595,71927200
2026-01-06,684.293460,688.660268,684.144289,688.152954,69273800
2026-01-07,688.530942,690.291605,685.676118,685.934753,75588300
2026-01-08,685.178757,686.969230,683.855771,685.865112,64019200
2026-01-09,686.979183,691.634436,685.536836,690.401001,80125500
2026-01-12,687.028931,692.410367,686.979207,691.485229,63976000
2026-01-13,691.813479,692.410343,687.695349,690.102600,78309700
2026-01-14,687.347203,688.063367,682.413401,686.710571,94676700
2026-01-15,690.898389,691.773742,687.595932,688.580688,77862000
2026-01-16,689.993151,690.580059,686.451972,688.003723,79289200
2026-01-20,677.887473,681.150163,672.993498,673.998169,111623300
2026-01-21,676.057251,685.099166,674.545267,681.776855,127844500
2026-01-22,686.203348,687.476611,683.288843,685.337952,77112200
2026-01-23,684.512301,687.307444,683.527483,685.586548,63059600
2026-01-26,686.839966,690.460739,686.272972,689.068115,60473800
2026-01-27,690.510404,692.848018,689.903643,691.813477,55506100
2026-01-28,693.365224,694.151086,690.271678,691.743835,61172200
2026-01-29,692.708769,693.375210,681.209879,690.371155,97486200
2026-01-30,688.133093,690.540344,683.487796,688.312134,101835100
2026-02-02,685.934749,693.245871,685.775561,691.733887,79286500
2026-02-03,692.529690,693.275726,680.414084,685.885010,107904600
2026-02-04,686.700666,687.794888,678.156108,682.562683,105204600
2026-02-05,677.340421,680.075884,672.217621,674.037964,113610800
2026-02-06,677.857687,688.650307,677.250865,686.969238,89127600
2026-02-09,685.775534,692.191450,684.701287,690.281616,73885200
2026-02-10,691.276361,692.857922,688.003714,688.461304,65185700
2026-02-11,692.708760,693.454795,685.536852,688.302185,76353900
2026-02-12,690.570110,691.674228,676.773434,677.668701,118829000
2026-02-13,678.086438,682.652201,673.938498,678.146118,96267500
2026-02-17,676.544660,681.319274,672.207722,679.240295,81354700
2026-02-18,680.404150,685.507037,679.220438,682.662109,73570300
2026-02-19,680.225124,682.552720,677.947190,680.861694,58649400
2026-02-20,678.713182,686.412258,678.126274,685.785583,100034000
2026-02-23,684.194021,686.352533,676.773435,678.782776,90558100
2026-02-24,678.295350,684.711205,676.405370,683.716492,73798700
2026-02-25,686.531569,690.013068,686.451975,689.485901,56369500
2026-02-26,689.615191,689.635044,680.732344,685.656189,71671000
2026-02-27,679.479075,683.229105,678.036728,682.363708,83308900
2026-03-02,675.112253,684.979797,674.435855,682.751648,87477200
2026-03-03,671.491542,679.001620,666.120063,676.733704,105003100
2026-03-04,678.026802,683.457962,676.027418,681.508301,79182200
2026-03-05,678.474384,681.906159,672.038554,677.708435,106606500
2026-03-06,669.850146,672.535885,666.219477,668.825623,100687000
2026-03-09,662.867305,676.325751,658.888450,674.684509,102667700
2026-03-10,674.137404,679.747605,671.193090,673.600281,81505300
2026-03-11,673.998214,676.484999,669.780637,672.754822,68441700
2026-03-12,667.612079,668.099539,662.350064,662.539062,108882200
2026-03-13,665.732145,668.785924,657.863925,658.789001,97200200
2026-03-16,664.846820,668.517316,663.593471,665.493408,82023100
2026-03-17,668.835597,670.874748,666.159815,667.244019,87128000
2026-03-18,664.826892,666.179688,657.694811,657.933533,82062600
2026-03-19,653.497077,659.475316,651.706604,656.312134,111272500
2026-03-20,654.823042,655.002572,643.063299,646.903442,163617500
2026-03-23,656.379013,660.917309,652.259621,653.695923,134802700
2026-03-24,649.646381,655.341731,648.210079,651.501587,96457500
2026-03-25,656.977424,659.191751,652.558815,655.132202,90653800
2026-03-26,650.384433,653.167242,643.163047,643.432373,96494400
2026-03-27,640.848995,641.008557,631.483109,632.460632,103649400
2026-03-30,638.465168,638.724509,627.663040,630.346069,99275900
2026-03-31,637.298154,649.865752,636.340599,648.668884,152534100
2026-04-01,652.219752,656.827875,651.322040,653.556274,97841500
2026-04-02,644.758922,656.508680,643.452290,654.144775,68358700
2026-04-06,654.174698,658.024765,653.835605,657.236816,39105800
2026-04-07,654.962659,657.915013,649.386996,657.526001,69980400
2026-04-08,674.651978,675.340207,669.734653,674.272949,93606100
2026-04-09,673.105924,679.409630,672.038666,678.162842,57134400
2026-04-10,679.569256,680.277454,676.706636,677.714050,42253500
2026-04-13,675.669302,684.536473,674.841479,684.336975,54185800
2026-04-14,685.922914,692.795224,685.892962,692.675537,63480500
2026-04-15,693.473452,698.480572,692.416178,698.141418,58240400
2026-04-16,699.258561,700.974173,696.735093,699.856995,49972400
2026-04-17,704.325525,710.559465,703.946497,708.315247,70661900
2026-04-20,706.958708,708.085748,704.325477,706.898804,43546800
2026-04-21,708.454894,709.452324,700.834511,702.270813,58941400
2026-04-22,707.327803,709.621881,706.400139,709.382507,42518500
2026-04-23,707.676867,710.529504,700.475449,706.629578,56174000
2026-04-24,708.923663,712.634075,707.188144,712.105469,45182000
2026-04-27,711.337415,713.791115,710.469655,713.332275,33135900
2026-04-28,709.990877,711.048151,707.427474,709.861206,43117400
2026-04-29,709.172999,710.369928,706.549752,709.751526,41859200
2026-04-30,712.793681,717.940395,708.624429,716.813293,67240900
2026-05-01,719.396652,723.007345,718.618627,718.798218,43049800
2026-05-04,718.219682,720.264402,713.152719,716.164978,51950600
2026-05-05,719.915356,723.176912,719.636047,721.910217,36933200
2026-05-06,726.288862,732.702393,725.949770,731.944336,53288900
2026-05-07,733.161188,734.238430,727.874820,729.700134,51724600
2026-05-08,733.041519,736.183449,732.682459,735.724609,47227100
2026-05-11,734.557616,738.886430,734.557616,737.400269,44024000
2026-05-12,734.996479,736.941480,729.949484,736.283142,54185300
2026-05-13,736.572367,741.998391,733.580076,740.402527,44200200
2026-05-14,741.739153,747.604049,741.649358,746.247498,45307600
2026-05-15,739.883893,741.549645,736.063778,737.270630,60410800
2026-05-18,737.928914,739.514794,731.505460,736.751953,47843900
2026-05-19,732.891955,735.754576,729.650306,731.844604,54255900
2026-05-20,733.819533,739.963678,732.004203,739.345276,45768000
2026-05-21,736.741990,742.955962,735.136142,740.811462,43332200
2026-05-22,744.322433,747.015507,742.566946,743.723999,41762000
2026-05-26,748.082789,750.197337,746.446989,748.661316,41123600
2026-05-27,748.950520,749.449235,746.297321,748.531616,42106300
2026-05-28,748.322152,753.209585,747.304753,752.660950,41562600
2026-05-29,753.957667,756.132058,752.750754,754.536133,55075700
2026-06-01,753.418999,758.326400,752.750738,756.590820,43634900
2026-06-02,755.084774,758.446109,754.805464,757.618225,31581900
2026-06-03,756.201867,756.850160,751.633619,752.301880,51402500
2026-06-04,750.167364,756.361428,749.538978,755.144592,49923000
2026-06-05,750.376868,750.885567,733.640017,735.654785,93989400
2026-06-08,741.449811,743.424764,736.293113,737.320435,49319100
2026-06-09,741.719176,744.980793,720.733262,735.156067,87683500
2026-06-10,731.505486,736.482654,723.466199,723.565918,60341300
2026-06-11,726.887384,738.098492,722.548526,735.864258,86330500
2026-06-12,738.806688,742.527084,733.141291,739.843994,57079500
2026-06-15,749.917997,754.735603,749.828262,752.890381,60176400
2026-06-16,752.611105,753.498832,747.953122,748.401978,67093100
2026-06-17,749.359442,750.217279,737.320450,739.056030,85945200
2026-06-18,747.760010,748.229980,743.859985,746.739990,80875700
2026-06-22,747.700012,750.179993,743.130005,744.390015,46628100
2026-06-23,733.809998,739.630005,732.299988,733.580017,66846800
2026-06-24,735.169983,739.950012,730.840027,733.239990,57439500
2026-06-25,738.909973,739.369995,729.599976,734.299988,53934400
2026-06-26,728.950012,736.530029,716.580017,728.989990,71034000
2026-06-29,736.530029,741.559998,732.090027,741.000000,58035200
2026-06-30,741.289978,748.020020,740.890015,746.770020,55626000
2026-07-01,745.000000,749.440002,742.380005,745.760010,47100900
2026-07-02,747.400024,751.309998,740.030029,744.780029,57447800
2026-07-06,748.739990,752.409973,747.409973,751.280029,50673300
2026-07-07,750.219971,750.960022,745.210022,747.710022,43721500
2026-07-08,743.159973,746.150024,739.510010,745.400024,43767400
2026-07-09,747.349976,751.969971,745.590027,751.710022,41441700
2026-07-10,752.049988,755.419983,748.099976,754.950012,42191300
2026-07-13,752.469971,753.909973,748.000000,749.169983,44013600
2026-07-14,750.909973,753.340027,748.659973,751.830017,35143100
2026-07-15,754.239990,755.580017,750.200012,754.809998,43844800
2026-07-16,752.760010,754.570007,747.880005,750.719971,46409800
2026-07-17,742.080017,747.289978,740.799988,743.289978,62569200
