date,open,high,low,close,volume
2014-01-02,41.940171,42.278396,41.440879,42.146328,1539000
2014-01-03,42.259071,42.468450,41.988490,42.011036,1657200
2014-01-06,42.133439,42.239740,41.263714,41.527851,1041900
2014-01-07,42.033581,42.565080,42.033581,42.526428,2718300
2014-01-08,42.407235,43.673172,42.304160,43.631298,1823100
2014-01-09,45.741190,46.913710,45.605899,46.910488,3359700
2014-01-10,47.873637,49.526117,47.793108,49.481022,2862900
2014-01-13,49.358613,50.299204,47.928396,48.530762,1679700
2014-01-14,48.988172,49.191108,47.979935,48.811005,978000
2014-01-15,49.281304,49.284526,48.269845,49.084808,568500
2014-01-16,49.284526,50.096271,49.017163,50.086609,1155900
2014-01-17,50.315315,51.043310,50.131708,50.463493,757800
2014-01-21,51.178595,51.587688,50.138143,51.545815,1690500
2014-01-22,52.038664,52.038664,51.136728,51.378319,862200
2014-01-23,51.259123,51.516823,50.647095,51.362206,741000
2014-01-24,50.895136,50.943454,49.513237,49.635643,1974900
2014-01-27,49.645290,49.645290,46.369320,47.551506,2457600
2014-01-28,47.847881,49.229781,47.847881,48.981750,2335500
2014-01-29,48.669266,49.468123,47.915500,48.398682,1248900
2014-01-30,49.136360,50.192915,48.868998,49.522903,853800
2014-01-31,48.827123,49.207222,48.308508,48.385815,549900
2014-02-03,48.314938,48.314938,45.860378,46.172832,1489200
2014-02-04,46.433752,47.297037,46.333895,46.823521,917400
2014-02-05,46.875068,46.958819,44.810269,45.911922,996300
2014-02-06,46.227601,46.230822,45.419077,45.612350,717000
2014-02-07,45.976343,48.314940,45.889370,48.189316,1056000
2014-02-10,48.418033,49.645315,48.418033,49.558342,1150800
2014-02-11,49.951325,50.444173,49.374731,50.257343,1240800
2014-02-12,50.576239,50.885475,50.189696,50.376526,837000
2014-02-13,49.928775,50.978889,49.687184,50.953117,799800
2014-02-14,51.117395,51.400859,49.938430,50.076942,2177700
2014-02-18,50.569795,51.404087,50.379740,51.378319,1015800
2014-02-19,51.523278,51.565156,50.444174,50.531147,1110000
2014-02-20,50.676091,52.019340,50.328204,51.877605,1117500
2014-02-21,52.309255,53.456004,52.077326,52.953495,2054400
2014-02-24,53.488213,54.090579,53.182199,53.636391,1392000
2014-02-25,54.718703,55.362946,54.129221,54.921638,1433700
2014-02-26,55.156784,55.572321,54.396579,54.763794,1379100
2014-02-27,54.712264,55.179336,53.826430,54.973179,748200
2014-02-28,55.082696,55.185775,51.761627,52.737656,3849600
2014-03-03,51.890480,52.756987,51.371865,52.605591,2191500
2014-03-04,53.584843,54.277404,53.584843,53.939175,1319400
2014-03-05,54.135676,54.135676,53.530088,53.745911,1470000
2014-03-06,54.254854,54.254854,51.925919,52.057987,2127600
2014-03-07,52.560505,52.576611,50.602010,51.813187,3948900
2014-03-10,51.819617,52.074092,50.801715,52.006447,1911900
2014-03-11,52.090202,52.943825,51.239805,51.481396,1300800
2014-03-12,50.795277,51.964579,50.540802,51.748756,1334100
2014-03-13,52.083769,52.373677,50.225127,50.772736,1922100
2014-03-14,50.775950,51.394426,50.170366,50.978889,2934600
2014-03-17,51.581255,51.867941,50.460273,50.656765,1354500
2014-03-18,50.946681,52.505745,50.714753,52.457428,1212600
2014-03-19,52.682909,52.908394,51.797075,52.235161,1137600
2014-03-20,51.993554,52.357552,51.423400,51.594124,1185600
2014-03-21,51.966323,52.124492,49.190308,49.435631,4662300
2014-03-24,49.442095,49.677732,46.039862,47.450466,4770900
2014-03-25,47.841029,48.641555,46.178653,47.218040,3633600
2014-03-26,47.282609,47.895912,45.646050,45.707382,3606900
2014-03-27,45.658953,46.443335,44.296767,46.120544,3633300
2014-03-28,46.349731,46.530492,44.051451,44.451710,3957000
2014-03-31,44.700272,46.033404,44.564700,45.991440,2469000
2014-04-01,46.407835,47.508559,46.104412,46.956585,2774700
2014-04-02,47.550516,47.770017,46.104408,46.614418,3362100
2014-04-03,46.737091,46.785509,44.412989,44.926228,2855700
2014-04-04,45.190911,45.349079,42.234134,43.079849,6806700
2014-04-07,42.485913,44.061140,41.885521,43.002380,4504200
2014-04-08,43.309026,43.789989,42.043683,43.131493,3524400
2014-04-09,43.599544,44.845522,43.289664,44.787418,2118900
2014-04-10,44.761589,44.939125,41.440057,41.895195,4599000
2014-04-11,41.320610,42.608552,39.977797,40.219891,4132200
2014-04-14,40.852589,41.272217,38.431647,39.532368,4196100
2014-04-15,39.735722,40.439408,37.221173,39.603378,5630700
2014-04-16,40.190855,40.930048,39.509762,40.749287,3564600
2014-04-17,40.671823,41.578871,39.955223,40.474918,2577000
2014-04-21,40.713784,41.536906,40.255420,41.469120,2842200
2014-04-22,41.882285,43.612451,41.808042,43.283203,2900100
2014-04-23,43.367142,43.367142,41.833880,42.082432,2367900
2014-04-24,42.498831,42.595671,40.455559,41.782234,2796300
2014-04-25,41.217338,41.543362,39.935856,40.145672,3074100
2014-04-28,40.319969,41.114041,38.496195,39.880974,3975600
2014-04-29,40.161795,41.775757,39.890650,41.398090,3399000
2014-04-30,41.230241,41.598225,40.242497,41.553032,2162700
2014-05-01,41.801592,42.766740,40.842897,42.079193,2637300
2014-05-02,42.063067,42.063067,40.975254,41.301277,1741500
2014-05-05,40.868713,42.098547,40.468450,42.075954,882000
2014-05-06,41.927481,42.188944,40.897776,40.972019,849000
2014-05-07,40.975231,41.068842,39.264433,40.413574,1582800
2014-05-08,40.142447,40.991391,38.860962,38.993305,3832200
2014-05-09,38.993290,40.129517,38.412266,40.084328,2706300
2014-05-12,40.568521,41.653101,40.365162,41.472340,1806600
2014-05-13,41.672470,42.095329,41.072077,41.075306,1376400
2014-05-14,40.823526,41.856460,40.523332,41.126953,1430400
2014-05-15,40.833229,41.149563,39.693773,40.542717,2235000
2014-05-16,40.574988,40.604038,39.538825,40.261879,1353000
2014-05-19,40.126300,41.175373,40.026231,41.139866,1496700
2014-05-20,41.001064,41.120497,40.019776,40.281239,1075200
2014-05-21,40.358699,41.036563,39.942297,40.245724,949800
2014-05-22,40.319969,41.707976,40.319969,41.217331,1032000
2014-05-23,41.601456,41.837096,41.117268,41.565948,1441200
2014-05-27,42.008172,43.076613,42.008172,43.034649,1594800
2014-05-28,43.066950,43.302590,42.702198,42.895870,1433100
2014-05-29,43.076612,43.441368,43.028194,43.160538,602100
2014-05-30,43.054034,43.493033,42.356805,42.705418,3247800
2014-06-02,42.886187,43.018530,41.701537,42.169586,1882500
2014-06-03,41.979129,42.292238,41.478801,42.263187,1365300
2014-06-04,42.301927,43.163782,41.891978,43.099224,758400
2014-06-05,43.283204,44.377470,43.073388,44.003029,1458000
2014-06-06,44.128929,44.484003,43.773860,44.471088,1252800
2014-06-09,46.133466,47.624767,46.091505,47.211594,2965500
2014-06-10,47.592490,48.425295,47.321346,48.412380,2581500
2014-06-11,48.070204,48.667372,47.592473,48.037926,1633800
2014-06-12,48.157365,48.580224,47.644127,48.031475,1017000
2014-06-13,48.105723,48.105723,47.040510,47.844261,1822500
2014-06-16,48.002424,48.828771,48.002424,48.738392,1024200
2014-06-17,48.731933,49.090231,48.205780,48.838455,1487100
2014-06-18,49.070877,49.448543,48.631882,49.396896,1245300
2014-06-19,49.490494,49.645434,48.857823,49.490494,852900
2014-06-20,49.550780,49.800334,49.129456,49.722549,1234800
2014-06-23,49.806823,50.130919,49.239659,49.417912,2410800
2014-06-24,49.732273,50.484169,48.912314,49.275299,2632200
2014-06-25,49.006299,49.716066,48.740545,49.395214,1282500
2014-06-26,49.456806,49.544312,48.695181,49.369301,1742100
2014-06-27,49.216962,49.748479,48.915557,49.738754,994500
2014-06-30,49.716068,50.312403,49.573470,49.907288,862800
2014-07-01,49.975343,50.911976,49.975343,50.779095,2066400
2014-07-02,50.992989,51.268468,50.698063,50.801773,1118400
2014-07-03,50.970317,51.099956,50.328610,50.847160,287700
2014-07-07,50.840685,50.840685,49.058167,49.178082,1817100
2014-07-08,49.041957,49.174838,46.821911,47.324257,2877000
2014-07-09,47.476579,48.034018,46.494572,47.748817,1428900
2014-07-10,46.676071,47.803919,46.144554,47.207584,1314600
2014-07-11,47.201102,47.901147,46.974235,47.667801,907500
2014-07-14,48.247928,48.322471,47.521957,47.787716,493800
2014-07-15,47.910865,47.988645,45.700540,45.943611,3846600
2014-07-16,46.202891,46.381144,45.152823,45.266258,1926600
2014-07-17,45.049110,45.486638,43.412436,43.629578,3788100
2014-07-18,43.892099,45.211163,43.642545,45.078285,2064300
2014-07-21,45.126893,45.447744,44.400922,45.263012,1267800
2014-07-22,45.509328,46.121868,45.389414,45.574146,1057500
2014-07-23,48.030775,48.934998,47.849280,48.701649,2868900
2014-07-24,48.983616,48.983616,47.829838,48.157173,1509000
2014-07-25,47.800685,47.904395,47.064989,47.486313,558300
2014-07-28,47.486301,47.486301,46.173721,46.718197,1157400
2014-07-29,46.779787,48.335439,46.779787,48.251175,1035900
2014-07-30,48.776202,49.576715,48.591466,48.947971,981600
2014-07-31,48.367837,48.380800,47.113595,47.382591,933000
2014-08-01,47.366401,47.982179,46.248274,47.009895,1470300
2014-08-04,46.906170,47.709925,46.705233,47.525192,1454100
2014-08-05,47.337217,48.231716,46.831630,47.862247,678300
2014-08-06,47.602974,48.458584,47.372866,47.985405,539100
2014-08-07,48.238204,48.406732,47.087668,47.304810,525600
2014-08-08,47.304801,48.484508,47.197849,48.377556,762000
2014-08-11,48.831295,49.599399,48.513685,49.213730,677400
2014-08-12,49.353073,49.353073,48.594694,48.734055,1103400
2014-08-13,48.986851,49.904041,48.756747,49.813293,988800
2014-08-14,49.813312,50.393443,49.719323,50.299454,658500
2014-08-15,50.711046,50.805035,49.631811,50.348061,619800
2014-08-18,50.924935,51.190693,50.591117,50.882801,933000
2014-08-19,51.112918,51.223112,50.312405,50.727245,629400
2014-08-20,50.532792,50.769384,49.939703,50.257313,864000
2014-08-21,50.361020,50.367504,49.191042,49.317436,593100
2014-08-22,49.259102,49.910530,48.964176,49.790615,345900
2014-08-25,50.561963,51.783797,50.477699,51.407848,1012200
2014-08-26,51.531011,52.908413,51.501843,52.791737,1402800
2014-08-27,52.882473,53.141748,52.334755,52.558380,944100
2014-08-28,52.227792,52.827364,51.761096,51.803226,726600
2014-08-29,51.874548,52.542184,51.861585,52.487087,344400
2014-09-02,52.675059,52.830624,51.809728,52.049557,830400
2014-09-03,52.665339,52.872759,52.143547,52.276424,730800
2014-09-04,52.325026,52.619952,51.326818,51.537479,738300
2014-09-05,51.543962,51.563408,50.273516,51.151810,987000
2014-09-08,50.989759,51.861574,50.882808,51.838886,502800
2014-09-09,51.787024,51.822674,50.788815,50.924934,709200
2014-09-10,50.957357,52.587551,50.921706,52.587551,1011600
2014-09-11,52.234269,52.743098,51.757853,52.739857,588600
2014-09-12,52.655604,52.794965,51.680079,52.030102,708900
2014-09-15,51.997686,51.997686,50.189240,50.853634,1786800
2014-09-16,50.532781,51.168008,50.234618,51.129116,1010700
2014-09-17,51.336542,52.231044,51.330059,51.787033,1140300
2014-09-18,52.101402,52.101402,51.462937,51.835644,582000
2014-09-19,52.070793,52.243166,50.838134,51.475605,1425600
2014-09-22,51.241434,51.387793,49.839655,50.503139,1811700
2014-09-23,50.226686,50.981242,50.168145,50.171394,941400
2014-09-24,50.548682,51.901676,50.548682,51.843132,1182600
2014-09-25,51.628473,52.041526,50.369796,50.890179,908400
2014-09-26,51.127605,51.657743,50.763337,51.602451,618900
2014-09-29,51.062548,52.516369,50.834881,51.966713,933300
2014-09-30,51.969965,51.973218,50.691778,50.727554,757500
2014-10-01,50.935709,50.935709,49.553441,50.064068,1320300
2014-10-02,49.969745,50.951969,49.085095,50.682018,1035600
2014-10-03,51.257698,51.729295,50.870662,51.495125,633900
2014-10-06,51.891912,51.891912,50.090086,50.408821,1644900
2014-10-07,50.077084,50.412081,49.143649,49.198936,2174400
2014-10-08,49.042809,50.382793,48.093112,50.307991,2159700
2014-10-09,50.158376,50.304735,48.493153,48.792374,2145000
2014-10-10,48.519177,49.761591,47.566227,47.611759,2762700
2014-10-13,47.771139,48.636278,46.135186,47.302795,3461700
2014-10-14,47.933763,48.902974,46.548245,47.832939,2045100
2014-10-15,47.084876,49.729069,46.844196,49.507908,2402700
2014-10-16,48.785869,51.472345,48.327281,50.929195,2635500
2014-10-17,52.197635,52.311470,50.467361,50.763332,1812600
2014-10-20,50.890175,52.119581,50.639743,51.693516,852000
2014-10-21,52.425301,52.425301,51.647981,52.249672,1059900
2014-10-22,52.363503,52.688741,51.651230,51.800838,789300
2014-10-23,52.496853,54.061253,52.256177,53.765285,1755000
2014-10-24,53.768546,54.477566,53.534376,54.389751,1552200
2014-10-27,54.028728,54.428772,53.043255,54.383240,1735800
2014-10-28,54.604408,56.015946,54.604408,55.781773,1773300
2014-10-29,55.859839,55.866345,54.656453,55.167080,1254900
2014-10-30,54.845080,56.659915,54.845080,56.386715,913200
2014-10-31,57.151026,57.723446,55.615896,55.742741,2010900
2014-11-03,55.983421,56.494048,55.433765,55.788277,937500
2014-11-04,55.287411,55.856578,54.903628,55.316681,923400
2014-11-05,56.015945,56.015945,53.605922,53.869366,1288800
2014-11-06,54.087269,55.001189,53.742516,54.965412,2548500
2014-11-07,54.819065,55.176826,53.596165,54.549114,1086600
2014-11-10,54.793050,56.022456,54.490580,55.989929,1062600
2014-11-11,55.970408,56.637145,55.508566,56.038708,1521000
2014-11-12,55.778513,56.581854,55.375216,56.487534,464400
2014-11-13,56.549338,57.160785,55.489055,55.726482,845100
2014-11-14,55.954151,55.954151,54.279169,54.614162,1201800
2014-11-17,54.744256,55.648421,54.562121,54.763771,547500
2014-11-18,55.049985,56.259877,54.913385,55.739494,843300
2014-11-19,55.719976,56.139534,55.131294,55.277649,722400
2014-11-20,55.238616,56.133021,55.027210,56.126518,564600
2014-11-21,56.916847,57.160777,56.269621,56.604618,962400
2014-11-24,56.913606,57.967379,56.913606,57.960873,1020300
2014-11-25,58.217818,58.370679,57.212826,57.795006,852600
2014-11-26,57.808008,58.754455,57.713691,58.708920,649500
2014-11-28,58.845518,59.896038,58.299115,58.481251,751200
2014-12-01,58.539793,58.539793,56.676173,56.819279,1339500
2014-12-02,57.729952,58.526787,57.030687,58.318634,1257000
2014-12-03,58.380431,58.536545,57.567334,58.373928,845700
2014-12-04,58.640610,58.640610,57.749458,57.928337,1034400
2014-12-05,58.146277,58.978888,58.113753,58.959373,833400
2014-12-08,59.518761,60.468457,59.190270,59.310608,2731500
2014-12-09,58.978864,61.187237,58.341393,61.024616,1653300
2014-12-10,60.904294,61.154729,59.600085,59.713921,1788600
2014-12-11,60.123726,61.210027,59.567568,59.857033,1376400
2014-12-12,59.388667,60.627825,58.868281,59.756184,1311000
2014-12-15,60.354640,60.487987,57.105502,57.206326,3408600
2014-12-16,56.916859,58.764218,56.139539,56.874580,3179400
2014-12-17,57.186814,59.645622,56.933125,59.587078,2666400
2014-12-18,60.722156,61.538506,60.260315,61.496227,2005800
2014-12-19,61.359603,62.517209,60.713952,62.067211,2239200
2014-12-22,61.209602,62.350904,60.704169,61.604164,2209200
2014-12-23,62.103072,62.103072,57.951999,58.428082,3492000
2014-12-24,58.336771,60.068288,58.336771,59.549812,1284300
2014-12-26,60.068293,60.987858,59.719381,60.922642,667200
2014-12-29,61.030247,61.698724,60.625899,61.144379,826200
2014-12-30,61.046556,61.330251,60.440037,60.501995,867300
2014-12-31,60.671550,61.871546,60.671550,60.801983,966600
2015-01-02,61.287853,61.940022,60.345465,61.437851,1122900
2015-01-05,61.206336,62.765032,60.860686,61.630249,1667100
2015-01-06,61.949813,62.360680,59.347647,60.097645,2195400
2015-01-07,60.978082,62.553078,60.965039,62.500904,1780200
2015-01-08,63.586750,63.945446,62.911749,63.886745,1860000
2015-01-09,64.238911,64.444344,62.967181,63.935654,2271300
2015-01-12,65.311777,65.699820,63.987868,64.542213,2964000
2015-01-13,65.383525,65.774822,63.104181,64.066132,3024300
2015-01-14,63.531335,65.184586,63.201985,65.060677,1759800
2015-01-15,65.249799,65.324799,62.543289,62.644375,3539100
2015-01-16,62.706330,64.643284,62.380245,64.548714,2229900
2015-01-20,65.021553,65.438942,63.100906,65.262856,2372700
2015-01-21,64.711748,65.178046,63.130230,63.384579,1976700
2015-01-22,64.007419,64.098721,61.617210,64.069374,2531700
2015-01-23,64.134593,64.972634,63.893290,64.757423,1658400
2015-01-26,64.793275,66.590012,64.343277,66.590012,1733400
2015-01-27,65.654139,67.408483,65.285658,66.740005,1905900
2015-01-28,67.180237,67.385670,64.662853,64.953072,2707200
2015-01-29,65.145457,65.872635,63.834595,65.872635,1230000
2015-01-30,65.924791,66.893264,65.044357,65.103058,1694700
2015-02-02,65.491114,65.725894,63.247641,64.075897,4084200
2015-02-03,64.401967,64.653047,61.910668,63.886745,3184200
2015-02-04,62.350906,62.973733,61.124822,62.588947,3386100
2015-02-05,62.898721,64.597626,62.817197,64.408493,2512200
2015-02-06,64.401967,65.285655,63.218276,63.583488,2001000
2015-02-09,63.280235,64.450880,63.038932,63.263927,1662000
2015-02-10,63.899813,64.913941,63.443292,64.698723,931500
2015-02-11,64.496548,66.071544,63.912856,64.506332,1807500
2015-02-12,64.832418,65.882416,64.362859,65.882416,2126400
2015-02-13,65.941093,66.332390,65.054136,66.325874,1305300
2015-02-17,66.371538,67.838925,66.371538,67.574799,2356200
2015-02-18,67.894389,68.487866,66.991132,68.445473,1467300
2015-02-19,68.308486,69.309567,68.165007,69.032394,1794900
2015-02-20,68.928046,69.818264,68.807398,69.573700,1656000
2015-02-23,69.674762,71.448667,69.521499,70.154106,2325000
2015-02-24,70.372603,70.649776,67.907389,68.797607,2718600
2015-02-25,68.778047,70.838910,68.187832,70.555222,3243900
2015-02-26,70.538913,71.096519,68.993264,71.050865,3132900
2015-02-27,70.724778,70.966081,69.423694,69.987823,2748300
2015-03-02,70.053046,71.080219,69.811743,70.920433,1012200
2015-03-03,71.086739,71.243264,69.749792,71.021523,2218800
2015-03-04,70.917180,72.899781,70.154140,72.410652,3034200
2015-03-05,73.623698,74.732388,73.369349,74.207390,3111900
2015-03-06,74.184557,74.184557,72.524775,73.278038,2928900
2015-03-09,73.662846,73.679147,71.944371,73.235672,1538100
2015-03-10,72.325857,74.572591,71.680203,73.499763,2208000
2015-03-11,73.741077,74.217167,72.648695,73.861732,1113600
2015-03-12,74.151959,74.344346,72.994353,73.926956,1155900
2015-03-13,74.014980,75.175840,73.535628,74.487801,1860600
2015-03-16,74.950850,75.818238,74.673678,75.596497,1701300
2015-03-17,75.785644,76.141079,74.980211,76.020424,1675500
2015-03-18,75.961743,76.209569,74.601965,75.528046,2926200
2015-03-19,76.105210,78.016072,75.798684,77.601944,2775600
2015-03-20,79.660028,79.966870,75.961668,76.337051,5638800
2015-03-23,75.191308,76.046537,73.999868,74.812660,2940300
2015-03-24,75.175006,76.379500,74.163091,74.254494,3532800
2015-03-25,74.453601,75.077066,69.975090,70.255814,6060300
2015-03-26,69.204733,71.319952,67.814177,69.971825,6812400
2015-03-27,70.399429,71.966253,70.347206,71.620247,2381700
2015-03-30,73.118524,73.608157,71.979314,73.239304,2713200
2015-03-31,73.004294,76.382759,71.871607,73.608170,2984700
2015-04-01,72.413474,72.544040,70.095875,72.070724,4550400
2015-04-02,71.943420,72.465694,71.097985,71.881401,1572000
2015-04-06,71.169801,72.472226,71.120834,71.675758,1908000
2015-04-07,71.724727,73.536368,71.724727,72.025040,2274900
2015-04-08,72.495057,74.437271,72.184957,74.107582,2041500
2015-04-09,74.339340,75.168457,72.635419,73.836655,2312100
2015-04-10,74.052100,75.285970,73.934585,74.874680,1463400
2015-04-13,75.145608,76.536171,75.077059,75.759285,2419800
2015-04-14,75.873519,76.382733,74.975853,75.697250,1499700
2015-04-15,76.337056,76.598197,75.230488,76.092239,2165100
2015-04-16,76.105284,77.113927,75.968188,76.650406,1469100
2015-04-17,75.925753,76.402326,74.515608,75.331665,2465100
2015-04-20,76.010624,76.226056,74.385039,75.485085,2143500
2015-04-21,76.235866,76.604727,75.648308,76.040016,2144700
2015-04-22,76.552489,76.882179,75.243541,75.935555,2022600
2015-04-23,76.154267,77.417514,75.527530,77.270630,1691400
2015-04-24,77.133527,77.557869,76.330529,76.337051,1713300
2015-04-27,76.709202,77.029097,71.816135,72.119705,6715500
2015-04-28,72.534243,73.275223,68.992562,70.885811,8532300
2015-04-29,70.330893,71.972795,69.462611,70.428818,5104200
2015-04-30,69.775965,70.634451,66.459519,67.350647,9881700
2015-05-01,68.597586,69.867362,68.055721,69.583374,5328600
2015-05-04,69.926115,71.920554,69.854302,70.523468,3967800
2015-05-05,70.569170,70.644248,68.124269,68.525772,3707400
2015-05-06,70.308021,70.670345,69.116581,70.141541,5539200
2015-05-07,70.187263,71.160000,69.234109,70.964149,3346800
2015-05-08,72.263302,73.546138,71.763874,73.066299,3321600
2015-05-11,73.118521,74.264268,72.942253,73.604889,2326800
2015-05-12,72.792125,74.185946,71.972803,73.761597,3285000
2015-05-13,74.225126,74.326316,72.707260,73.262177,3144900
2015-05-14,73.670175,74.300169,71.812833,73.843178,2967900
2015-05-15,73.846469,74.052114,73.017352,73.869316,1752300
2015-05-18,73.771377,75.622189,73.425370,75.321877,2409300
2015-05-19,75.145594,75.827819,74.750628,75.436111,2039100
2015-05-20,75.671129,77.237960,74.780001,76.624283,2813100
2015-05-21,77.260833,77.260833,75.524270,76.199959,2577600
2015-05-22,75.857239,76.692879,75.521027,76.415421,1672200
2015-05-26,76.255451,76.438241,75.204372,76.059593,2482800
2015-05-27,76.164054,77.329383,75.782141,77.322853,2337900
2015-05-28,76.790774,77.339168,75.756020,77.198807,2197200
2015-05-29,76.875668,78.468605,76.859344,77.743950,4107600
2015-06-01,78.520799,78.994107,76.829930,78.027901,4824600
2015-06-02,77.437079,78.576288,76.816879,77.923447,1702500
2015-06-03,78.504519,79.085555,77.593801,78.801567,2520000
2015-06-04,78.403320,79.193266,77.205349,78.236847,2823000
2015-06-05,78.073608,79.735092,77.342424,79.568619,2314500
2015-06-08,79.607807,80.267179,78.994130,79.637184,3066000
2015-06-09,79.382563,79.646969,77.505639,78.452263,3196800
2015-06-10,78.011607,79.147560,77.613377,79.033310,2056800
2015-06-11,79.131216,79.617584,78.573035,79.617584,2580300
2015-06-12,79.219378,79.291191,78.083425,78.344566,2806500
2015-06-15,77.613368,78.710141,76.944202,78.635071,2300100
2015-06-16,78.344547,79.402157,78.213981,78.817856,2007300
2015-06-17,79.320543,80.201884,79.144275,79.774269,3002700
2015-06-18,80.205161,82.519495,80.126818,82.029861,6821400
2015-06-19,82.117491,82.696271,81.470051,82.555664,4454700
2015-06-22,83.382941,84.972125,83.016707,84.923073,5310900
2015-06-23,85.263125,85.541068,83.794932,84.805336,2920800
2015-06-24,84.677825,84.844589,82.588350,82.967659,3716400
2015-06-25,83.405834,83.732829,81.322900,82.267906,4126500
2015-06-26,82.513156,82.928435,80.413868,81.741455,4632600
2015-06-29,80.538135,81.682612,78.903178,79.011086,4475400
2015-06-30,80.763738,82.755118,80.122832,82.480446,7275900
2015-07-01,83.690319,83.945375,80.678723,81.492935,4040100
2015-07-02,82.114194,82.114194,80.263421,80.747368,1897200
2015-07-06,80.162073,82.660293,79.557136,81.852623,3362400
2015-07-07,82.074972,82.199233,79.733711,82.124023,4005000
2015-07-08,80.802972,81.437338,78.844292,79.096069,5975400
2015-07-09,80.534840,81.129965,80.080322,80.750656,3030600
2015-07-10,81.908202,82.670091,80.930497,82.588348,3123000
2015-07-13,83.618397,85.050621,83.382965,84.746521,3381300
2015-07-14,85.001562,86.816366,84.468564,86.551506,3768900
2015-07-15,87.633832,88.402262,86.031566,86.623421,4665900
2015-07-16,87.512859,88.242050,86.669219,88.052399,3189600
2015-07-17,88.366309,88.657327,87.074692,88.637711,3754800
2015-07-20,89.268810,89.376718,87.669822,88.591934,4473000
2015-07-21,88.209325,88.408795,85.854982,87.094284,4190400
2015-07-22,85.299128,87.709064,85.050613,87.483437,2101200
2015-07-23,87.581505,88.428415,86.469735,86.659386,2484000
2015-07-24,85.567265,86.966791,82.980752,83.507210,5264100
2015-07-27,83.029787,83.029787,81.022055,82.330025,5343600
2015-07-28,83.216177,84.932885,81.744713,84.671288,3555000
2015-07-29,85.495321,85.495321,81.852631,82.807442,3736800
2015-07-30,82.598157,83.006902,80.407315,82.552383,2779800
2015-07-31,82.702824,84.632078,82.173103,83.526848,2888700
2015-08-03,83.706678,84.713811,82.607982,83.304474,2337300
2015-08-04,83.788400,84.363909,83.101720,83.412361,2028600
2015-08-05,84.102328,84.975403,83.507203,83.801498,2139300
2015-08-06,83.984605,83.984605,79.001246,79.550591,7750200
2015-08-07,79.409985,79.439420,75.698627,77.559212,9928800
2015-08-10,78.981615,79.635597,77.922160,78.324356,3305700
2015-08-11,77.009868,79.194176,75.607072,76.646904,5460000
2015-08-12,75.701897,77.758682,73.736675,77.212601,10242300
2015-08-13,77.336862,78.209930,75.737867,75.934067,2506800
2015-08-14,75.806556,76.264346,73.429325,74.809235,4277700
2015-08-17,74.178108,78.010448,74.044042,77.899277,4499400
2015-08-18,77.519972,77.856778,75.875203,75.986382,3197700
2015-08-19,75.512259,76.009281,73.854408,74.923668,4635300
2015-08-20,73.906705,74.881147,70.813367,70.872223,8011800
2015-08-21,69.456355,73.164449,68.831801,71.032463,10778700
2015-08-24,62.128467,71.320210,58.714672,67.245895,11430600
2015-08-25,71.431387,71.500055,67.916221,68.082993,7882500
2015-08-26,70.156124,71.607964,67.131446,71.607964,6701400
2015-08-27,73.105590,73.834788,71.692990,73.429314,7937400
2015-08-28,73.301787,74.956368,72.690309,74.894234,3279000
2015-08-31,74.521460,75.728064,72.265213,72.621635,5967900
2015-09-01,70.345786,72.373135,70.211721,70.470047,6450000
2015-09-02,71.872830,73.605883,70.417712,73.504517,5374800
2015-09-03,73.991747,74.514934,71.169809,71.330032,4782600
2015-09-04,70.303264,72.602022,69.986082,71.503326,4902900
2015-09-08,73.547012,74.897485,72.346950,74.815742,3542400
2015-09-09,75.535153,75.839253,72.628194,72.834198,4826100
2015-09-10,72.507195,74.979258,72.481038,74.773254,4103700
2015-09-11,74.642455,76.035447,73.877295,76.025635,2861000
2015-09-14,76.162953,76.349340,74.593393,75.780373,1513700
2015-09-15,75.986400,76.908519,75.397815,76.535744,1910000
2015-09-16,77.006614,77.369578,74.809230,75.800011,2953300
2015-09-17,75.996195,79.105886,75.240839,78.242630,5115600
2015-09-18,76.927268,78.350571,76.672052,77.977570,4462300
2015-09-21,78.811974,78.861049,72.853715,73.776413,8846000
2015-09-22,72.588665,73.364123,70.723647,72.088058,6446700
2015-09-23,72.333448,73.472090,70.841426,72.009521,3191200
2015-09-24,71.400928,71.636515,68.858611,71.126083,4298200
2015-09-25,72.353089,72.559222,64.765393,66.257408,12671600
2015-09-28,65.668451,65.825502,60.151906,61.496689,14613300
2015-09-29,61.545753,63.371509,58.070920,58.915089,10659300
2015-09-30,60.662337,61.987487,59.121239,61.104053,9742000
2015-10-01,60.858658,61.447611,59.160506,61.280743,6982300
2015-10-02,59.778908,64.539624,59.337191,64.274597,9092000
2015-10-05,65.560477,66.767830,63.175210,64.785019,6515300
2015-10-06,64.186261,64.618164,59.474623,62.056210,10207900
2015-10-07,62.085648,64.254964,60.358049,63.116322,6363700
2015-10-08,62.831656,63.067236,60.250070,62.478283,6393100
2015-10-09,62.439009,64.294216,61.545762,63.567841,4746500
2015-10-12,63.783799,64.353116,62.458649,62.802204,2426700
2015-10-13,62.173980,63.999736,60.034111,60.034111,4997300
2015-10-14,61.064789,62.252513,59.572770,60.681969,6144900
2015-10-15,60.161718,65.108938,60.053743,65.089302,7339800
2015-10-16,65.138390,66.296668,63.724896,64.834099,6974900
2015-10-19,64.618167,67.150675,63.086879,65.334724,7920700
2015-10-20,65.560467,65.560467,62.782562,63.126118,5178400
2015-10-21,64.107715,64.461088,61.064784,63.145760,10347800
2015-10-22,63.371519,64.196059,61.427973,63.008335,8076700
2015-10-23,63.921197,64.843887,63.253715,64.461067,4823900
2015-10-26,64.294220,66.061087,63.489316,64.677040,4077600
2015-10-27,65.089311,66.110167,64.490540,66.090538,4614600
2015-10-28,65.786249,67.788696,64.382573,67.788696,5574900
2015-10-29,67.955553,68.829168,65.835313,66.070892,4889000
2015-10-30,66.218134,66.434086,64.804641,65.403412,2688900
2015-11-02,66.031652,69.800967,65.403434,69.673363,5361600
2015-11-03,69.398497,71.194811,68.259856,70.301567,3882100
2015-11-04,70.811986,71.116276,69.270888,70.704010,3342000
2015-11-05,70.242656,70.370268,68.534690,69.437752,3056700
2015-11-06,69.457399,69.859848,67.327340,69.398499,4137000
2015-11-09,69.211987,70.438976,68.819349,70.016891,2448100
2015-11-10,69.624259,69.899104,68.367824,69.771500,2566900
2015-11-11,69.908920,70.095425,68.524873,68.534691,3140300
2015-11-12,67.886857,68.711391,66.895448,67.062317,3331100
2015-11-13,66.738385,68.544517,66.139614,67.013229,3285100
2015-11-16,66.453726,67.533483,65.216927,66.895447,4393600
2015-11-17,67.062296,68.534682,66.011994,67.386223,2935500
2015-11-18,67.680734,69.506495,67.209575,69.378891,2815100
2015-11-19,69.457395,69.859843,67.739610,68.132248,3180100
2015-11-20,68.426684,68.996008,67.975153,68.299080,2996800
2015-11-23,68.289290,69.977628,68.279472,69.418121,2880000
2015-11-24,69.202167,69.800938,68.583767,69.692963,1707400
2015-11-25,69.859837,71.351859,69.692968,71.116272,2179800
2015-11-27,71.135917,72.117508,70.998495,71.283157,1541000
2015-11-30,72.058606,72.441426,70.036523,70.959221,3331800
2015-12-01,71.518717,71.518717,69.584982,70.782524,2944900
2015-12-02,70.674554,72.038965,70.242651,70.380074,2774400
2015-12-03,70.870861,70.900315,67.131002,67.641434,5450700
2015-12-04,67.906474,69.015669,66.895436,68.996040,3025800
2015-12-07,68.642671,68.691753,66.188693,66.365379,4106400
2015-12-08,65.580116,67.975201,65.334718,67.788696,3936800
2015-12-09,67.238985,67.553093,65.531018,66.188683,4617100
2015-12-10,66.149435,67.239002,65.805880,66.895447,2273500
2015-12-11,66.129806,66.610783,64.313856,64.519997,3824400
2015-12-14,64.313825,65.344498,62.772731,63.754318,4675800
2015-12-15,64.490534,66.012004,64.431641,65.580101,2602100
2015-12-16,66.385018,68.534706,66.080728,68.456177,5306300
2015-12-17,68.927360,69.104047,66.954359,67.700371,2772500
2015-12-18,67.394414,69.047058,67.168156,68.073174,4201100
2015-12-21,68.525678,68.860138,67.384564,68.860138,1744800
2015-12-22,69.155258,69.351998,67.679683,68.466652,2575000
2015-12-23,68.899488,69.706135,68.702740,69.578255,2352200
2015-12-24,69.607766,69.961905,69.411018,69.725807,748400
2015-12-28,68.722437,69.233966,68.092859,68.584717,2537400
2015-12-29,69.233962,70.394747,69.125752,70.375076,2113100
2015-12-30,70.011088,70.699694,69.479881,69.706139,1469400
2015-12-31,69.312653,69.804511,68.850305,69.056885,1302300
2016-01-04,67.423932,67.984650,66.125427,66.725494,6030700
2016-01-05,66.764829,67.384568,65.682735,66.125412,4635200
2016-01-06,64.767890,65.033498,62.505347,63.302155,9160400
2016-01-07,61.511777,62.318424,60.331320,60.813339,11642300
2016-01-08,61.934783,62.357782,59.347612,59.524677,8929200
2016-01-11,59.839469,60.242792,54.606094,56.209553,14617900
2016-01-12,57.104721,59.288572,55.206148,57.862183,9577600
2016-01-13,58.570470,58.629491,53.671564,53.848633,10365500
2016-01-14,54.222452,56.681743,51.379512,55.934120,10932300
2016-01-15,52.992788,54.261783,51.891027,54.202759,10503400
2016-01-19,55.038924,55.412737,50.976175,51.999241,8268600
2016-01-20,50.444962,55.147128,49.579295,54.242107,12702500
2016-01-21,54.399514,55.648834,52.796055,52.855080,10694600
2016-01-22,54.448697,55.009415,53.238727,54.409351,4818400
2016-01-25,53.799440,55.727526,53.553510,53.602699,4845100
2016-01-26,53.937166,54.114232,51.576246,53.228889,8928000
2016-01-27,53.612555,53.828973,50.395801,50.808964,9045700
2016-01-28,51.281143,51.487723,48.103739,48.900547,12529600
2016-01-29,48.831678,50.297417,47.985682,49.726860,10837400
2016-02-01,49.235006,50.622046,48.300475,50.130188,11004600
2016-02-02,49.284176,49.598965,47.857791,48.339809,8765800
2016-02-03,48.497215,49.116957,46.096948,48.566074,11905000
2016-02-04,48.143074,51.143411,47.887309,49.559628,10081200
2016-02-05,49.372720,49.736698,47.051153,47.700405,8678600
2016-02-08,46.411743,46.569138,44.345940,45.064053,8296600
2016-02-09,43.667180,46.765889,43.440926,45.132919,7856900
2016-02-10,45.782171,47.356116,45.132918,45.300148,7641500
2016-02-11,44.404955,45.428021,43.647493,44.985348,7192300
2016-02-12,45.605089,46.421571,44.149189,46.283852,6210700
2016-02-16,47.306924,48.251291,47.247900,48.172596,5844700
2016-02-17,48.989067,50.326922,48.320140,50.120342,7738500
2016-02-18,50.622043,50.661392,48.261126,48.369331,6891600
2016-02-19,48.064390,49.323546,47.424973,49.303871,5451400
2016-02-22,50.071165,50.641719,49.451423,49.835072,4467800
2016-02-23,49.205493,49.539957,47.454479,47.454479,4775100
2016-02-24,46.972459,48.182430,45.732978,47.966011,6820500
2016-02-25,48.162761,48.920223,47.169209,47.759438,6902000
2016-02-26,48.152916,49.008748,47.592198,48.595589,3944300
2016-02-29,48.625103,48.979241,47.120018,47.120018,4259500
2016-03-01,47.828282,49.520275,47.001960,49.392391,4833500
2016-03-02,49.431746,51.556574,49.185817,51.448364,8346900
2016-03-03,51.517221,51.792664,50.454809,50.877808,5167800
2016-03-04,50.995872,52.530471,50.376129,51.094242,8595300
2016-03-07,50.759766,53.819124,50.346607,52.923943,10621500
2016-03-08,53.051827,53.051827,49.923609,50.159702,6589000
2016-03-09,50.612214,50.897492,48.625106,49.697357,7364300
2016-03-10,50.081003,50.956510,48.064385,48.841522,7901600
2016-03-11,49.490771,50.543347,48.949724,50.474487,4076200
2016-03-14,50.523678,51.566415,50.297424,51.054886,5493800
2016-03-15,50.169540,50.385959,47.906993,48.103737,7225900
2016-03-16,48.005361,48.812008,46.500276,47.523342,7827400
2016-03-17,47.415130,48.320147,45.900206,47.670895,9059900
2016-03-18,47.905305,49.481139,46.989352,48.900051,9232100
2016-03-21,48.791717,50.672867,48.643981,50.062233,5902300
2016-03-22,49.697803,52.110796,49.697803,51.706989,7514400
2016-03-23,51.677444,52.278230,48.988681,49.116714,6003000
2016-03-24,48.259856,50.328134,47.560581,49.293995,6416600
2016-03-28,49.717497,49.944022,48.397738,48.653812,4347900
2016-03-29,48.348503,49.894788,47.156780,49.815998,8301400
2016-03-30,50.475874,51.450922,49.037928,49.412186,7390600
2016-03-31,49.599318,51.706993,49.481131,50.879681,9537800
2016-04-01,50.594058,52.544150,50.042519,52.357021,9868600
2016-04-04,52.741127,54.257867,52.485056,53.056293,9239600
2016-04-05,52.534310,54.021500,52.199445,52.997211,9147100
2016-04-06,53.351772,56.789058,53.302528,56.720116,14072500
2016-04-07,56.257204,57.498174,55.163970,55.951889,14045800
2016-04-08,56.789053,56.877693,54.267720,54.996544,7601700
2016-04-11,55.360957,55.488994,53.391166,53.637390,6677200
2016-04-12,53.627541,54.415457,52.613097,54.159386,8842600
2016-04-13,54.730617,55.607173,54.060888,55.469288,7923700
2016-04-14,55.745062,56.178418,54.986696,55.804157,6592500
2016-04-15,55.676125,55.942047,54.927606,55.725372,5086200
2016-04-18,55.429901,56.897397,55.183677,56.503437,6682600
2016-04-19,56.631468,56.739807,55.006390,55.420048,7946400
2016-04-20,55.794305,56.139017,54.898051,55.469288,6742400
2016-04-21,55.183662,56.661004,54.957136,56.532970,8121200
2016-04-22,56.532984,57.005733,55.429898,56.986034,6967700
2016-04-25,56.848140,57.429228,56.473879,56.729950,5890700
2016-04-26,56.365553,56.493591,54.366217,55.203377,6505300
2016-04-27,54.838961,55.144280,53.932856,54.602585,3858000
2016-04-28,54.385919,55.922354,53.814678,54.326824,8225400
2016-04-29,54.159377,54.513936,52.780523,53.115387,9612100
2016-05-02,53.263133,54.218479,52.386574,54.169235,4682300
2016-05-03,53.538900,53.765425,52.071404,52.140347,8075100
2016-05-04,51.697158,51.874435,49.894797,49.973591,9234100
2016-05-05,50.278892,50.466024,49.106868,49.697803,6760300
2016-05-06,49.215211,50.259197,48.683367,49.599319,6195200
2016-05-09,49.648563,51.963065,49.648563,51.431225,5456800
2016-05-10,51.854730,51.903974,50.485722,51.628201,4770800
2016-05-11,51.431221,51.785784,49.756898,49.845539,4411700
2016-05-12,50.278894,50.397081,48.240162,48.801552,6313600
2016-05-13,48.594729,50.209956,48.594729,49.678112,5016100
2016-05-16,50.298595,51.933521,50.209954,51.913822,7317800
2016-05-17,51.539574,52.445676,51.155462,51.510025,5176300
2016-05-18,51.145596,52.829766,51.116051,52.435810,6244100
2016-05-19,52.366882,53.184346,51.303197,51.884285,6780100
2016-05-20,52.248693,53.302531,52.032019,53.263138,6033200
2016-05-23,53.302529,54.592743,53.263136,53.982109,7059000
2016-05-24,54.622280,55.193521,54.287416,55.035938,7289900
2016-05-25,55.636734,56.227669,55.311716,55.932201,7566800
2016-05-26,55.932198,55.991289,55.104886,55.370808,4777000
2016-05-27,55.410204,56.010991,54.868513,55.981445,4238200
2016-05-31,56.503435,57.606521,56.444344,57.173164,6916400
2016-06-01,56.966334,57.705005,56.621622,57.291348,8330100
2016-06-02,57.232255,58.965669,57.232255,58.936123,10383000
2016-06-03,58.739148,58.896731,56.621625,57.222408,9717100
2016-06-06,57.389849,58.847493,56.109485,58.768700,8953400
2016-06-07,58.010327,58.394436,57.360297,57.734554,7600700
2016-06-08,57.892138,58.049721,57.133768,57.803497,5678900
2016-06-09,57.242101,57.990624,56.060226,56.109474,7372900
2016-06-10,55.104879,55.488987,54.425299,54.829105,8070700
2016-06-13,54.287420,55.331410,53.765426,53.913162,7350900
2016-06-14,53.814665,54.484394,52.800225,53.676781,8217700
2016-06-15,54.139688,54.602586,53.765426,53.913162,6963700
2016-06-16,53.479807,54.041196,52.938115,54.031349,8054100
2016-06-17,54.283695,54.283695,52.450252,52.607967,8443500
2016-06-20,53.495122,53.987983,52.903687,53.386692,8323000
2016-06-21,53.603553,53.603553,51.848966,52.430542,9994300
2016-06-22,52.430533,53.810545,51.799672,52.538963,10889300
2016-06-23,53.120548,53.859840,52.548832,53.741554,5481800
2016-06-24,51.632113,52.627690,51.109677,51.139252,11673600
2016-06-27,50.587244,51.296965,48.803086,48.970661,13702700
2016-06-28,50.064812,51.395534,49.877522,51.257534,6876700
2016-06-29,52.469966,53.485258,52.075679,53.288116,7892200
2016-06-30,53.120549,53.702125,52.262972,53.307838,7521400
2016-07-01,53.061409,55.082138,53.031835,55.013138,9345900
2016-07-05,54.480828,54.796258,53.899252,54.323112,6118500
2016-07-06,53.968264,55.831278,53.741549,55.772137,8432900
2016-07-07,56.186131,56.580421,55.456695,56.255131,6225200
2016-07-08,56.245288,57.142295,55.821427,56.767719,6056300
2016-07-11,57.201434,57.398579,56.531143,56.550858,5682200
2016-07-12,57.319727,57.645013,56.935292,57.102867,6605100
2016-07-13,57.566158,57.674584,55.328569,55.427139,7649200
2016-07-14,55.910135,55.969276,55.072269,55.367985,4876200
2016-07-15,55.417279,56.442426,55.101848,56.314285,4916200
2016-07-18,56.402998,56.846570,56.008708,56.688854,3605700
2016-07-19,56.580426,56.964857,55.407415,55.624275,3254800
2016-07-20,55.772137,57.566151,55.772137,57.497150,8378000
2016-07-21,58.197014,58.827875,57.408437,58.059013,8958900
2016-07-22,58.285726,58.827872,57.763291,58.453297,4262400
2016-07-25,58.689870,58.808156,57.812578,58.650440,4972100
2016-07-26,58.394148,59.212295,58.118143,59.025009,8028800
2016-07-27,59.261587,60.917600,59.202446,60.740170,8942600
2016-07-28,60.769744,61.164031,59.734733,60.444454,8982300
2016-07-29,60.050165,61.252747,59.853024,61.183746,7543700
2016-08-01,61.696305,63.510033,61.587875,62.662312,10303100
2016-08-02,62.672180,63.115752,60.799308,62.100460,13027000
2016-08-03,61.814597,63.470610,61.725882,63.460751,7802200
2016-08-04,63.667748,64.022608,62.484885,62.593315,6416500
2016-08-05,62.613040,63.480476,62.425754,63.273476,5892500
2016-08-08,63.411476,63.559336,61.755463,62.080750,6531000
2016-08-09,62.317330,62.317330,61.499179,62.021610,5465100
2016-08-10,61.824476,61.873761,59.981173,60.089603,6959100
2016-08-11,60.405023,61.292174,59.764306,61.075314,4891400
2016-08-12,60.789457,61.755468,60.612031,61.627323,5051000
2016-08-15,61.952608,62.849615,61.824467,62.445469,5211700
2016-08-16,62.258177,62.337037,61.321741,61.400600,4996700
2016-08-17,61.233029,61.509034,60.602168,61.075314,5999600
2016-08-18,60.976734,61.627310,60.562729,61.321735,3469700
2016-08-19,60.966885,61.302030,60.562739,60.966885,4512100
2016-08-22,61.499164,62.662315,61.144303,62.593315,6648500
2016-08-23,63.115766,63.253766,62.524334,62.869335,4446600
2016-08-24,62.790465,63.963472,59.862871,60.168446,14715900
2016-08-25,60.336028,61.085179,58.285729,59.527737,12677000
2016-08-26,59.665728,60.878165,59.310867,60.227589,10098300
2016-08-29,60.572591,60.651447,59.567155,60.168446,5092700
2016-08-30,60.138884,60.838749,59.655882,59.991028,4394900
2016-08-31,59.862879,60.069879,58.936302,59.232018,5649900
2016-09-01,59.261595,59.724885,58.699733,59.478455,3715800
2016-09-02,59.557298,59.981159,58.936296,59.291157,3536000
2016-09-06,59.872736,61.134459,59.813591,60.848598,3469500
2016-09-07,60.947181,62.110329,60.947181,61.814613,5093500
2016-09-08,61.913190,62.790482,61.262614,62.632767,3345800
2016-09-09,61.558313,62.307460,60.326161,60.375446,6013100
2016-09-12,59.981164,62.553898,59.941738,62.553898,5038400
2016-09-13,61.854041,62.120186,60.562744,61.479465,4345600
2016-09-14,61.992048,63.618490,61.755477,62.987629,5087500
2016-09-15,63.273490,64.170493,62.494769,64.002922,5371700
2016-09-16,63.362877,63.954591,62.820472,63.816525,5198000
2016-09-19,64.467400,66.548267,63.638995,64.980217,7956500
2016-09-20,65.729732,66.952608,65.729732,66.577858,6733800
2016-09-21,66.992061,67.564054,65.276088,67.337227,10710600
2016-09-22,67.919103,68.076889,66.883597,67.879654,4947600
2016-09-23,67.662677,68.254391,67.169581,67.199165,4662700
2016-09-26,66.873692,67.248450,66.558111,66.834244,4064000
2016-09-27,66.814543,67.988114,66.646892,67.800735,4999000
2016-09-28,68.027553,68.126171,66.193235,66.863846,6329300
2016-09-29,66.617303,66.863851,64.358921,64.615326,8225100
2016-09-30,64.763253,65.709997,63.816509,65.374695,5667500
2016-10-03,64.901326,65.276084,64.171546,65.266220,4470900
2016-10-04,65.246499,65.828349,64.427957,64.753403,4377600
2016-10-05,64.990090,66.370761,64.802711,65.798767,4982100
2016-10-06,64.792857,64.990100,63.589708,63.767223,6177700
2016-10-07,63.757356,63.994040,62.583784,63.264259,5312700
2016-10-10,64.003891,64.871738,63.905274,64.615326,5639100
2016-10-11,63.974320,64.664652,61.982206,62.564060,6294000
2016-10-12,62.485158,62.879632,60.354982,60.424015,7624900
2016-10-13,59.713953,61.114348,59.664644,60.493046,6953600
2016-10-14,61.094632,61.272147,58.648875,58.737633,7623700
2016-10-17,58.796796,59.013759,57.593644,58.254391,7685300
2016-10-18,59.161701,59.694243,58.846116,59.063080,4194900
2016-10-19,59.141958,59.309609,57.948662,58.007835,6122500
2016-10-20,57.928960,59.299768,57.879648,59.063080,5927600
2016-10-21,58.925005,59.654790,58.491082,58.905281,4468900
2016-10-24,59.250446,59.349063,58.264253,58.333286,4052000
2016-10-25,58.293840,58.737627,57.603504,57.859913,4495300
2016-10-26,57.850055,58.323427,56.814554,57.189308,6392300
2016-10-27,57.820468,58.175498,56.282006,56.341179,6246300
2016-10-28,56.055187,56.932898,55.029546,56.055187,10289300
2016-10-31,56.124219,56.262285,55.276092,55.374714,5399800
2016-11-01,55.453609,56.173529,54.644932,56.055187,6603300
2016-11-02,55.769191,55.867813,54.644933,54.654793,5815900
2016-11-03,54.852015,55.187321,52.416123,52.573914,13385700
2016-11-04,52.721846,54.546304,52.711986,54.112377,9173700
2016-11-07,55.512781,56.745522,55.078854,56.548283,8215000
2016-11-08,56.015733,57.751434,55.828358,56.992065,7256100
2016-11-09,61.489109,63.629145,60.433883,62.899364,28441500
2016-11-10,64.773110,65.986130,63.076858,64.881592,15286800
2016-11-11,64.141956,65.532483,63.638996,65.295799,9867200
2016-11-14,65.581824,67.218908,64.477285,67.189316,11557100
2016-11-15,66.725780,66.992049,65.581794,66.775085,6843300
2016-11-16,66.212975,66.854002,64.497002,64.605484,7137800
2016-11-17,64.773123,65.828349,63.994030,65.562080,7737800
2016-11-18,65.779030,66.124203,64.467399,65.068977,5125700
2016-11-21,65.147888,65.542366,64.644935,65.443748,3405700
2016-11-22,65.670566,65.739606,63.422048,63.737629,7439000
2016-11-23,61.518716,64.930939,61.449683,64.832321,9309600
2016-11-25,65.098563,65.562074,64.053194,65.483177,2860600
2016-11-28,65.128158,65.285945,63.353009,63.461491,7314900
2016-11-29,63.422051,64.378659,62.800752,63.678463,4018300
2016-11-30,64.043349,64.043349,61.775103,61.804688,4796700
2016-12-01,62.228739,62.475287,60.216910,60.295803,7385000
2016-12-02,60.266230,61.804688,59.763270,60.956566,8985800
2016-12-05,61.587734,62.859923,61.084773,62.337238,6662400
2016-12-06,62.564054,63.579835,61.814549,63.491074,4635700
2016-12-07,61.982194,62.504879,59.822434,60.936832,13167500
2016-12-08,60.532498,61.331311,59.575890,61.242554,7818500
2016-12-09,61.883585,62.889501,60.976289,61.045322,6275600
2016-12-12,60.325395,60.562083,59.605475,60.138020,5082600
2016-12-13,60.433879,60.769185,59.950647,60.068989,3838800
2016-12-14,59.842160,60.601529,59.299755,60.059124,6348000
2016-12-15,60.394435,61.104491,59.911199,61.084766,4662600
2016-12-16,61.053199,61.852248,60.855902,61.112389,5398500
2016-12-19,60.994005,61.802918,60.076580,60.185089,5211600
2016-12-20,60.629017,61.132123,60.451450,60.895367,2839000
2016-12-21,60.855894,61.043327,59.612932,59.642525,3347800
2016-12-22,59.820107,59.829974,58.251605,58.665928,4866900
2016-12-23,58.695522,60.865778,58.409443,60.698074,4692200
2016-12-27,60.915091,61.506977,60.096311,60.125908,3813000
2016-12-28,60.214693,60.303477,59.218347,59.316998,3728000
2016-12-29,59.366329,59.662272,58.537686,58.853359,3773000
2016-12-30,58.902671,59.198614,58.074029,58.389702,4429900
2017-01-03,59.119701,59.524157,57.866872,58.784298,7084600
2017-01-04,58.853362,61.664827,58.843499,61.497128,10308600
2017-01-05,61.704271,62.118594,60.816442,61.625355,4448500
2017-01-06,61.842382,63.016294,61.842382,62.493458,7476400
2017-01-09,64.249387,64.791953,63.243181,64.476280,8760000
2017-01-10,64.920202,64.979396,63.095216,64.861015,7156500
2017-01-11,64.604520,65.058299,61.921299,62.631565,15706600
2017-01-12,61.793063,64.012641,61.664819,63.608189,6506700
2017-01-13,63.489801,64.900467,63.489801,64.121147,6715500
2017-01-17,63.608194,63.618053,62.306038,62.572388,5812400
2017-01-18,62.809121,63.450334,62.572369,63.371414,3734300
2017-01-19,63.262899,63.460199,62.424393,62.759796,2330300
2017-01-20,62.838724,63.144534,62.128458,62.296162,4228000
2017-01-23,62.227104,62.572370,61.132112,61.516838,3978100
2017-01-24,61.615487,61.842376,60.313334,61.595757,4865200
2017-01-25,62.079133,62.325753,61.428057,61.931160,3874900
2017-01-26,62.049538,62.661154,61.388595,61.783188,4307700
2017-01-27,61.871983,62.601975,61.714146,62.562515,2817000
2017-01-30,62.069269,62.197512,60.846037,61.477383,4074600
2017-01-31,60.954548,64.111279,60.609278,64.022499,11590700
2017-02-01,64.298730,64.387509,63.470083,64.081703,5150000
2017-02-02,63.864660,64.446687,63.430614,64.229660,4447900
2017-02-03,64.604518,65.137218,63.835066,65.087898,5933000
2017-02-06,64.979393,65.235872,64.456553,64.979393,2197100
2017-02-07,65.097768,65.235874,64.091562,64.436829,4370800
2017-02-08,64.012643,65.255609,63.696970,64.999123,5193300
2017-02-09,64.999116,66.281542,64.959656,66.163162,5173200
2017-02-10,66.281549,66.468975,65.719256,65.847496,3014100
2017-02-13,66.232212,66.597212,65.827759,66.074379,3346400
2017-02-14,65.995473,67.159519,65.738986,67.070732,5346500
2017-02-15,66.991796,68.274214,66.814229,68.175568,4628800
2017-02-16,68.234767,68.905573,66.883295,67.761261,5559900
2017-02-17,67.386400,68.570180,67.169374,68.510986,3790200
2017-02-21,68.856239,68.974612,67.899353,68.076920,3554600
2017-02-22,67.682349,68.175588,66.794516,66.873436,2553900
2017-02-23,67.041136,67.041136,65.364124,66.232224,3894800
2017-02-24,65.531826,66.508438,65.403586,66.330872,4834600
2017-02-27,66.360449,69.655293,66.222343,69.527054,7748400
2017-02-28,69.310039,70.375431,68.570179,69.260712,8570600
2017-03-01,70.237324,70.839077,69.388951,70.503677,6849000
2017-03-02,70.188013,71.450706,69.546800,69.645447,5821000
2017-03-03,69.665166,70.513539,69.605973,70.385292,3583200
2017-03-06,70.059746,70.178127,69.142320,69.773674,2477700
2017-03-07,68.866105,69.536911,68.254493,68.649078,3888300
2017-03-08,68.925319,70.553004,68.757612,69.655312,4427700
2017-03-09,69.832865,70.592451,69.171926,70.000565,4146900
2017-03-10,70.622028,70.622028,69.290283,70.533249,4173900
2017-03-13,70.572742,70.789769,69.803290,70.661522,3128800
2017-03-14,70.375427,70.444487,69.497461,69.882187,3288800
2017-03-15,69.990714,71.598680,69.852608,71.342194,3775700
2017-03-16,71.263250,71.371763,70.227451,70.493797,3820100
2017-03-17,69.901745,70.641811,69.615592,70.079361,5319000
2017-03-20,69.891893,70.414872,69.536660,70.197784,3434100
2017-03-21,70.503679,70.582621,66.724411,66.862556,10267100
2017-03-22,66.852685,67.780237,66.517192,67.513809,6780100
2017-03-23,67.553293,68.283490,67.030314,67.257271,5993100
2017-03-24,67.484191,68.135453,67.207901,67.809822,2658300
2017-03-27,67.069771,69.072884,66.842814,68.826195,3880900
2017-03-28,68.865659,69.467581,68.056520,68.392014,3490900
2017-03-29,68.658450,69.585995,68.500566,68.806465,3825300
2017-03-30,68.816310,68.905122,67.730881,68.332802,4088300
2017-03-31,68.342681,68.717645,67.898636,68.421616,3113100
2017-04-03,68.569614,69.072862,67.385511,67.405243,5563200
2017-04-04,67.306592,68.036789,67.138846,67.434868,2107600
2017-04-05,67.681559,68.105864,65.688316,66.043549,7902000
2017-04-06,66.191546,66.309952,65.125849,65.954720,4814300
2017-04-07,65.777113,66.546781,65.520555,66.428368,3590800
2017-04-10,66.566518,67.355925,66.329698,66.418503,2621000
2017-04-11,66.270504,66.704672,65.392285,66.231033,4038700
2017-04-12,66.457972,67.030291,66.231022,66.546783,3012100
2017-04-13,66.457965,67.977569,66.398762,67.563133,3057800
2017-04-17,67.592759,68.086137,67.119113,67.898651,2649200
2017-04-18,67.721023,67.770364,66.566521,66.951355,2893500
2017-04-19,67.158562,67.997310,66.823069,67.188164,3416400
2017-04-20,67.425001,67.898639,67.040167,67.691422,4106200
2017-04-21,67.651948,67.839434,66.793476,67.079636,3736600
2017-04-24,67.790082,68.441344,67.484190,68.243996,2942700
2017-04-25,68.826201,70.099117,68.658455,69.645210,6572700
2017-04-26,69.822818,70.039906,69.359042,69.615601,5046400
2017-04-27,69.931362,70.691161,69.585992,70.247124,3017700
2017-04-28,70.326058,70.779973,69.891891,70.493813,2924800
2017-05-01,70.701006,71.243717,70.523390,71.174644,2139200
2017-05-02,71.342412,71.421346,69.418234,69.960953,3200200
2017-05-03,69.753742,70.020162,69.141951,69.546524,2366000
2017-05-04,69.803072,70.079363,69.082745,69.783340,2466800
2017-05-05,69.714272,69.714272,68.480827,69.220894,2585000
2017-05-08,68.875520,69.033397,67.109227,67.346046,4995900
2017-05-09,67.543392,68.540016,67.395384,68.431473,6185100
2017-05-10,68.263736,68.540026,67.503937,68.273605,2747100
2017-05-11,68.105854,68.500558,67.276983,68.174927,3615200
2017-05-12,68.115723,69.329435,67.859164,69.102478,2879100
2017-05-15,69.408364,69.733995,69.082740,69.299828,2362500
2017-05-16,69.398526,69.842563,69.063025,69.743889,2265800
2017-05-17,68.865647,68.993922,67.543391,67.661804,4692700
2017-05-18,67.651946,69.339297,67.523670,69.072876,3605900
2017-05-19,69.309688,69.842536,68.026910,68.224258,4174600
2017-05-22,68.490678,69.102462,67.859148,68.688026,3089500
2017-05-23,68.826183,68.984067,68.155189,68.727509,2587000
2017-05-24,68.697916,69.556389,68.076255,69.171555,5860500
2017-05-25,69.625475,69.625475,68.648589,68.836075,7165400
2017-05-26,68.609091,68.905121,67.642075,67.809822,3614400
2017-05-30,67.681528,67.898616,66.349410,66.566498,4628700
2017-05-31,66.921746,67.079630,65.777113,66.813202,4938900
2017-06-01,67.059886,68.914983,66.951342,68.658432,5014300
2017-06-02,68.915003,70.355673,68.697924,70.158318,4411700
2017-06-05,70.710915,70.799719,69.122238,69.724159,4242000
2017-06-06,69.664949,70.493827,69.319586,69.724159,2983600
2017-06-07,69.911608,70.286580,69.398499,69.891876,2530200
2017-06-08,69.960952,70.789823,69.803068,70.671417,2409900
2017-06-09,70.651688,71.786458,69.773476,70.404999,4931100
2017-06-12,70.256959,70.602330,68.954443,70.316170,3852300
2017-06-13,70.543136,71.125325,70.148432,71.115456,2897800
2017-06-14,71.145057,72.112080,70.898368,71.579231,4681700
2017-06-15,71.056255,71.470690,69.951086,70.602348,5293100
2017-06-16,70.454105,70.829646,69.880904,70.760468,2637700
2017-06-19,71.452267,73.675885,71.422612,73.290459,4489200
2017-06-20,73.458458,75.701838,73.221266,74.100838,7399100
2017-06-21,74.980417,77.628994,74.604868,77.589462,8974200
2017-06-22,78.231838,79.309054,77.312742,78.271362,9662800
2017-06-23,77.935322,79.536329,77.194116,79.368317,7133000
2017-06-26,79.783407,79.941527,78.251579,79.160789,4360700
2017-06-27,78.913726,79.269505,76.294797,76.363976,5598300
2017-06-28,77.075547,78.597491,76.067510,78.310890,6997900
2017-06-29,78.370195,78.439374,76.393645,77.302856,4975500
2017-06-30,77.174358,77.184243,75.968669,76.275032,3724600
2017-07-03,76.492468,77.401679,76.245400,76.996490,2106600
2017-07-05,77.045899,78.686439,76.887779,78.469017,6625800
2017-07-06,77.994657,78.340551,76.640725,77.045914,4197900
2017-07-07,77.540029,77.737688,76.956950,77.342377,2260600
2017-07-10,77.332491,77.510381,75.968674,76.186089,2633100
2017-07-11,76.482571,77.263309,76.284919,76.927292,2566500
2017-07-12,77.589474,77.816773,76.956979,77.658653,5345200
2017-07-13,77.895830,78.834688,76.255298,78.251610,8983500
2017-07-14,78.271372,78.884105,77.935362,78.142899,3198900
2017-07-17,78.221955,78.824803,77.342391,77.391800,2911200
2017-07-18,77.401682,77.638866,76.769187,77.302856,2119700
2017-07-19,78.370201,79.022459,77.757468,78.182426,2886300
2017-07-20,78.528298,79.931646,78.380055,79.200325,7049900
2017-07-21,79.170687,80.129315,79.061976,79.822945,3225400
2017-07-24,79.813061,80.830982,79.338686,80.791451,3319400
2017-07-25,81.374536,81.414068,79.210220,79.664825,6371300
2017-07-26,79.813073,80.406036,79.605536,79.842720,3013900
2017-07-27,80.445556,80.455441,77.124953,77.816742,5363600
2017-07-28,77.352251,79.002675,77.233663,78.805016,2539700
2017-07-31,78.706198,78.874203,77.164492,77.253433,2606900
2017-08-01,77.460964,77.757449,75.504184,76.186089,5328500
2017-08-02,76.205853,76.759284,74.812382,76.275032,4471500
2017-08-03,76.275040,76.472692,75.405361,75.929146,2937900
2017-08-04,76.245421,77.342406,75.929173,77.312759,2709500
2017-08-07,77.332490,77.678384,76.759288,77.628975,3641200
2017-08-08,77.629002,78.133017,76.452953,76.759315,2187500
2017-08-09,76.176221,77.312738,76.077395,76.354111,2692300
2017-08-10,75.810550,75.899499,73.379395,73.596817,5846800
2017-08-11,73.666010,74.931001,73.478236,74.881584,5417200
2017-08-14,75.286763,75.948905,75.148405,75.543716,2930500
2017-08-15,75.850088,76.047740,75.187945,75.573372,2241600
2017-08-16,75.780930,76.354131,75.425150,75.593155,2430600
2017-08-17,75.405374,76.067517,74.071197,74.150261,4776000
2017-08-18,73.913070,74.693808,73.497996,74.071190,4771600
2017-08-21,74.031669,74.634510,73.567179,74.486275,2185100
2017-08-22,74.812387,76.413395,74.802510,76.265152,2591000
2017-08-23,75.780912,76.798834,75.543728,76.067513,2132000
2017-08-24,76.344215,77.826627,75.929141,77.628975,5499600
2017-08-25,78.014407,78.044054,76.650583,76.897652,2399500
2017-08-28,78.172544,79.358478,78.093480,79.289299,5818200
2017-08-29,78.340535,80.070016,78.162646,79.645058,3037300
2017-08-30,79.783429,81.137360,79.496828,80.603691,3617500
2017-08-31,81.008885,83.222618,80.850757,82.847076,7138700
2017-09-01,83.094146,83.904531,82.333170,83.627815,4941200
2017-09-05,83.687113,83.756291,81.809389,82.995323,3397700
2017-09-06,83.558646,83.785945,82.293648,83.232513,3633000
2017-09-07,83.311560,83.558629,82.372695,83.360970,2464300
2017-09-08,83.242393,83.657466,82.649422,82.837196,2460700
2017-09-11,83.578412,83.578412,82.273889,82.896500,2477300
2017-09-12,82.698830,82.916252,81.878561,82.540703,2733400
2017-09-13,82.520959,82.985449,82.303537,82.550606,1428200
2017-09-14,82.402336,82.926128,81.740194,82.214569,2984000
2017-09-15,82.379692,82.963037,81.865563,82.715858,2599600
2017-09-18,82.923498,83.754014,82.725750,83.081688,2984200
2017-09-19,83.358512,83.358512,82.359916,82.745514,2262800
2017-09-20,83.081667,84.268129,82.913588,84.208801,4086900
2017-09-21,84.268137,84.713056,83.536483,83.635353,3080700
2017-09-22,83.150886,83.229985,82.607098,82.963036,2778800
2017-09-25,82.824623,83.961647,82.399476,83.299210,5373700
2017-09-26,83.398063,83.585921,82.023750,82.310478,3256900
2017-09-27,82.646642,83.833104,82.508223,83.516716,2868800
2017-09-28,83.615584,85.375494,83.259646,84.910797,4882700
2017-09-29,85.029458,85.711674,84.614200,85.593025,3392600
2017-10-02,85.998386,87.135401,85.731429,86.977211,4749300
2017-10-03,87.461686,87.461686,86.018164,86.789360,2941400
2017-10-04,86.749799,87.481453,86.215892,87.244156,2996400
2017-10-05,87.560570,87.768199,86.868473,87.511139,2702700
2017-10-06,87.224380,87.975805,86.898102,87.323250,2343400
2017-10-09,87.501251,87.600121,86.522426,86.739944,1367400
2017-10-10,87.125543,87.135425,85.948970,86.641068,1830200
2017-10-11,86.660826,86.789356,86.156580,86.383987,1763800
2017-10-12,86.383992,86.542183,85.879746,86.304893,2224500
2017-10-13,86.374096,86.463077,85.602900,85.681999,2867100
2017-10-16,86.087380,87.550681,85.365615,85.939072,5096800
2017-10-17,85.909402,86.463080,85.593013,85.761093,2113300
2017-10-18,86.215913,86.532302,85.059119,85.256866,3460000
2017-10-19,84.821821,85.167869,83.862766,84.742722,3499000
2017-10-20,84.693289,84.970128,83.763895,84.653740,5151700
2017-10-23,84.762500,84.811931,83.368409,83.506828,3883300
2017-10-24,83.665029,83.852879,82.221506,82.636765,4068500
2017-10-25,82.755404,83.052021,81.252561,81.934776,4888200
2017-10-26,81.114149,81.974334,80.382503,80.886742,5573900
2017-10-27,81.104265,83.071805,80.936185,82.854294,5225400
2017-10-30,81.104254,83.071794,81.104254,83.061913,4783500
2017-10-31,83.318963,84.287906,82.478557,82.696075,2887400
2017-11-01,83.467274,83.793552,81.114136,81.539284,4277600
2017-11-02,81.826014,83.269536,81.262447,82.953148,3834800
2017-11-03,83.042126,84.841586,82.765287,84.633957,6058400
2017-11-06,84.841593,85.088771,83.971526,84.070396,2804000
2017-11-07,83.951752,84.109942,82.804839,83.190437,2701300
2017-11-08,83.091578,83.457405,81.954554,82.270943,3320100
2017-11-09,82.053432,82.369821,80.946076,81.984222,3253000
2017-11-10,81.727155,82.102864,80.975730,81.835907,4296300
2017-11-13,81.549184,81.618394,80.431932,80.758209,3542600
2017-11-14,80.461574,80.629661,77.703060,79.156471,8123700
2017-11-15,78.207308,79.818917,77.574531,79.146591,4987800
2017-11-16,79.571741,81.005374,79.542073,80.511017,3854700
2017-11-17,80.422029,80.768085,79.759592,80.511017,3457300
2017-11-20,80.501133,80.669212,79.561857,79.957344,4345400
2017-11-21,80.253965,80.718662,80.085885,80.362724,3584900
2017-11-22,80.471461,80.955929,80.125413,80.787849,2376600
2017-11-24,81.064694,81.430521,80.688986,81.035034,1374900
2017-11-27,81.321757,81.608486,80.204513,80.303383,4144200
2017-11-28,80.580233,80.679103,79.275130,80.471474,3633400
2017-11-29,80.698890,81.440426,79.443218,80.085884,3862100
2017-11-30,80.422047,82.448915,80.382505,82.251175,6180000
2017-12-01,82.350039,83.190445,79.858474,82.478569,5693300
2017-12-04,83.229982,84.149486,80.382487,80.511017,5107400
2017-12-05,80.481360,81.746913,79.235578,79.443207,3513300
2017-12-06,79.304805,79.700292,77.801962,79.047737,5205700
2017-12-07,79.542068,81.539276,79.255348,81.351418,4808100
2017-12-08,82.092951,83.487042,81.835883,82.982796,6452700
2017-12-11,84.030837,84.030837,81.994088,82.132507,5385800
2017-12-12,82.330260,82.379699,80.412159,80.768097,4911600
2017-12-13,80.708780,82.498358,80.550589,81.984222,3717400
2017-12-14,82.231372,82.359910,80.056204,80.402252,3845800
2017-12-15,80.229169,80.980918,79.912644,80.931458,3441000
2017-12-18,81.396355,81.574400,80.684172,80.931458,2402500
2017-12-19,80.862225,81.643647,80.258849,80.674286,2883800
2017-12-20,81.030359,81.455689,80.664382,81.247971,2765300
2017-12-21,81.297453,82.484419,81.158974,82.177788,2512200
2017-12-22,82.652558,83.829638,82.434946,83.671371,5851600
2017-12-26,83.671361,84.492349,83.384517,84.245064,2894300
2017-12-27,84.413221,85.095730,84.007677,84.947357,3536700
2017-12-28,85.184760,85.372692,84.492357,85.263885,2640400
2017-12-29,85.570531,85.827702,83.918661,83.948341,3222300
2018-01-02,84.343997,86.292605,83.384537,86.262932,6036900
2018-01-03,86.470621,87.855419,86.104644,87.410309,5644400
2018-01-04,87.756530,87.835663,85.778250,86.401405,4280900
2018-01-05,86.797038,86.797038,85.521046,86.094749,3366800
2018-01-08,86.114556,86.253035,83.532899,84.383560,5894600
2018-01-09,84.700062,86.777263,84.690176,86.539864,7066900
2018-01-10,86.055200,87.776302,85.066060,87.627930,6202600
2018-01-11,87.786210,88.379693,87.014682,88.171974,3320600
2018-01-12,88.181854,88.973162,87.855436,88.646751,6230700
2018-01-16,89.022629,89.349047,85.659551,85.896942,6937200
2018-01-17,87.044330,87.370748,86.104650,87.064110,6473700
2018-01-18,86.737707,87.509235,85.966178,86.935532,4906600
2018-01-19,87.163061,88.053281,86.777297,87.954369,2645700
2018-01-22,89.724910,92.989076,89.556758,92.870377,8730100
2018-01-23,92.989092,95.184985,92.929739,94.779434,5499600
2018-01-24,94.927794,95.026707,92.029613,93.315491,7287500
2018-01-25,94.146373,94.660723,92.919841,94.373878,4096800
2018-01-26,94.759637,95.798230,94.403546,95.145401,3468100
2018-01-29,94.987140,96.915968,94.957467,95.976280,5281400
2018-01-30,94.611271,95.234426,93.137454,93.998001,5803900
2018-01-31,94.522245,94.888230,91.871349,92.356033,4008900
2018-02-01,92.197764,93.424296,91.544936,92.593422,4821700
2018-02-02,91.742774,92.425283,90.644828,90.892113,5817600
2018-02-05,89.754568,92.029593,87.271832,87.380630,7776000
2018-02-06,85.956285,90.219477,85.382582,90.061218,8289200
2018-02-07,89.764493,91.287770,89.635908,90.427216,4956900
2018-02-08,90.506328,91.000898,85.857372,85.877151,8369700
2018-02-09,86.708046,87.103696,81.485379,86.074989,12004000
2018-02-12,86.767395,88.854482,85.788148,87.825775,5511100
2018-02-13,87.479579,88.626978,86.688263,88.340126,2286800
2018-02-14,87.390558,91.080055,87.222406,90.654724,5176300
2018-02-15,91.554832,91.940596,89.942536,91.722992,3558900
2018-02-16,91.485592,92.543972,90.971242,91.465813,3871000
2018-02-20,90.437088,92.108737,89.497407,89.843605,3403700
2018-02-21,89.724907,92.356023,89.724907,90.061218,3288800
2018-02-22,90.921772,92.098851,89.991985,90.179916,3792300
2018-02-23,90.783308,91.574624,89.151225,91.535057,4628900
2018-02-26,91.990039,92.543956,91.080032,92.177979,2050800
2018-02-27,92.039501,92.603311,91.050361,91.089920,2010700
2018-02-28,91.050357,91.544927,89.349035,89.378708,4414000
2018-03-01,89.190787,89.586444,87.242179,88.547844,5720300
2018-03-02,87.578469,91.129479,87.232272,90.961327,5819500
2018-03-05,90.832751,92.761571,90.723945,92.365913,3416900
2018-03-06,92.811026,92.979178,91.258076,92.632980,2861900
2018-03-07,91.920795,93.938642,91.643837,93.800163,3678900
2018-03-08,94.126595,94.581598,92.989082,93.958435,3700100
2018-03-09,94.532132,95.808124,94.007889,95.402573,4399200
2018-03-12,95.818013,96.233450,94.759633,95.926819,2753700
2018-03-13,96.164215,96.807158,94.512353,94.898117,4507800
2018-03-14,95.194840,95.412452,93.869396,94.482658,3006300
2018-03-15,94.809093,94.848659,92.563748,93.008858,3954300
2018-03-16,93.077150,93.433465,92.493187,92.611961,3463800
2018-03-19,92.384316,92.928688,89.781247,90.949165,5936200
2018-03-20,91.206507,91.958728,90.523570,91.166916,3608900
2018-03-21,91.236199,92.552584,90.909576,92.087395,3083600
2018-03-22,90.988761,92.126988,89.325961,89.335861,4631100
2018-03-23,89.603088,90.295925,87.574082,87.692848,4709800
2018-03-26,89.296264,90.286025,87.267250,90.117767,7589200
2018-03-27,90.553294,90.780942,85.980600,86.267632,5824100
2018-03-28,86.356674,86.851554,84.080220,86.119133,6650800
2018-03-29,86.811972,88.167948,85.564871,86.831772,5242800
2018-04-02,86.445743,86.534825,82.338239,82.991478,7398400
2018-04-03,83.634809,84.377130,81.912627,83.486343,5277100
2018-04-04,82.199678,86.703087,81.952238,86.326981,5207500
2018-04-05,86.940616,86.940616,84.248472,84.594887,4631900
2018-04-06,83.506159,84.307863,81.516737,82.051208,6428800
2018-04-09,83.931763,85.683637,83.803089,84.238586,8271500
2018-04-10,85.663846,87.969984,85.079883,87.564186,7132800
2018-04-11,87.069295,89.256666,86.841646,88.237213,4054000
2018-04-12,88.712299,90.147457,88.474758,89.523903,4145800
2018-04-13,89.919805,90.048478,87.960082,88.662811,6260500
2018-04-16,89.316045,89.504102,87.514680,87.989769,3542400
2018-04-17,88.662824,90.553264,88.415384,90.187057,4657200
2018-04-18,90.513673,90.959070,89.632786,89.810944,3858300
2018-04-19,89.583278,90.187032,88.019453,88.296585,5723700
2018-04-20,88.237219,88.761791,87.564181,88.019470,6748400
2018-04-23,87.861108,88.148140,86.317083,87.158379,5387600
2018-04-24,87.395930,87.663162,84.961110,85.564865,4776400
2018-04-25,85.851880,86.336868,84.198981,85.465874,4587600
2018-04-26,85.792509,87.346434,85.554968,86.940628,3501600
2018-04-27,87.267246,88.088750,86.811957,87.514687,2967900
2018-04-30,87.969988,88.247127,86.030056,86.089447,3757000
2018-05-01,86.218121,87.108908,85.505492,87.009933,2447800
2018-05-02,86.425953,87.742337,86.148821,86.554619,3583200
2018-05-03,86.079528,87.178163,84.436521,85.040276,5123800
2018-05-04,85.060082,87.178171,85.010591,86.475441,4023900
2018-05-07,86.881228,88.088737,86.752561,87.593857,2981300
2018-05-08,87.326639,87.376123,86.633802,87.168274,2378000
2018-05-09,87.415719,89.415034,86.901047,88.880569,3107800
2018-05-10,89.078504,90.097957,88.009560,88.128334,4017400
2018-05-11,87.989781,90.800699,87.989781,90.711624,7209400
2018-05-14,91.087739,92.156684,90.672041,91.869652,5546600
2018-05-15,91.434126,91.572692,90.701705,91.335152,2491900
2018-05-16,91.582604,92.898988,91.275780,92.503082,3300700
2018-05-17,92.602068,93.116748,91.948829,92.819817,2669700
2018-05-18,93.037559,93.354282,91.830049,92.611961,6227500
2018-05-21,93.205823,93.453263,90.414696,90.840294,3772500
2018-05-22,91.147133,92.028028,90.345429,91.265907,3542500
2018-05-23,90.771009,92.275450,90.761109,91.493538,4240500
2018-05-24,91.602406,92.107179,91.058034,91.780563,1502100
2018-05-25,91.909240,92.453612,91.414359,92.047806,2728300
2018-05-29,91.602437,92.423934,90.295952,91.523254,4433200
2018-05-30,92.008197,93.492839,91.849839,93.195915,4181000
2018-05-31,93.552233,95.056675,93.413667,93.700699,7147800
2018-06-01,95.106167,96.016753,94.809243,95.660439,5011100
2018-06-04,96.353262,96.630394,93.690809,95.452583,6083600
2018-06-05,95.422882,96.491818,95.333799,96.175095,4409900
2018-06-06,96.531418,97.214356,96.125620,96.768959,3934200
2018-06-07,96.759088,96.798680,94.492533,95.561478,5644300
2018-06-08,94.967596,95.779200,94.789438,95.314018,2225600
2018-06-11,95.502068,95.700025,94.413332,94.937904,6946100
2018-06-12,95.096273,96.432449,94.967599,95.937569,2940400
2018-06-13,96.066223,96.986702,95.571343,96.184998,6890600
2018-06-14,96.432440,96.808546,95.987050,96.590797,5051100
2018-06-15,96.172879,96.776993,95.806446,96.242203,3383300
2018-06-18,95.855978,96.767099,95.271668,96.509605,5335300
2018-06-19,96.063927,98.123856,96.034218,97.896072,7591500
2018-06-20,98.569520,100.203598,98.391256,100.173889,6074700
2018-06-21,100.312549,100.570042,97.915904,98.104065,4374500
2018-06-22,98.411089,98.579446,97.153340,98.123886,3768800
2018-06-25,97.618784,97.727723,94.934937,95.469727,4359800
2018-06-26,95.875769,96.410559,94.261502,95.796547,5765500
2018-06-27,95.855968,96.153068,92.597716,92.716560,6646800
2018-06-28,92.954232,93.548440,91.023053,93.261238,6308300
2018-06-29,93.716799,95.519236,93.687090,94.271400,3454300
2018-07-02,93.508822,95.400394,93.102783,95.360779,2503400
2018-07-03,95.697522,96.658163,94.974571,96.073860,2118300
2018-07-05,96.658149,97.133520,95.618286,96.549210,2953700
2018-07-06,97.173142,99.361815,96.826514,99.282585,4876900
2018-07-09,99.787663,100.193702,98.163490,99.124123,4764300
2018-07-10,99.371693,99.658896,98.173371,98.678452,5253600
2018-07-11,97.985224,99.134026,97.777251,98.767601,2716700
2018-07-12,99.322179,99.985712,98.797295,99.866867,7197900
2018-07-13,99.856975,100.074854,99.213247,99.589577,1880000
2018-07-16,99.490564,99.668827,97.509863,97.965424,2530500
2018-07-17,97.757441,99.470750,97.559374,99.381615,2425600
2018-07-18,99.153836,99.282579,98.084257,99.163734,2771000
2018-07-19,98.856725,99.757947,98.113962,99.431129,2515100
2018-07-20,99.391518,100.084760,99.094410,99.163734,3243700
2018-07-23,99.035001,99.480656,98.460596,98.846832,2767600
2018-07-24,99.460824,99.866863,96.380836,96.806686,4716200
2018-07-25,96.559122,97.925802,96.252116,96.777000,4483600
2018-07-26,96.450182,97.608889,95.618291,96.697769,4092400
2018-07-27,96.757171,96.876016,93.082974,94.053520,8537000
2018-07-30,93.885166,94.142651,91.924270,92.518478,6209400
2018-07-31,92.805691,94.726972,92.518488,94.370445,4575600
2018-08-01,94.212002,95.331103,93.756442,94.449692,4198600
2018-08-02,93.835661,95.212247,93.756431,95.053795,2407700
2018-08-03,95.321175,95.390500,93.409800,93.796036,3200300
2018-08-06,93.588076,94.459581,92.974056,93.974312,3179900
2018-08-07,94.390240,95.133002,94.043619,95.024063,3239900
2018-08-08,94.974550,95.469725,94.004004,94.489281,3350400
2018-08-09,94.350629,96.083742,94.132759,94.330826,2709900
2018-08-10,94.182268,95.311266,93.875262,94.033714,4737600
2018-08-13,94.053547,94.330844,92.736380,93.588081,11851100
2018-08-14,93.845569,94.736886,93.568272,93.974312,2342800
2018-08-15,93.459307,93.696989,91.617256,92.181755,5783000
2018-08-16,92.647224,93.389987,91.686584,93.013649,3040600
2018-08-17,92.845295,93.261241,92.023303,93.082977,2566900
2018-08-20,93.142413,93.429608,92.231285,92.399651,2968000
2018-08-21,92.528406,94.479397,92.508602,94.211998,3459200
2018-08-22,94.162468,95.964905,94.162468,95.766830,5059600
2018-08-23,95.816347,96.133259,94.429856,95.103294,2473100
2018-08-24,95.370693,96.024320,94.697255,95.469727,1918700
2018-08-27,95.816338,97.460323,95.717305,97.054276,6810900
2018-08-28,97.083999,97.737633,96.717574,97.707924,4673200
2018-08-29,97.896083,98.856724,97.430617,98.589333,3046800
2018-08-30,98.411067,99.728226,98.411067,98.965660,5944900
2018-08-31,98.866624,99.599480,98.420962,99.173630,3288100
2018-09-04,99.173634,99.341992,97.648494,99.044891,2767400
2018-09-05,98.866628,98.876527,97.371198,98.282318,1904600
2018-09-06,98.242708,98.658661,95.499442,95.756935,3579500
2018-09-07,95.321162,96.826491,94.261488,95.479622,3892700
2018-09-10,95.945101,96.232303,95.033981,95.628189,1526500
2018-09-11,95.529169,95.984729,94.726987,95.608398,2232300
2018-09-12,95.647997,96.024328,94.112952,95.301376,2123900
2018-09-13,95.717303,95.935181,94.608109,94.974541,2250700
2018-09-14,95.222155,95.984721,94.588331,94.905243,2969500
2018-09-17,94.588322,95.192436,93.142412,93.389999,4198600
2018-09-18,93.706900,94.746763,93.290948,94.528885,2930900
2018-09-19,94.380360,95.440034,94.281319,94.647751,2228000
2018-09-20,95.261756,96.242201,94.964648,96.222397,3405900
2018-09-21,96.344289,96.542513,94.461208,94.689163,3924900
2018-09-24,94.689168,95.937949,94.302642,95.759552,2307800
2018-09-25,96.146062,96.532588,95.660420,96.037041,2651200
2018-09-26,96.512773,96.730815,95.194624,95.264000,2092400
2018-09-27,95.145083,95.640630,94.500870,95.135170,2645900
2018-09-28,94.748620,95.680252,94.639599,95.016220,1536400
2018-10-01,95.511774,95.640614,93.509759,93.747620,2450900
2018-10-02,93.846754,94.025152,91.795189,92.370018,5691100
2018-10-03,92.786271,94.490947,91.844727,94.054871,3111700
2018-10-04,93.836830,93.856649,90.576128,91.022118,6006500
2018-10-05,90.913093,92.042940,87.781231,89.644485,9487200
2018-10-08,89.198512,90.278802,87.216323,88.702965,6874900
2018-10-09,88.138047,89.575131,87.384813,87.622681,6452000
2018-10-10,87.374878,87.919975,84.510608,84.679100,6614700
2018-10-11,84.510614,85.908060,83.222195,83.658279,8544200
2018-10-12,85.432352,85.947726,83.797052,85.333244,4627600
2018-10-15,84.867413,85.372874,83.469974,84.183563,4272200
2018-10-16,85.035901,88.940807,84.708838,88.653389,6328900
2018-10-17,88.296609,88.584027,86.651396,88.504745,3669100
2018-10-18,88.167767,88.504743,85.848609,86.760414,5300600
2018-10-19,86.869430,88.118212,84.302492,84.659286,5546700
2018-10-22,84.679114,84.887243,81.398586,82.746475,9374800
2018-10-23,81.091374,84.312432,79.693934,82.677124,10172800
2018-10-24,82.845594,83.142925,76.393573,76.591789,17081600
2018-10-25,77.354933,81.021980,76.998138,79.723648,16150600
2018-10-26,79.039795,80.754392,77.354938,79.703827,11181300
2018-10-29,81.012079,81.398605,75.689905,77.226097,7574900
2018-10-30,76.978298,78.841560,76.116050,77.662155,8318400
2018-10-31,78.891121,79.892129,78.088337,78.405487,6747300
2018-11-01,79.019979,83.232131,79.000153,82.994263,6425900
2018-11-02,83.747495,85.224224,81.814864,83.212303,5460900
2018-11-05,83.281670,83.628551,80.903042,82.766304,3539400
2018-11-06,82.459066,83.816868,81.953613,82.498711,4899900
2018-11-07,83.232120,84.926891,82.994252,84.580002,7022000
2018-11-08,84.243033,85.105288,83.301497,83.460068,4228700
2018-11-09,82.558186,82.706844,79.594807,80.060623,5992100
2018-11-12,79.802938,80.060625,76.661170,76.968414,7900200
2018-11-13,77.493689,78.831665,76.512500,76.591789,4882700
2018-11-14,77.444123,77.820736,73.311261,74.262711,12084200
2018-11-15,74.104134,77.354930,74.104134,76.859383,6509500
2018-11-16,76.284550,79.356941,76.007044,78.811836,8365500
2018-11-19,78.445132,78.732550,75.352914,76.225082,6339300
2018-11-20,74.560036,76.849462,73.856353,75.769165,7103100
2018-11-21,76.591787,77.592794,75.620518,77.176537,4793300
2018-11-23,76.443135,78.920871,76.334114,77.394585,3714400
2018-11-26,78.544236,79.614619,78.058601,79.178535,7466200
2018-11-27,78.712719,78.722632,76.968398,77.275635,5664300
2018-11-28,78.118079,80.367861,77.037790,80.209290,6559800
2018-11-29,79.842587,80.893153,79.128998,79.733566,3416300
2018-11-30,79.624535,80.922874,79.267748,80.922874,3838900
2018-12-03,83.935791,84.203383,82.766299,83.876320,6837400
2018-12-04,83.479908,84.570111,79.465972,79.743477,9105500
2018-12-06,78.445139,80.199373,77.592797,79.981331,6703500
2018-12-07,79.773196,80.704827,76.998136,77.493683,5388700
2018-12-10,77.345011,78.792008,75.927746,78.425301,4498800
2018-12-11,78.901026,79.733541,77.364826,78.167618,6645300
2018-12-12,79.010050,80.239005,78.831652,79.366844,4438700
2018-12-13,79.555157,79.892134,77.008045,77.176537,6048100
2018-12-14,76.472855,77.444124,75.759266,76.106148,4533000
2018-12-17,75.600679,77.226074,73.925727,74.381638,6768600
2018-12-18,75.234009,75.273646,71.775083,72.994133,10155200
2018-12-19,72.904896,74.589761,69.505442,70.526276,10753400
2018-12-20,70.010893,70.526266,67.097074,68.048531,12858800
2018-12-21,68.377660,68.437134,64.828920,65.165947,12850000
2018-12-24,64.422487,66.286075,63.817813,64.848732,5566500
2018-12-26,65.651654,69.775324,65.483133,69.646461,10301200
2018-12-27,68.397475,69.468046,66.276163,68.972412,6835700
2018-12-28,69.101264,70.994589,68.377643,69.477943,7207600
2018-12-31,70.419682,71.361384,69.735705,71.123482,8428900
2019-01-02,69.864556,72.283244,69.586994,72.223770,5874700
2019-01-03,72.699570,72.907743,70.449396,70.588173,8779700
2019-01-04,71.787604,74.582979,71.519965,74.364899,8019500
2019-01-07,76.188840,79.172558,76.169010,78.805786,8534400
2019-01-08,79.866463,80.272886,77.457681,79.777252,6091600
2019-01-09,80.183654,80.877538,79.608717,80.114265,4813300
2019-01-10,79.440193,81.551591,78.389452,81.442558,5995300
2019-01-11,81.006389,81.650715,80.510756,81.283943,5933900
2019-01-14,80.490935,80.937010,79.350984,79.420372,4252100
2019-01-15,79.697908,81.482185,79.479828,81.482185,3801200
2019-01-16,81.482201,83.236749,80.946923,81.194740,4700800
2019-01-17,80.649531,82.423901,80.649531,81.680450,2201100
2019-01-18,82.235586,82.691568,80.867639,82.651917,5026100
2019-01-22,81.848975,82.067055,79.598800,80.153908,6900100
2019-01-23,80.629711,81.055956,77.913640,79.083336,6002800
2019-01-24,79.083338,79.886263,78.716574,79.846619,5136000
2019-01-25,80.381905,81.749859,79.618632,81.650734,3517300
2019-01-28,80.362081,80.599983,79.132911,79.331161,4597300
2019-01-29,79.618613,79.747475,78.647168,79.370796,4255600
2019-01-30,79.896174,81.640807,79.083335,81.571419,3057000
2019-01-31,81.254216,83.018672,81.214565,82.869980,4788600
2019-02-01,82.820431,83.573790,82.086888,83.256584,3175700
2019-02-04,83.335877,83.682819,82.562689,83.603516,1980200
2019-02-05,83.702663,84.981400,82.552789,83.068253,5170400
2019-02-06,83.365616,84.079330,82.255401,83.544044,2774400
2019-02-07,82.899711,83.355693,80.689188,81.274033,4456900
2019-02-08,80.689186,82.146351,80.599968,81.958008,2909100
2019-02-11,82.364430,82.602340,81.521854,82.354523,2416000
2019-02-12,83.068250,83.791871,82.850169,83.682831,3271400
2019-02-13,84.128902,84.555147,83.583701,83.692741,2727100
2019-02-14,83.316067,84.277590,83.078157,84.039688,2955200
2019-02-15,84.356883,85.843785,84.079329,85.833870,3959200
2019-02-19,86.141158,86.577310,84.793033,84.892159,3705400
2019-02-20,84.951654,85.506769,83.226850,84.555153,5983500
2019-02-21,84.386625,84.525402,82.800598,83.355705,4110400
2019-02-22,83.762125,85.130072,83.256576,84.991295,3407900
2019-02-25,87.727202,88.996024,87.637992,88.748207,7556900
2019-02-26,88.143516,88.926619,87.747008,88.054306,3579000
2019-02-27,87.836238,89.798944,87.836238,89.491653,4268700
2019-02-28,89.422274,89.630440,87.707385,88.361618,3105400
2019-03-01,89.303311,91.038030,88.777941,91.008293,4802500
2019-03-04,92.177977,92.177977,88.440902,90.106232,5625100
2019-03-05,90.036841,91.246189,89.273561,89.432167,8034200
2019-03-06,89.372690,89.432163,85.675258,85.774384,10444100
2019-03-07,85.744649,86.726002,84.436176,85.804123,6693100
2019-03-08,84.515499,86.051959,84.307333,85.705017,5399900
2019-03-11,86.160984,88.321948,85.685180,88.262474,3369600
2019-03-12,88.282307,89.957552,88.113793,89.184364,4503200
2019-03-13,89.570940,90.909150,89.134780,90.889328,3317200
2019-03-14,90.720800,91.295737,89.640322,89.779099,3565300
2019-03-15,90.195446,90.819949,90.056669,90.473000,3493800
2019-03-18,90.651450,92.098708,89.947651,90.760490,5606600
2019-03-19,91.067771,91.117330,90.026937,90.443268,3218900
2019-03-20,90.383782,90.800113,88.639149,89.541206,6753100
2019-03-21,88.688715,91.256094,88.500371,91.117317,6215800
2019-03-22,90.502736,90.780290,87.013470,87.092773,5391500
2019-03-25,86.934165,87.707360,85.615785,87.221634,6190200
2019-03-26,88.133622,89.005935,87.856061,88.936546,3594800
2019-03-27,88.857248,88.996025,86.071788,86.993668,4817300
2019-03-28,87.092788,88.193096,86.894537,88.113792,3729600
2019-03-29,88.787844,90.007106,88.619330,89.749374,5220500
2019-04-01,90.641518,90.948808,89.402433,89.640335,4788200
2019-04-02,89.798926,91.186702,89.689893,90.928978,4696000
2019-04-03,91.622880,92.168080,90.928996,91.870697,4664800
2019-04-04,91.840950,92.078852,90.155791,91.107414,3632000
2019-04-05,91.424621,93.050300,91.394877,92.980911,5512700
2019-04-08,92.713264,92.861956,91.355232,92.356407,3534400
2019-04-09,91.860784,92.346510,90.453185,90.651436,3883400
2019-04-10,91.107419,92.187897,90.968635,91.989647,3226800
2019-04-11,92.247372,92.326675,89.868335,90.056671,5245700
2019-04-12,90.859608,91.147069,88.678815,89.114975,5593200
2019-04-15,89.224018,89.620526,87.271219,88.321960,3829600
2019-04-16,89.015830,89.214081,87.826305,88.212898,2751300
2019-04-17,88.619342,88.688731,83.435008,84.089249,13211400
2019-04-18,84.178452,84.892166,81.710198,83.890984,9949000
2019-04-22,83.464731,84.644342,82.959190,83.781937,6500000
2019-04-23,83.940550,86.666537,83.633260,86.160988,6694800
2019-04-24,86.349329,86.488106,84.574959,85.110245,4931600
2019-04-25,84.743491,85.744674,84.009955,85.496857,5109500
2019-04-26,85.427461,86.577328,84.912005,86.478203,3279800
2019-04-29,86.636810,86.944100,85.695101,85.923096,4066800
2019-04-30,85.794226,86.101517,83.425097,84.456009,6897100
2019-05-01,84.594790,84.703830,82.770861,82.909637,5444400
2019-05-02,82.701471,84.009944,82.076975,83.841431,4643500
2019-05-03,83.940561,85.566239,83.653092,85.457199,4601800
2019-05-06,83.464760,87.102720,83.286332,86.894554,5935100
2019-05-07,86.240293,86.805315,83.236753,84.029762,5891200
2019-05-08,83.365634,84.832714,82.622183,83.752228,4488700
2019-05-09,82.869980,84.376712,81.581337,83.583694,6381100
2019-05-10,82.879897,83.573781,81.472298,83.187187,5987000
2019-05-13,81.432651,81.839067,79.469938,79.707848,7233400
2019-05-14,80.203478,81.779590,79.678100,81.055962,6825200
2019-05-15,80.262935,81.878698,80.124158,81.739922,4681000
2019-05-16,82.295044,84.099150,82.156267,82.760941,7873900
2019-05-17,82.106704,83.157446,81.502031,81.839058,5338700
2019-05-20,81.164997,81.323604,80.005216,80.064690,4389000
2019-05-21,80.629722,82.651910,80.461209,82.542870,4212600
2019-05-22,82.166173,82.641985,81.065865,81.958008,4334700
2019-05-23,81.016314,81.363256,80.015132,81.135262,5599400
2019-05-24,81.660649,82.691569,81.531787,82.186028,4199200
2019-05-28,82.532953,83.038494,81.313690,81.313690,4996500
2019-05-29,80.590062,81.343420,79.876348,80.560318,5351900
2019-05-30,81.016319,81.303780,79.668194,80.124176,3829600
2019-05-31,79.212204,79.886259,78.617438,78.746307,5181500
2019-06-03,79.093257,80.609896,79.033783,79.658279,4923000
2019-06-04,80.758581,82.007580,79.995300,81.819237,4815100
2019-06-05,82.235564,82.453644,81.254211,81.898537,3710500
2019-06-06,81.878714,82.195919,80.282772,80.649544,3429800
2019-06-07,80.917160,82.443712,80.213361,82.116592,3959800
2019-06-10,82.919544,83.137624,81.303773,81.373161,3049400
2019-06-11,82.096801,82.285145,80.104351,80.471123,3867700
2019-06-12,80.391820,81.224489,79.945752,81.006409,2063600
2019-06-13,81.650718,82.374340,80.827964,82.295036,2427600
2019-06-14,82.384261,82.384261,80.738753,80.778404,3080500
2019-06-17,82.314865,84.743467,82.146351,84.604691,7742500
2019-06-18,85.566227,86.696272,85.229200,86.200638,7604200
2019-06-19,86.170904,86.607064,85.734743,86.230377,3092500
2019-06-20,87.281119,87.994826,85.942902,86.210548,4497600
2019-06-21,85.754558,86.498009,84.604684,86.498009,3211000
2019-06-24,86.369164,86.458382,83.881087,83.990128,3888400
2019-06-25,84.713731,85.130062,83.474647,83.672905,4530500
2019-06-26,84.138816,84.356896,82.602355,83.068253,3687500
2019-06-27,83.246672,85.367984,83.246672,85.199463,4157200
2019-06-28,85.377902,87.172102,85.377902,86.944107,4825600
2019-07-01,88.500375,88.520204,87.013473,87.479370,3659300
2019-07-02,87.509129,87.519044,86.220486,86.854897,3270300
2019-07-03,87.231565,88.133622,86.686364,88.113792,1478800
2019-07-05,87.568586,88.084049,86.240290,86.448456,3979800
2019-07-08,86.160990,86.160990,84.228021,85.011124,4084200
2019-07-09,84.485756,86.319600,84.257761,86.220474,2718100
2019-07-10,86.805335,87.300969,85.021050,86.379089,6341800
2019-07-11,86.557499,86.557499,84.366798,85.189552,4442900
2019-07-12,85.249023,85.576143,84.317229,85.070595,3681600
2019-07-15,85.318412,85.754572,84.723653,85.427452,2240600
2019-07-16,85.546406,85.546406,84.436184,84.713737,2369700
2019-07-17,84.664191,85.318423,83.920740,84.793053,3434700
2019-07-18,84.574955,86.160982,84.555133,86.032120,3147700
2019-07-19,86.220474,86.388988,84.674091,84.862434,4497500
2019-07-22,84.832674,85.734724,84.614594,85.149879,2988900
2019-07-23,85.199474,85.437384,84.257773,84.565063,4081400
2019-07-24,84.426259,85.377875,83.593597,85.328316,3492500
2019-07-25,85.189563,85.199470,83.296238,83.395363,3993400
2019-07-26,83.603511,84.981380,83.603511,84.902077,2903300
2019-07-29,84.892166,85.199457,83.335876,84.713737,6812400
2019-07-30,84.257766,86.032137,83.881087,85.992485,3030900
2019-07-31,86.012310,86.934189,84.337072,84.931831,3955300
2019-08-01,85.268845,86.835050,84.574961,85.159813,4601300
2019-08-02,85.149904,85.149904,82.602346,83.286316,4278300
2019-08-05,81.660648,81.858906,79.747501,80.580170,5651300
2019-08-06,81.482202,82.513122,80.203474,82.354523,4534100
2019-08-07,81.482226,83.068261,80.798256,82.602364,3551400
2019-08-08,82.869983,84.267675,82.671733,84.059509,3453800
2019-08-09,83.663006,84.307332,82.404092,83.296234,3004100
2019-08-12,82.562694,83.107887,81.383083,81.749855,3665400
2019-08-13,81.472300,83.890988,81.392996,82.879898,3142800
2019-08-14,81.432639,81.908443,80.441372,80.540497,10764800
2019-08-15,80.887431,81.006386,79.469918,79.628525,4594500
2019-08-16,80.342238,81.829140,80.094421,81.739922,3477200
2019-08-19,82.721308,83.008777,81.928299,82.661835,3447000
2019-08-20,82.334699,82.810511,81.482209,81.749855,4792600
2019-08-21,82.275235,82.860079,81.888641,82.532967,2619000
2019-08-22,82.612254,82.622169,80.371994,80.907280,3593300
2019-08-23,80.590066,81.720110,78.359714,78.746307,6031600
2019-08-26,79.440206,79.806978,78.696755,79.499680,3984400
2019-08-27,80.034949,80.520676,77.626169,78.230843,5086900
2019-08-28,77.883906,80.054785,77.685656,79.360893,4141400
2019-08-29,80.223297,80.669365,79.489761,80.401726,2865700
2019-08-30,80.758606,80.808165,79.103190,79.668213,2328500
2019-09-03,79.182462,80.143993,77.586520,77.973122,4962300
2019-09-04,78.567879,78.736392,77.190017,78.478661,3803400
2019-09-05,79.232027,80.153906,78.439010,79.638443,4679700
2019-09-06,79.777237,80.173738,78.657100,78.776054,3127100
2019-09-09,79.598811,79.618633,78.082165,78.627365,3870500
2019-09-10,78.191193,81.075785,77.735210,81.016312,5507700
2019-09-11,80.986586,82.830345,80.877546,82.651917,5035200
2019-09-12,82.869986,82.939374,81.165004,81.908455,3463400
2019-09-13,82.017485,82.840239,81.492114,81.700279,3601500
2019-09-16,81.432649,83.385448,81.095614,83.127716,2791900
2019-09-17,82.800596,83.207020,81.789507,82.840248,2816700
2019-09-18,82.671729,82.820420,81.016313,82.067055,4404400
2019-09-19,82.057138,82.988932,81.739933,81.928276,4179200
2019-09-20,82.010568,82.615257,81.187784,81.990738,3530600
2019-09-23,81.683437,82.516129,80.930044,80.999435,2850000
2019-09-24,81.187771,81.366206,78.441856,79.086205,8880700
2019-09-25,78.957346,79.641340,78.233691,78.590561,6882900
2019-09-26,78.600466,78.709510,76.161860,76.370033,7202700
2019-09-27,76.647601,77.936299,75.239951,75.785164,9175600
2019-09-30,75.834740,76.459259,74.962395,75.586914,7451200
2019-10-01,75.765343,76.964820,73.703430,74.000824,7478000
2019-10-02,73.634041,75.081344,72.335436,74.506393,8616000
2019-10-03,74.694742,76.151959,73.673700,75.993355,6058800
2019-10-04,76.221338,77.093682,74.783951,76.151947,5659300
2019-10-07,75.923955,76.845868,75.725697,75.963608,4222200
2019-10-08,75.091248,75.656291,74.000816,74.397339,6400000
2019-10-09,74.952458,75.239936,73.901678,74.070198,3628000
2019-10-10,74.635249,75.576984,74.506382,75.388641,6131900
2019-10-11,76.033003,77.133351,76.003265,76.449356,6525600
2019-10-14,76.389848,77.371244,75.745507,76.270897,4108400
2019-10-15,76.647616,78.392313,76.498919,78.174225,5513900
2019-10-16,78.114732,78.431949,77.747947,78.045341,5163200
2019-10-17,78.372474,79.165520,78.233692,78.917694,5131300
2019-10-18,78.838363,79.234886,77.163058,77.966019,7183500
2019-10-21,78.788828,79.651258,77.896653,79.393517,4389000
2019-10-22,80.900302,81.217519,79.740478,80.037865,5447100
2019-10-23,79.958556,80.840815,79.591771,79.730553,3463600
2019-10-24,80.018038,80.018038,79.016819,79.452995,3150300
2019-10-25,79.244828,80.959780,79.086216,80.642563,3356100
2019-10-28,80.890381,82.020467,80.632640,81.762733,3536300
2019-10-29,82.079955,82.079955,81.247256,81.504997,2687800
2019-10-30,81.614043,81.633866,80.563256,81.088654,2715500
2019-10-31,80.781338,81.247252,79.978385,80.920120,2960700
2019-11-01,81.366203,82.952287,80.920112,82.932465,4754900
2019-11-04,83.656114,83.814726,82.327771,82.416985,3201600
2019-11-05,82.179074,82.803592,81.653684,82.416985,2470800
2019-11-06,82.288129,82.367427,80.801173,81.009346,4734600
2019-11-07,81.475255,82.169165,81.068817,81.217514,3449200
2019-11-08,80.830913,83.408301,80.295608,83.229866,5247100
2019-11-11,83.021687,83.219945,82.377338,82.962212,2569800
2019-11-12,83.071272,83.834573,82.595443,83.239792,2761200
2019-11-13,82.783776,84.191425,82.298032,83.507423,4087300
2019-11-14,83.309168,83.646208,82.377340,82.942383,2899300
2019-11-15,83.309165,84.072466,83.001863,84.052643,3675500
2019-11-18,84.052647,84.468993,83.398383,84.290558,3552400
2019-11-19,84.885330,86.907590,84.885330,86.451591,7527700
2019-11-20,86.015424,87.264469,85.390906,86.729164,6320800
2019-11-21,86.996817,86.996817,85.926207,86.867943,5573800
2019-11-22,87.195077,87.542032,86.223604,87.373512,4416100
2019-11-25,88.711774,91.249516,88.622560,91.090904,9154400
2019-11-26,91.477509,91.705512,90.634902,91.229683,6168100
2019-11-27,91.596463,92.835593,91.299069,92.607590,7735400
2019-11-29,92.587768,93.162726,92.270551,92.835594,3555700
2019-12-02,92.954554,93.301516,90.882732,91.517166,10365300
2019-12-03,91.497337,93.053684,91.150375,92.865334,6579500
2019-12-04,93.172637,94.124288,92.171426,94.015244,4748200
2019-12-05,93.638542,93.698018,91.983067,92.468803,6370100
2019-12-06,93.132996,93.727785,92.776126,93.608826,3398800
2019-12-09,95.085851,95.591418,93.648463,93.707939,7002400
2019-12-10,93.658385,94.877684,93.271769,94.699249,4309100
2019-12-11,94.659595,95.313859,93.261860,93.450203,8035700
2019-12-12,93.450210,94.917343,93.301520,93.995430,4751400
2019-12-13,94.471255,95.769861,93.926035,94.530731,4165400
2019-12-16,95.323780,96.057343,94.679431,95.710388,3453300
2019-12-17,96.106885,96.156454,95.085844,95.650887,4589500
2019-12-18,95.819412,95.918540,94.183759,95.095757,5584300
2019-12-19,95.284114,95.700459,94.679418,95.591415,3133000
2019-12-20,95.760939,95.909638,95.106676,95.860069,3632800
2019-12-23,95.988921,96.970320,95.185952,96.861275,4060300
2019-12-24,96.891012,97.912064,96.484577,97.604759,1153000
2019-12-26,97.931912,97.931912,96.633293,96.762161,2765000
2019-12-27,97.128960,97.228090,95.027371,95.404068,4973200
2019-12-30,95.215716,95.622151,93.411525,93.936920,3368700
2019-12-31,93.738664,94.700240,93.252922,94.283890,3164700
2020-01-02,94.987718,95.195893,92.915875,93.857620,3588600
2020-01-03,92.400374,93.361949,91.894801,92.549072,5110600
2020-01-06,91.954294,93.391697,91.032372,93.352043,3364500
2020-01-07,93.669262,93.907182,92.172383,93.500740,3954800
2020-01-08,93.411530,95.156238,93.074480,94.779541,3088200
2020-01-09,95.443713,95.879893,94.591182,94.987709,6520300
2020-01-10,95.205806,95.959207,93.966664,94.006317,11780300
2020-01-13,93.332212,93.738646,91.280192,92.112892,10419000
2020-01-14,91.825411,95.057097,91.339669,94.819183,7717700
2020-01-15,94.858829,96.425099,94.710130,95.513092,6557900
2020-01-16,96.365639,96.682859,95.443716,96.236771,3768000
2020-01-17,96.791903,96.791903,95.007534,95.433800,5673200
2020-01-21,95.235524,95.483353,93.679162,93.887337,6122900
2020-01-22,94.323529,94.789448,93.490821,93.669258,3554100
2020-01-23,93.262813,93.401596,91.547837,92.449936,6133700
2020-01-24,92.915850,92.955495,89.297552,89.961731,7624600
2020-01-27,88.355810,90.050956,87.800677,89.327301,3689700
2020-01-28,90.397924,91.339669,89.961744,90.982796,3850700
2020-01-29,91.062110,91.448722,90.695321,90.774628,2936500
2020-01-30,90.209576,90.665579,88.692867,89.604874,4160900
2020-01-31,89.495822,89.495822,87.285196,88.345901,5762900
2020-02-03,89.129040,90.457397,88.920858,90.328529,4089600
2020-02-04,91.746102,93.183504,91.587488,92.905937,5239600
2020-02-05,94.105454,96.207043,93.927017,95.215729,6868500
2020-02-06,95.760930,95.830322,94.442481,95.314842,3795800
2020-02-07,94.918315,95.304927,94.095523,94.492050,2958500
2020-02-10,94.630834,96.068244,94.204569,96.038498,2494700
2020-02-11,96.553988,97.009992,95.661804,95.919548,2399600
2020-02-12,96.355722,97.178514,95.850157,97.158691,4269700
2020-02-13,96.484606,97.049654,95.998856,96.078163,3666200
2020-02-14,96.276419,96.692769,95.156230,96.246674,2051700
2020-02-18,95.998845,96.781984,95.394151,96.762161,2752700
2020-02-19,97.029824,97.902185,96.821649,97.495743,2440800
2020-02-20,97.148771,97.495729,95.096751,96.960419,3690700
2020-02-21,96.831549,96.980248,95.721275,96.415199,4399600
2020-02-24,93.510652,93.867526,91.835329,93.104210,8813700
2020-02-25,93.639523,93.857613,89.713920,90.278969,7990100
2020-02-26,90.962983,92.321079,89.674272,90.734978,6452300
2020-02-27,89.267842,90.853943,86.739988,86.809380,10562900
2020-02-28,84.013852,88.762246,84.013852,88.405373,10764400
2020-03-02,89.228184,92.003859,87.513207,91.894814,8288200
2020-03-03,91.448716,93.223169,88.038593,89.287651,8460800
2020-03-04,91.696551,93.619702,90.229402,93.480919,10439600
2020-03-05,91.309943,93.867535,90.933246,91.795685,5802000
2020-03-06,89.565219,91.022452,87.671813,89.317390,9473500
2020-03-09,82.635917,86.551604,81.912255,82.120430,11665800
2020-03-10,84.906043,84.975434,79.126680,84.360817,9086500
2020-03-11,81.793305,83.736279,77.956918,78.551704,10895800
2020-03-12,72.494778,75.082107,69.996670,70.165192,20729300
2020-03-13,74.289082,74.903692,66.864134,74.586472,16599800
2020-03-16,67.498563,70.888862,64.623758,65.377151,13169700
2020-03-17,66.487446,69.610087,63.097153,67.736504,18449100
2020-03-18,63.850529,68.965705,62.393293,65.743935,16231900
2020-03-19,65.159078,70.462607,64.673329,69.530769,13377900
2020-03-20,70.839286,72.960697,68.370917,68.519615,12810200
2020-03-23,68.698066,69.738941,65.506034,67.974403,10676100
2020-03-24,71.562947,73.793403,70.284151,73.585228,5766000
2020-03-25,74.189944,76.727714,72.792195,74.586472,12100600
2020-03-26,75.567886,78.571567,75.042483,77.550514,9423100
2020-03-27,75.706659,77.679372,74.903690,75.300217,4772700
2020-03-30,76.380750,77.431541,74.566644,77.352234,4056300
2020-03-31,77.937123,78.204775,75.300224,76.767372,5374500
2020-04-01,74.051160,75.885097,72.336190,72.623672,7690100
2020-04-02,72.058636,75.419191,71.751324,75.270493,8651300
2020-04-03,75.032563,75.964393,73.357240,74.209770,7802500
2020-04-06,77.322497,79.800782,77.114322,79.701653,7359500
2020-04-07,81.525643,82.437658,78.105614,78.105614,8867200
2020-04-08,79.523188,81.248072,78.502136,81.178680,6088700
2020-04-09,82.279065,83.458731,81.267928,82.705330,7880300
2020-04-13,82.616092,82.863921,81.158867,82.576447,7342500
2020-04-14,84.112980,86.184830,84.063419,85.877518,6761900
2020-04-15,83.775965,85.054761,83.052302,83.756134,5906300
2020-04-16,84.142729,86.065880,83.736294,86.016312,5719700
2020-04-17,89.029900,90.804352,88.286414,90.754791,8942800
2020-04-20,90.110460,95.988953,89.991499,94.135193,11300700
2020-04-21,92.886126,93.847702,90.100536,91.270287,6690100
2020-04-22,92.757240,93.679163,91.339661,93.014984,5414100
2020-04-23,94.026129,95.790667,92.618465,92.965424,5753200
2020-04-24,93.758473,96.425102,92.965419,96.167366,4682200
2020-04-27,98.011219,98.536614,96.454856,97.456078,5642500
2020-04-28,98.764604,98.923218,94.184738,94.442474,7041800
2020-04-29,96.534158,96.534158,94.026135,94.967888,10012100
2020-04-30,94.006306,94.878660,92.549073,92.578812,6361900
2020-05-01,90.705217,91.597401,88.673021,90.041039,6057200
2020-05-04,89.852702,94.660574,89.713919,94.601097,8885900
2020-05-05,96.306156,97.981471,95.969105,96.653114,6932100
2020-05-06,96.950503,98.625818,96.375539,97.138847,4843000
2020-05-07,98.516779,98.705131,96.762157,97.287552,5836000
2020-05-08,98.268966,99.408979,97.188437,98.705147,6717700
2020-05-11,98.268950,103.840137,98.140082,103.413872,6847700
2020-05-12,104.752147,106.130073,101.173503,101.183418,9060100
2020-05-13,101.807950,102.967793,96.365638,99.171059,10773500
2020-05-14,97.773299,99.190878,96.335897,98.259048,7412200
2020-05-15,97.991394,101.966566,97.198347,101.778214,7314400
2020-05-18,105.693894,106.358072,104.157354,104.742233,8197700
2020-05-19,104.365522,105.237883,101.619586,101.758369,5407000
2020-05-20,103.255273,104.702591,102.343259,104.702591,4285700
2020-05-21,104.682753,104.821537,102.273860,103.879791,6872400
2020-05-22,103.741012,105.257721,103.027264,105.128853,4501500
2020-05-26,107.071834,107.111487,102.432483,102.650574,9348900
2020-05-27,102.105349,102.769528,98.011225,102.680313,8723600
2020-05-28,102.402746,104.097892,101.381686,101.649345,5713400
2020-05-29,101.738547,102.898390,99.131394,102.660469,10936700
2020-06-01,102.353166,103.840136,101.916985,103.205696,5972200
2020-06-02,102.977686,104.801708,101.480808,104.633186,5332500
2020-06-03,104.791808,105.188335,103.027270,103.037186,5343300
2020-06-04,102.680300,104.018572,100.687757,101.193329,7333400
2020-06-05,102.144989,103.522915,100.360621,102.016121,5777800
2020-06-08,102.571278,104.078072,101.381696,103.899635,4876700
2020-06-09,103.304819,105.128840,103.195773,103.721169,3990400
2020-06-10,104.335794,105.158586,103.205696,103.850052,5125000
2020-06-11,101.986393,102.382921,98.011229,98.110359,13420600
2020-06-12,100.271405,101.104105,96.306149,99.359398,9701100
2020-06-15,98.189654,102.491953,97.614690,102.164818,7261600
2020-06-16,104.355630,104.534067,101.114036,103.741020,9488200
2020-06-17,104.246578,105.059455,103.483262,103.820312,8146600
2020-06-18,103.255272,105.614597,103.166050,104.930588,3280700
2020-06-19,105.723638,107.934264,104.950414,107.904526,6571700
2020-06-22,108.407211,111.222986,106.781202,111.074265,12754700
2020-06-23,112.184699,114.782343,112.125206,112.779579,8875200
2020-06-24,112.105377,114.286605,108.912846,110.469452,7459700
2020-06-25,110.142288,113.612430,109.775449,113.196014,10177500
2020-06-26,112.779574,113.176163,108.972338,109.477982,8764200
2020-06-29,109.983653,111.024698,107.504981,109.458176,4978100
2020-06-30,109.091316,111.252718,108.387374,110.994934,7650700
2020-07-01,111.361776,112.392905,110.172017,111.510498,6695900
2020-07-02,112.848969,113.305044,110.994920,111.926903,5050200
2020-07-06,113.552938,113.552938,111.817868,111.956673,3689100
2020-07-07,112.095474,115.942379,111.917010,114.058586,5239600
2020-07-08,114.861669,115.912632,113.642167,115.773819,4587800
2020-07-09,116.180323,116.854523,113.285236,115.109535,3510300
2020-07-10,115.010379,115.932445,113.424030,113.939590,3112700
2020-07-13,114.613797,117.350253,110.747067,110.994934,7351800
2020-07-14,111.203141,113.850361,108.853357,113.820618,6686200
2020-07-15,115.793649,116.963583,114.237043,116.239807,8256000
2020-07-16,115.535864,115.763906,113.582670,115.307831,5013400
2020-07-17,115.357395,118.569752,115.188847,117.727005,9421000
2020-07-20,118.936602,119.937988,117.251108,119.333191,5399600
2020-07-21,119.967719,120.027204,116.448002,116.854507,4847300
2020-07-22,116.685972,117.023068,115.287997,116.289383,4937000
2020-07-23,116.150569,117.449391,112.829150,113.939590,5053100
2020-07-24,112.779566,113.027434,110.043111,111.272537,6956800
2020-07-27,111.966577,114.435333,111.480760,114.157722,4355200
2020-07-28,114.068490,114.474988,111.123826,111.242798,3047200
2020-07-29,111.788116,112.293767,109.130979,109.438332,6363100
2020-07-30,108.486513,111.778189,108.347708,111.004845,3750700
2020-07-31,111.391510,111.441087,106.771270,108.397278,5882200
2020-08-03,109.061572,113.116676,108.902933,112.948128,5693600
2020-08-04,112.630840,113.086915,110.955263,112.601097,3366600
2020-08-05,113.979260,114.524571,112.303676,113.414124,3760900
2020-08-06,113.711555,114.494817,111.966568,112.839058,2930700
2020-08-07,112.571372,114.554310,112.125207,112.948128,3643900
2020-08-10,113.671902,113.671902,111.976491,112.938217,2948300
2020-08-11,112.789484,112.898546,108.119667,108.446846,6042700
2020-08-12,108.774051,109.279702,107.267021,108.793884,5261600
2020-08-13,108.873207,110.905721,108.863298,110.291008,3047000
2020-08-14,110.469450,110.667749,108.664977,109.259857,2390600
2020-08-17,109.477991,113.324895,109.101235,113.086937,5189800
2020-08-18,113.404213,113.612420,110.756993,112.095474,3482300
2020-08-19,112.333429,113.215836,111.421272,111.907097,3664400
2020-08-20,111.232903,112.095476,110.846230,111.887268,4427700
2020-08-21,111.351880,111.907107,109.557323,110.509132,3613600
2020-08-24,111.094092,111.104002,107.267022,107.871819,6701200
2020-08-25,107.633844,109.636615,106.116898,109.170624,4599300
2020-08-26,109.061579,109.547397,107.604118,107.822243,2921200
2020-08-27,107.961032,108.218816,105.859116,106.949738,4445800
2020-08-28,107.197618,108.476614,106.424266,107.861900,4078300
2020-08-31,109.180555,111.391527,108.714564,110.856133,5551000
2020-09-01,110.360383,110.994922,108.337786,108.625313,4828100
2020-09-02,108.853365,109.834917,107.128212,109.686195,3314400
2020-09-03,109.378841,109.517646,105.135356,105.591431,6603500
2020-09-04,105.274161,105.938443,99.781423,104.391754,8924000
2020-09-08,102.041972,105.383224,101.288461,102.983871,4916400
2020-09-09,103.677888,105.819464,103.667971,105.264236,3952700
2020-09-10,105.284076,107.118292,103.479603,103.618408,5425700
2020-09-11,104.114148,105.531949,102.319584,103.549011,5115700
2020-09-14,107.326505,110.875965,107.088555,110.687584,9279700
2020-09-15,111.788108,112.789494,111.193228,111.728622,6260300
2020-09-16,112.422655,115.644929,112.145045,114.177559,6758400
2020-09-17,112.720096,114.822006,112.323507,113.999092,3658300
2020-09-18,114.613805,115.337581,112.194626,115.248344,5984200
2020-09-21,113.669708,113.679632,110.077845,111.159370,7177300
2020-09-22,111.337963,111.963064,108.549803,111.844002,4779400
2020-09-23,111.843998,112.171435,108.123141,108.301743,6110500
2020-09-24,107.230148,108.609346,105.067090,107.230148,6436800
2020-09-25,107.200368,110.157204,106.882855,109.948837,4578800
2020-09-28,110.881545,110.980767,109.016158,110.077843,3085500
2020-09-29,109.909165,111.466964,109.244374,110.822021,2619800
2020-09-30,110.851788,112.350056,109.601578,110.564041,3153800
2020-10-01,111.089914,112.062301,110.236597,111.953156,3821900
2020-10-02,110.216748,112.181356,108.966538,109.502342,3798600
2020-10-05,111.040296,115.118348,111.040296,114.909981,4433200
2020-10-06,115.118355,116.408255,113.550639,113.997139,3270600
2020-10-07,115.148132,118.184349,114.870301,117.648544,3759900
2020-10-08,119.017815,119.017815,117.251650,118.224037,2733800
2020-10-09,118.670533,119.573465,117.946210,119.315483,2551500
2020-10-12,120.367247,120.466476,118.868988,119.613159,1997400
2020-10-13,118.859054,121.865505,118.859054,121.250320,2131900
2020-10-14,121.498392,121.825830,118.819378,119.007904,2947400
2020-10-15,117.598928,119.553620,116.676155,119.236107,3477300
2020-10-16,119.791763,121.369403,119.226193,119.682617,5106800
2020-10-19,120.496241,120.734374,116.953986,117.370720,3700000
2020-10-20,118.134715,118.283551,115.316790,115.812904,4163900
2020-10-21,115.644246,116.338803,112.955300,113.064445,4274800
2020-10-22,113.411735,116.408263,113.411735,116.130440,4510900
2020-10-23,116.636463,116.914286,115.197727,116.715836,2831600
2020-10-26,115.435872,116.953988,113.332352,115.148132,3460700
2020-10-27,115.336641,117.063124,114.463482,116.517395,3019900
2020-10-28,114.532952,114.691705,112.568336,113.312508,4113800
2020-10-29,113.183512,115.128279,111.824156,114.314651,4365200
2020-10-30,113.401800,114.324573,110.673171,111.893608,5482400
2020-11-02,112.637786,112.866002,109.214600,111.883698,4524200
2020-11-03,112.578254,115.892302,112.042450,114.919914,7874800
2020-11-04,117.747762,123.254634,116.725768,121.994499,12303000
2020-11-05,123.006576,125.020799,120.099346,121.885353,6461900
2020-11-06,121.002260,121.002260,118.164486,118.938431,5013000
2020-11-09,123.105806,123.512623,119.057511,119.434563,5662500
2020-11-10,119.434552,121.468616,117.936285,121.012192,7954600
2020-11-11,121.964728,122.698982,120.615296,122.698982,3051700
2020-11-12,122.748599,124.544530,121.647225,122.768448,4938300
2020-11-13,123.453068,124.693354,123.066100,124.068253,3755900
2020-11-16,125.536763,125.764979,123.463009,124.663605,6735400
2020-11-17,124.405612,125.755043,122.520383,125.755043,3989800
2020-11-18,125.933647,126.816730,123.105797,123.373695,7321000
2020-11-19,123.859890,124.901725,123.284395,124.098022,3159700
2020-11-20,123.651523,125.606207,122.698985,125.060486,6205600
2020-11-23,126.350374,126.409912,124.286544,125.506981,3767100
2020-11-24,125.963405,126.687735,124.663588,125.080322,2166600
2020-11-25,125.080346,126.449627,125.030739,125.834442,1934400
2020-11-27,126.737369,130.517750,126.489312,130.438385,2367300
2020-11-30,131.509966,132.591507,128.751572,132.164841,4532400
2020-12-01,133.831771,134.982744,131.708402,131.906845,6194100
2020-12-02,131.251984,132.164833,129.823173,131.787796,3763500
2020-12-03,132.095390,133.385275,131.470281,132.680801,5053900
2020-12-04,133.464687,135.468993,132.849510,135.141556,3602100
2020-12-07,136.520704,138.673838,135.647554,136.401642,4162000
2020-12-08,136.173429,139.249328,135.796377,139.031036,2086700
2020-12-09,139.924059,140.896439,134.228663,136.213120,5363700
2020-12-10,135.826155,141.501703,135.796389,141.243729,5253000
2020-12-11,140.767467,142.871002,139.447801,141.164368,2842200
2020-12-14,143.803687,148.754913,143.605244,144.914993,6209400
2020-12-15,146.949057,147.068120,142.404649,145.182892,3336400
2020-12-16,145.262245,145.341625,142.196263,143.396866,3572300
2020-12-17,143.883061,145.659158,143.079358,145.510315,2822400
2020-12-18,146.383472,147.296320,144.835597,146.403320,5224900
2020-12-21,144.621127,149.290167,144.243625,148.863007,6078700
2020-12-22,150.164399,151.694249,148.664335,150.134598,6020400
2020-12-23,151.088271,151.088271,147.283495,150.144531,4707000
2020-12-24,150.641211,151.634624,148.555037,149.021942,1881200
2020-12-28,150.104768,150.561730,145.405912,145.495331,4285300
2020-12-29,146.031786,146.121189,139.892498,141.233597,12806100
2020-12-30,141.770055,144.680750,141.770055,143.131027,5547400
2020-12-31,143.131020,143.587982,139.306372,139.852753,5538000
2021-01-04,140.707079,141.581288,137.995065,140.021622,7149300
2021-01-05,139.276564,140.299779,138.521575,139.524918,4499400
2021-01-06,138.918962,144.293334,138.531532,142.376053,6561500
2021-01-07,143.965496,148.386184,143.270110,148.227249,4321300
2021-01-08,148.167608,151.118047,145.544997,148.555038,4230700
2021-01-11,147.591428,148.515295,144.789995,147.084778,3263600
2021-01-12,147.710676,149.290200,146.687462,148.366333,3798100
2021-01-13,148.564956,149.846453,147.323190,147.591415,2706800
2021-01-14,148.257044,152.578383,148.207370,152.419434,6157200
2021-01-15,152.022077,154.803638,149.627947,150.730637,4133500
2021-01-19,152.538654,154.038703,152.131350,153.204239,7030800
2021-01-20,154.078450,155.638101,152.707534,153.114838,4200300
2021-01-21,153.750606,154.207567,149.041820,149.786880,3794400
2021-01-22,148.972280,152.290277,147.829845,151.555145,5285900
2021-01-25,152.369752,156.124853,150.392853,156.104980,5189800
2021-01-26,157.158006,157.803734,152.697589,153.363174,5527400
2021-01-27,151.306819,157.982559,147.899418,151.296890,8656500
2021-01-28,152.379678,154.674461,149.608062,150.641205,5291400
2021-01-29,152.608178,156.005651,149.280252,151.873062,5690800
2021-02-01,155.290427,159.015728,153.750633,158.568680,7303100
2021-02-02,160.664746,162.423092,157.108324,162.164810,8511000
2021-02-03,161.598577,163.426455,159.502474,160.009125,5313900
2021-02-04,160.923045,162.800596,159.532257,161.697906,2492400
2021-02-05,162.880100,166.406706,161.697935,165.681519,4879600
2021-02-08,167.489526,172.913556,166.208014,172.844025,5060300
2021-02-09,173.052642,173.638752,170.201550,170.728058,3633100
2021-02-10,172.009526,173.340711,164.429792,166.903381,4936100
2021-02-11,168.492864,168.492864,162.959544,164.737762,4500900
2021-02-12,164.211242,165.284131,162.115139,163.237701,4419200
2021-02-16,164.340396,164.400014,158.360058,159.105118,6552300
2021-02-17,158.350094,159.969363,155.469202,159.661407,6923000
2021-02-18,157.754081,158.101767,154.287062,155.508957,6692800
2021-02-19,156.710995,160.436296,156.383167,158.022308,5577000
2021-02-22,157.823593,158.300443,152.965802,153.273758,5990700
2021-02-23,150.551822,151.962467,143.637657,149.836563,12531900
2021-02-24,149.757086,153.740669,148.843147,152.091614,6813600
2021-02-25,151.982340,153.780416,145.217181,145.912582,7834200
2021-02-26,146.717252,149.449139,142.564775,147.025208,6634900
2021-03-01,149.180927,151.277031,148.833242,150.601517,3966700
2021-03-02,150.273652,150.363056,145.544995,145.882767,3777600
2021-03-03,144.740320,145.862882,138.928861,139.018265,9597000
2021-03-04,138.760002,140.538221,132.193553,134.537994,15444700
2021-03-05,136.405612,137.935478,127.594039,137.856003,13041300
2021-03-08,138.879193,140.736871,133.425348,134.041260,8519500
2021-03-09,136.316207,141.938932,136.276462,140.269989,8820300
2021-03-10,142.862812,145.276815,139.733565,140.548157,6405200
2021-03-11,143.538328,146.250343,142.862799,145.982117,7855800
2021-03-12,144.948959,145.723820,142.584630,145.544998,4345100
2021-03-15,145.922532,147.541802,144.621163,147.243774,3337600
2021-03-16,147.780184,148.257034,142.286609,144.929092,5395500
2021-03-17,142.813116,147.531830,141.511746,146.558289,6603400
2021-03-18,144.323079,145.743668,139.256665,139.564636,7479200
2021-03-19,140.130904,144.253579,140.071302,144.114502,10790500
2021-03-22,144.780280,147.453302,144.134389,146.191315,6175100
2021-03-23,144.869685,145.058488,136.840704,137.665451,9517200
2021-03-24,139.245433,139.245433,130.401605,130.590408,11067500
2021-03-25,128.752094,134.545279,127.867698,134.356491,12227600
2021-03-26,134.525409,134.992443,128.811706,132.220047,10116300
2021-03-29,131.792789,132.230014,128.145958,128.543427,7739400
2021-03-30,127.688844,130.997825,125.462986,129.288681,7355300
2021-03-31,130.719606,135.648288,130.351932,134.793716,10260200
2021-04-01,136.492912,138.927443,135.101756,136.164993,6998200
2021-04-05,138.023198,138.480301,136.045769,137.754913,5051500
2021-04-06,137.546237,138.221952,133.809977,134.147827,4215500
2021-04-07,134.406173,134.565166,130.640104,130.918335,4229000
2021-04-08,132.001454,133.660911,130.868651,131.733170,6434900
2021-04-09,132.090879,132.090879,128.374497,128.811722,7845700
2021-04-12,129.109819,129.139643,125.294062,126.248009,8415000
2021-04-13,127.152245,128.205559,125.303986,128.096252,6589900
2021-04-14,128.861407,133.700676,128.394387,131.484756,7195400
2021-04-15,132.875865,134.565131,132.249837,132.637375,7921600
2021-04-16,133.700652,133.710583,129.199249,130.719589,7098800
2021-04-19,129.606660,131.305873,126.804469,127.907463,5700100
2021-04-20,127.688852,129.318499,125.105266,127.480171,7161800
2021-04-21,127.380795,132.071000,126.257923,131.931885,5653700
2021-04-22,131.594038,136.204763,129.984269,133.690720,12501900
2021-04-23,133.968962,135.042131,132.965328,133.452240,5155400
2021-04-26,133.452237,138.579668,133.362809,138.082825,9385000
2021-04-27,139.046678,139.871440,137.337549,138.470352,7631200
2021-04-28,137.874144,139.990703,136.393544,138.808212,6214000
2021-04-29,139.831704,139.871445,135.588654,137.188492,6163600
2021-04-30,135.936455,138.400796,135.360115,135.757584,5559000
2021-05-03,137.059322,137.327622,133.998778,134.137894,4938900
2021-05-04,133.362804,133.392614,128.334733,128.990570,10383900
2021-05-05,129.944532,130.202886,125.949904,126.814415,5414400
2021-05-06,126.138708,126.248015,122.114270,124.896599,14733900
2021-05-07,126.327490,128.344682,125.820714,126.933640,7463500
2021-05-10,126.516298,126.536168,122.124200,122.312996,7508300
2021-05-11,118.318368,125.691528,117.483675,124.310303,10469400
2021-05-12,122.760161,126.665354,122.253379,123.336502,9739500
2021-05-13,124.578612,125.313939,119.222637,121.706856,9109100
2021-05-14,122.621043,128.066454,122.064573,126.118820,8261900
2021-05-17,125.651794,127.082706,124.439501,125.830658,7835800
2021-05-18,126.466610,129.497368,125.641855,126.377182,6302600
2021-05-19,124.210942,125.820719,123.048330,124.161255,6247300
2021-05-20,124.976084,127.668976,123.853220,126.764725,4918500
2021-05-21,127.937287,128.235396,125.830666,125.870415,5244400
2021-05-24,126.734897,127.172122,124.300358,125.045624,4975100
2021-05-25,125.462984,126.287739,123.396112,123.475609,5403400
2021-05-26,123.853215,126.297685,123.594854,126.158569,4465200
2021-05-27,126.933634,127.877642,125.522600,127.778267,4102700
2021-05-28,128.165809,130.471171,126.893890,127.291374,6459400
2021-06-01,127.907462,127.907462,125.164882,125.651787,5179000
2021-06-02,126.416928,127.142315,124.697845,126.436798,5226100
2021-06-03,125.949885,126.675280,124.290428,125.959824,4886000
2021-06-04,126.307613,127.350988,125.621966,125.959824,4303800
2021-06-07,126.456662,133.114372,126.079056,131.772888,15591000
2021-06-08,132.836136,133.869579,129.000517,132.617538,7540600
2021-06-09,133.154140,135.350196,132.836153,133.859665,7129900
2021-06-10,133.700685,135.568807,132.508262,135.230957,5077400
2021-06-11,135.499248,135.588677,133.491995,134.972595,4139000
2021-06-14,135.240874,136.850643,135.032193,135.817200,3745000
2021-06-15,135.916582,135.916582,131.762975,132.587723,4379500
2021-06-16,132.249860,133.631085,129.636473,132.746704,7164300
2021-06-17,132.180307,134.485654,131.504592,133.531723,4056400
2021-06-18,132.080933,133.283302,130.908389,132.736771,5837100
2021-06-21,133.084561,134.426045,131.355554,133.939133,5111700
2021-06-22,133.780182,134.038535,131.057472,132.836166,4485000
2021-06-23,132.438661,134.207424,131.743083,133.462158,4142400
2021-06-24,134.356513,136.562486,134.267070,136.423370,5967900
2021-06-25,136.820825,137.903940,135.648266,137.804565,8477600
2021-06-28,139.791935,140.606766,136.651894,136.979813,6027300
2021-06-29,137.039448,137.585979,134.694345,134.883148,5204100
2021-06-30,134.614838,136.373669,132.657273,134.545273,5367700
2021-07-01,135.081893,137.625730,134.147824,137.615799,5590200
2021-07-02,137.566099,137.725092,134.883145,135.668152,3533600
2021-07-06,135.777454,136.304107,132.498282,132.746704,6243800
2021-07-07,132.955390,133.442287,128.901143,130.520859,6551800
2021-07-08,127.649127,131.762994,127.430515,131.077347,6172600
2021-07-09,131.693396,133.183927,130.361858,132.955383,3781800
2021-07-12,133.054759,133.790093,130.818962,130.997833,3210300
2021-07-13,130.500988,130.908403,128.632850,128.811722,5558600
2021-07-14,129.248941,129.348300,125.025761,125.154938,8016200
2021-07-15,124.995957,125.930026,122.889337,125.145012,5935700
2021-07-16,125.701475,126.993271,124.191073,125.145012,4536400
2021-07-19,123.565041,127.112505,123.157633,125.343742,4617900
2021-07-20,125.353689,128.265194,124.747539,128.245316,4268600
2021-07-21,128.245305,129.676217,126.536161,129.427795,3951000
2021-07-22,128.712351,129.417876,126.933649,127.162201,4268600
2021-07-23,127.341042,127.758404,124.677967,125.711403,4194600
2021-07-26,125.572297,126.665352,123.366309,123.435867,5054300
2021-07-27,123.217247,123.704152,119.858587,122.203690,8602400
2021-07-28,122.521675,127.033010,122.521675,126.476547,6516600
2021-07-29,127.092638,127.758414,124.250691,124.379868,4917000
2021-07-30,123.425927,125.005894,122.283185,122.630981,4390600
2021-08-02,123.445799,124.598473,122.889329,123.147690,4167800
2021-08-03,123.773713,124.032074,121.627352,124.032074,3767900
2021-08-04,123.415996,126.506365,123.376255,124.012215,5945600
2021-08-05,124.210940,128.841528,123.604790,128.722275,5619200
2021-08-06,128.314885,128.314885,125.582237,126.486496,4674100
2021-08-09,126.297682,128.116124,125.741219,126.724968,4894400
2021-08-10,127.549740,127.887590,124.906527,125.681610,4159300
2021-08-11,125.552415,125.830646,123.505421,124.866776,4663900
2021-08-12,124.677965,126.456666,124.220869,125.989632,4011900
2021-08-13,126.108866,126.615641,123.793572,123.833321,3932800
2021-08-16,123.435871,123.594857,120.683352,121.021210,5176500
2021-08-17,120.067265,123.038389,119.073578,122.919144,5030300
2021-08-18,122.948959,123.634598,120.812529,120.842339,3637600
2021-08-19,119.818834,120.772773,117.742023,117.940765,5558600
2021-08-20,118.387924,122.104313,117.751964,121.359047,5939000
2021-08-23,123.088074,127.042946,122.869461,126.933640,8385700
2021-08-24,127.033024,127.062841,125.055588,126.943596,4274300
2021-08-25,126.556055,129.070084,125.651796,128.344696,5395700
2021-08-26,128.086328,130.222766,127.192016,127.768356,5666100
2021-08-27,128.215486,132.150495,127.659024,131.196548,6466600
2021-08-30,131.812638,132.756653,130.262488,130.799088,4893700
2021-08-31,130.669942,132.746746,130.669942,132.001480,3680100
2021-09-01,132.279691,134.426060,131.931909,134.227325,3888100
2021-09-02,134.475730,135.747649,134.058383,135.668152,3158500
2021-09-03,135.141513,135.141513,132.369132,133.342941,5092000
2021-09-07,133.392600,134.962628,131.703320,132.627457,4519900
2021-09-08,132.836155,133.015027,130.173079,131.474808,4325800
2021-09-09,131.047529,133.899408,130.729542,131.981598,5367800
2021-09-10,132.448585,132.587701,130.262476,130.888504,3750000
2021-09-13,131.176655,132.428711,128.394343,130.252533,4970200
2021-09-14,130.620229,131.454923,127.957154,128.175766,3720800
2021-09-15,128.404290,130.371787,127.917378,129.606644,3543300
2021-09-16,129.606671,130.361884,127.887596,130.173080,2794700
2021-09-17,130.282353,132.547959,128.742134,132.041183,6551100
2021-09-20,129.527172,130.908397,126.327489,127.947197,7072700
2021-09-21,128.205564,130.669905,128.185686,129.427795,4340700
2021-09-22,130.063741,131.007740,128.642775,129.795441,2688500
2021-09-23,130.153192,132.349249,129.656349,132.230011,3148900
2021-09-24,131.097178,131.663587,129.338362,129.547028,4252900
2021-09-27,129.557006,131.912041,128.791862,131.077347,4715500
2021-09-28,129.884900,130.063757,126.844211,126.933640,4959400
2021-09-29,127.688846,128.225430,124.509049,124.836960,4540300
2021-09-30,125.383492,126.635541,124.856839,124.916458,4949400
2021-10-01,125.363611,125.780958,121.726712,125.373543,8160600
2021-10-04,124.419605,124.648157,122.024822,122.442169,4099300
2021-10-05,123.068193,124.518975,121.945329,122.819771,3987600
2021-10-06,121.786343,122.839657,120.991398,121.518051,4261000
2021-10-07,122.114250,124.449414,121.547848,123.127815,4035100
2021-10-08,123.803524,124.280497,121.995013,122.660789,2860100
2021-10-11,122.432240,124.717724,122.114260,123.286812,3349200
2021-10-12,123.555103,124.936335,123.495484,123.823402,3440600
2021-10-13,124.210940,125.154940,123.207313,124.220879,3201400
2021-10-14,125.562372,127.251638,125.035719,126.297699,4004100
2021-10-15,127.440416,127.470225,124.111564,124.290428,4530600
2021-10-18,123.336493,123.704152,121.468356,121.696907,6325300
2021-10-19,122.422288,124.240738,122.104308,122.899261,4899500
2021-10-20,123.078129,124.220871,122.183809,122.481918,2900600
2021-10-21,122.452116,124.121511,122.452116,123.058258,2678000
2021-10-22,122.889328,123.475607,121.190123,123.396111,6441700
2021-10-25,123.296741,124.280490,122.491849,123.604782,4376400
2021-10-26,124.350052,125.453046,123.098004,123.227188,4662100
2021-10-27,122.939018,123.545168,121.289493,121.448486,5205900
2021-10-28,121.855888,125.433169,121.448480,125.373543,8976800
2021-10-29,124.926392,126.009508,123.773711,124.022133,5094800
2021-11-01,124.399753,128.831591,124.171202,128.771973,7144500
2021-11-02,128.801795,130.590436,126.903855,130.431442,6563100
2021-11-03,130.232716,133.581439,129.388090,133.303207,7042900
2021-11-04,132.776526,133.939138,131.077329,132.369125,6299700
2021-11-05,131.405249,132.488365,128.980649,130.491058,8646700
2021-11-08,130.799098,131.633792,129.209191,129.686157,4292500
2021-11-09,129.298616,129.576847,127.201935,127.818031,6167500
2021-11-10,127.142309,129.348297,125.005887,125.393425,7136200
2021-11-11,125.800835,126.814401,125.095318,125.512665,3792900
2021-11-12,126.098939,126.357300,124.459353,125.741211,4247400
2021-11-15,126.138698,126.337433,122.789969,123.107948,6208500
2021-11-16,123.048322,124.002261,121.965198,123.724030,5473400
2021-11-17,123.545163,123.962510,122.004945,122.153999,5894400
2021-11-18,123.535229,123.922766,121.080819,121.448486,9026300
2021-11-19,121.259674,122.432225,120.623715,121.150368,6297300
2021-11-22,121.885715,121.885715,118.358121,118.527046,6991900
2021-11-23,118.308424,118.845016,114.671532,118.626404,12926800
2021-11-24,117.751957,119.739332,116.539657,119.292175,5775700
2021-11-26,118.546928,119.769160,114.284008,116.042831,7779400
2021-11-29,118.099761,118.695972,114.115072,114.323753,7826100
2021-11-30,113.697721,115.933518,111.899149,115.536041,12705700
2021-12-01,116.271364,117.513474,111.312859,111.422165,9952200
2021-12-02,111.293002,114.224377,110.448369,113.846779,8127400
2021-12-03,114.472783,114.472783,108.023754,108.838577,14164100
2021-12-06,108.500745,109.822344,106.245070,108.888283,10917500
2021-12-07,110.994907,116.152148,110.994907,114.313828,12772900
2021-12-08,114.770909,116.400556,113.012085,115.953400,9950100
2021-12-09,115.327368,116.032885,110.845843,111.074387,8398700
2021-12-10,111.730222,112.604665,108.818718,109.216194,7918000
2021-12-13,109.802461,111.640782,107.725658,110.100571,9148900
2021-12-14,108.580241,109.931656,106.900914,108.083397,11527600
2021-12-15,108.391434,112.942525,106.205317,112.674225,16049400
2021-12-16,113.489044,113.757344,108.778968,109.643471,16622800
2021-12-17,108.709420,115.824219,108.351692,114.880219,17272000
2021-12-20,113.797080,116.370734,111.442045,115.059067,17397400
2021-12-21,115.327364,115.913644,113.667908,115.844086,10794500
2021-12-22,114.711293,116.420437,113.220761,115.784470,11493100
2021-12-23,115.695053,118.457504,114.910039,117.473755,10137500
2021-12-27,116.639042,116.827845,114.224381,114.442993,7124600
2021-12-28,114.164749,116.768213,112.316490,112.495354,7311000
2021-12-29,112.097886,112.803403,110.905464,112.028328,8392500
2021-12-30,111.829584,115.049129,111.442046,112.525162,10186600
2021-12-31,112.644422,114.204511,111.084333,111.253258,7066400
2022-01-03,111.889219,114.830534,109.653422,114.711296,8180600
2022-01-04,114.403242,114.910025,109.544111,110.657043,12518100
2022-01-05,110.448363,111.581166,104.416680,104.565735,17299100
2022-01-06,104.794288,106.503431,101.813225,104.535927,11808500
2022-01-07,104.516052,106.722040,102.131201,102.339874,11708400
2022-01-10,101.385921,102.548533,99.418424,102.488914,19260500
2022-01-11,102.240512,104.386881,100.998403,103.234200,11792500
2022-01-12,103.731035,104.039075,99.835782,99.964958,11990200
2022-01-13,100.054414,101.058033,97.123031,97.480759,14518800
2022-01-14,96.298264,100.054402,95.165453,99.855659,18307300
2022-01-18,98.176329,98.345254,93.615299,93.923340,19901000
2022-01-19,94.430131,96.367826,92.780613,92.909790,16458400
2022-01-20,94.072404,96.318140,91.081409,91.389450,15863800
2022-01-21,90.614366,92.671299,89.302699,89.461685,21247000
2022-01-24,87.444493,92.015454,84.771472,91.528549,24123000
2022-01-25,90.127454,92.522244,88.328882,90.803162,18764500
2022-01-26,92.234074,95.016402,88.607113,89.024460,19190600
2022-01-27,90.316267,91.091342,84.860924,84.970230,15297200
2022-01-28,85.019888,88.179814,83.360432,88.020828,15047300
2022-01-31,88.279196,93.019089,88.120210,92.840225,12783600
2022-02-01,93.426500,94.996528,91.300009,94.340698,13146800
2022-02-02,94.310892,94.390381,90.793237,91.270203,11750300
2022-02-03,89.680296,91.508678,88.607112,88.875412,13122200
2022-02-04,88.557432,91.071460,87.871785,90.216888,11088100
2022-02-07,90.256632,93.585484,90.256632,92.661354,14329300
2022-02-08,92.393073,92.850169,90.296392,92.353325,11722300
2022-02-09,93.486123,96.834845,93.217823,96.646049,16571600
2022-02-10,94.291004,98.534054,92.522242,93.764351,21113000
2022-02-11,94.201578,96.218763,91.776978,92.760727,18381900
2022-02-14,92.760718,93.496044,90.882649,91.230438,12490900
2022-02-15,92.730923,95.364196,92.611678,95.036278,11219600
2022-02-16,94.032643,94.708351,92.432805,94.052521,12218900
2022-02-17,92.989294,93.446389,89.640564,90.038040,12283000
2022-02-18,89.571003,91.091344,88.060601,88.825737,11517800
2022-02-22,87.663106,90.107576,87.404745,88.120201,12712000
2022-02-23,88.299064,88.736289,84.463430,84.562798,13611600
2022-02-24,81.194204,88.607112,81.194204,88.438187,21651200
2022-02-25,88.497812,89.233147,86.421009,89.233147,13228400
2022-02-28,88.249389,90.763417,87.841981,89.262955,14049000
2022-03-01,89.193395,90.783293,87.792292,88.527618,13447200
2022-03-02,88.646851,89.600790,87.504109,88.756157,8616100
2022-03-03,89.153648,89.402070,85.238516,86.103027,13351400
2022-03-04,85.099398,86.619739,83.052405,83.370384,14854800
2022-03-07,83.330637,84.950345,82.893412,83.231270,13242300
2022-03-08,82.972904,86.500497,81.422754,83.787727,14786800
2022-03-09,85.457129,88.378573,85.218646,87.881729,12568500
2022-03-10,86.758853,87.543867,85.675737,87.424629,9797200
2022-03-11,87.921478,88.468002,83.946728,84.075905,10773900
2022-03-14,84.135524,84.751613,79.832855,80.558250,17167200
2022-03-15,80.856357,81.889793,80.011716,81.740738,11277200
2022-03-16,83.052410,85.745302,81.850049,85.645935,11811400
2022-03-17,85.188842,89.143714,84.572753,88.994659,11201200
2022-03-18,88.756171,92.194328,88.497810,91.578247,14491300
2022-03-21,91.111213,91.270199,87.901599,88.458061,12897100
2022-03-22,88.636928,91.896230,88.309017,91.627930,10096600
2022-03-23,90.783294,92.502369,89.292763,89.292763,10564200
2022-03-24,89.938656,91.359629,88.448125,91.190697,9739100
2022-03-25,91.190698,91.240385,88.785976,89.054276,8676300
2022-03-28,88.964843,90.654117,87.225890,89.143707,10342800
2022-03-29,90.375879,93.317201,90.187084,92.959473,13391200
2022-03-30,92.810413,93.963087,89.769724,90.107582,12124100
2022-03-31,90.485181,91.458998,89.302698,89.312630,8287400
2022-04-01,89.809470,92.870030,89.630606,92.671295,10971000
2022-04-04,93.048905,95.682179,92.750796,95.483437,12653600
2022-04-05,95.453613,96.576485,92.363245,92.661354,15294600
2022-04-06,91.349696,93.764357,90.703797,92.740860,13644000
2022-04-07,92.432807,93.595427,90.445432,91.846535,10320300
2022-04-08,91.190711,92.045283,89.501445,89.769737,13225600
2022-04-11,88.577302,89.113894,86.411063,86.768791,12835200
2022-04-12,87.643228,89.342441,85.685671,86.599861,13785100
2022-04-13,86.917836,90.346054,86.838339,89.839279,17147300
2022-04-14,89.282822,89.580931,87.027155,87.215950,10950700
2022-04-18,86.818469,86.907897,82.724474,83.062325,17419900
2022-04-19,83.121964,85.318012,82.297201,84.065964,11876000
2022-04-20,84.413754,85.079531,82.565495,84.254768,9212900
2022-04-21,84.900664,85.675739,80.429070,80.647682,15371100
2022-04-22,80.240258,81.522115,79.157142,79.335999,13859300
2022-04-25,78.829226,81.283636,78.660301,81.055084,13657700
2022-04-26,80.160774,80.955727,76.086657,76.205902,19188100
2022-04-27,76.275467,77.607005,75.152595,75.440765,21570300
2022-04-28,76.573572,76.762375,72.121855,75.709068,20320900
2022-04-29,75.261900,77.428139,73.175157,73.363960,13947700
2022-05-02,73.075773,76.464244,73.016155,76.295319,15625900
2022-05-03,76.295333,77.626879,75.311585,76.364891,10767900
2022-05-04,76.513941,78.451629,73.045974,78.083969,19159300
2022-05-05,77.169774,77.428127,72.052282,73.383820,18579200
2022-05-06,72.449767,72.678311,69.190465,69.687309,22560500
2022-05-09,68.544569,69.170589,63.655621,63.963669,27086300
2022-05-10,67.123589,68.753236,64.689051,67.272636,28347900
2022-05-11,66.368385,67.570746,62.125339,62.413509,28143200
2022-05-12,61.668248,65.682742,61.390013,64.500259,25991000
2022-05-13,66.050410,69.031473,65.573437,68.166962,18755300
2022-05-16,67.839037,70.064902,66.924846,68.027840,14149900
2022-05-17,69.558121,71.058591,68.773107,71.008904,14807400
2022-05-18,69.120901,69.965541,66.795676,67.441574,15242500
2022-05-19,67.372008,69.637614,67.014280,68.961906,14974700
2022-05-20,69.905918,70.442510,66.537318,69.886047,13521900
2022-05-23,70.790313,71.118232,69.190475,69.697258,11879700
2022-05-24,68.693616,69.031474,66.517445,66.974541,12688300
2022-05-25,66.825486,68.027847,65.652935,67.302460,12392800
2022-05-26,67.471372,68.971842,67.044086,68.037773,12254800
2022-05-27,67.749616,70.661121,66.686371,70.641243,15010900
2022-05-31,70.343155,70.929427,67.332282,68.345840,10648300
2022-06-01,68.802926,69.717125,65.921231,67.103722,12979200
2022-06-02,66.875170,68.624054,65.990789,68.335884,9380400
2022-06-03,68.942040,71.078470,68.584312,70.760490,15058100
2022-06-06,71.724364,72.300704,68.286206,68.743301,12268600
2022-06-07,68.087462,72.231144,68.017904,72.141708,10797200
2022-06-08,71.565366,74.198639,71.565366,72.747856,11029300
2022-06-09,72.370259,72.598803,69.786673,69.816483,10305900
2022-06-10,68.584309,68.802921,66.129907,66.606873,12884600
2022-06-13,64.559882,65.056725,62.234653,62.920296,16753000
2022-06-14,63.377385,63.715243,61.737803,63.019657,13769400
2022-06-15,63.635742,65.941096,63.089214,65.265388,14007800
2022-06-16,63.228335,63.854359,61.767613,63.566189,10351500
2022-06-17,64.033217,68.484933,64.003408,67.183205,26512800
2022-06-21,68.226589,71.316951,68.226589,69.587936,16491200
2022-06-22,68.524678,72.608733,68.216637,71.336815,15564600
2022-06-23,71.754174,75.858101,71.515691,75.748802,16820600
2022-06-24,76.732556,77.159842,73.821051,76.573563,18564200
2022-06-27,76.533806,77.169773,74.735234,76.315201,13735100
2022-06-28,76.384758,76.792166,72.956532,73.592491,13455500
2022-06-29,73.493126,74.874351,72.320574,74.327827,9562100
2022-06-30,73.115539,74.784934,72.092042,73.801178,11339100
2022-07-01,73.900532,76.215817,73.234755,76.056831,13420300
2022-07-05,75.232076,80.528432,74.715362,80.478745,15288200
2022-07-06,80.498627,82.644988,79.713613,80.498627,17502100
2022-07-07,80.836470,83.767853,80.339626,82.933151,13858600
2022-07-08,82.078591,84.095776,81.571808,83.897041,12031900
2022-07-11,83.171635,83.718166,79.981899,80.180641,9835900
2022-07-12,80.200514,81.949406,77.597050,81.353195,15157600
2022-07-13,79.455245,83.509492,79.177014,82.714539,13154100
2022-07-14,81.810298,82.396570,80.121024,80.806671,11131000
2022-07-15,81.850037,82.088519,79.236634,81.850037,9674500
2022-07-18,82.784097,84.085833,78.789477,79.236633,11163300
2022-07-19,80.508557,82.933157,79.554618,82.813911,12016900
2022-07-20,82.923220,85.864542,82.436315,83.986465,14969100
2022-07-21,83.897039,84.612495,82.813916,83.668488,7802900
2022-07-22,84.135519,84.364070,80.041531,80.170708,10633300
2022-07-25,80.289946,80.707293,78.908721,80.429062,8097500
2022-07-26,80.478748,82.476062,79.147211,80.786797,9194200
2022-07-27,81.373065,83.151766,80.220391,82.873535,10237800
2022-07-28,82.972897,83.400183,79.902407,81.979210,11298400
2022-07-29,81.601630,81.780494,79.495010,80.617874,9467700
2022-08-01,79.832841,81.313441,78.491365,78.968338,11546100
2022-08-02,78.421825,81.363139,78.223090,80.468826,9963500
2022-08-03,82.466128,84.960286,82.277332,83.529373,14260700
2022-08-04,85.576377,88.309018,84.960288,88.150024,15934500
2022-08-05,86.748917,91.727285,85.586297,91.717354,19812500
2022-08-08,92.770649,94.499663,91.339737,93.297302,19237400
2022-08-09,91.468944,92.711053,88.577309,90.177147,14747800
2022-08-10,92.204264,93.277448,90.823039,93.158203,8989600
2022-08-11,93.197941,94.579166,89.570980,90.206940,12314800
2022-08-12,91.041650,93.515930,90.773350,93.188011,9744000
2022-08-15,92.412949,94.539440,92.035350,94.300957,7253200
2022-08-16,93.963086,94.122079,91.170826,91.806786,9355200
2022-08-17,90.326184,91.458987,88.537543,89.004578,10681100
2022-08-18,88.925095,89.103959,86.758856,88.309013,8030600
2022-08-19,87.136471,88.040723,86.192463,86.719116,7734600
2022-08-22,85.785050,87.235833,84.691995,85.387573,9359600
2022-08-23,85.914224,87.981096,84.910597,87.225891,9315800
2022-08-24,87.295454,89.759802,86.361393,89.064217,8727500
2022-08-25,89.928719,90.475250,87.851916,88.805855,6417600
2022-08-26,88.785980,88.795919,84.175270,84.503189,12074700
2022-08-29,83.201456,85.308069,82.953035,83.430000,13047200
2022-08-30,84.234888,84.632365,81.452568,82.575432,10608200
2022-08-31,83.519428,84.314373,82.644978,83.171631,9687600
2022-09-01,82.525747,85.109333,81.551930,84.980148,11499700
2022-09-02,86.222257,86.222257,82.724481,83.201454,11508800
2022-09-06,83.350497,83.618797,80.647674,80.826530,11303800
2022-09-07,80.727175,84.423693,80.578120,84.254768,11022100
2022-09-08,83.529373,86.937722,83.529373,86.868164,13108600
2022-09-09,87.305383,88.269261,86.649545,87.454437,9010600
2022-09-12,87.633296,88.199698,86.381248,88.120201,9544400
2022-09-13,85.616117,86.311695,83.112020,83.608864,14698700
2022-09-14,83.628742,84.940409,82.605238,84.552864,8738900
2022-09-15,84.145467,86.430951,83.857296,85.655869,9008200
2022-09-16,84.364077,84.632370,81.770552,82.744362,15649800
2022-09-19,81.859969,82.287255,79.842785,81.710922,15561800
2022-09-20,80.886163,82.297197,80.438999,81.472435,8090500
2022-09-21,81.909673,82.267401,78.511263,78.630501,12765100
2022-09-22,77.924965,78.302571,76.454311,77.597046,11197400
2022-09-23,76.762364,77.030656,74.586186,76.166153,11898900
2022-09-26,75.808413,77.934903,74.496746,74.586174,11763200
2022-09-27,75.957477,77.517566,75.520252,76.732552,14256100
2022-09-28,78.550994,81.233947,78.401940,80.687416,19367800
2022-09-29,79.812981,80.111090,77.050531,78.362198,10324100
2022-09-30,78.302576,81.631428,78.153521,78.819290,13485500
2022-10-03,80.230325,80.975591,78.272760,79.475128,10681600
2022-10-04,80.955726,82.535685,80.796732,82.476067,11933100
2022-10-05,81.422752,82.714541,79.793106,82.148140,8983400
2022-10-06,81.671174,82.982841,81.144521,82.148140,8021700
2022-10-07,81.154470,81.273715,78.451638,78.600693,9281500
2022-10-10,78.451625,78.560931,76.593434,77.159836,10523300
2022-10-11,76.951170,79.703681,75.778618,77.775925,11871200
2022-10-12,78.004467,78.600678,76.345011,78.203201,7620200
2022-10-13,76.126395,79.882532,75.848163,79.564552,12423600
2022-10-14,80.538364,81.442616,77.229383,77.328751,9679500
2022-10-17,78.938541,80.588059,78.183337,80.190582,9481800
2022-10-18,82.009035,82.436321,79.842796,80.568192,11298500
2022-10-19,79.644056,79.991845,76.056844,76.623245,13573300
2022-10-20,76.563629,78.461568,75.927669,76.235710,9272300
2022-10-21,76.742493,78.491378,75.589812,78.342323,9275400
2022-10-24,78.729870,78.978291,76.176093,77.984604,7864200
2022-10-25,78.282687,80.816593,78.272748,80.071327,10365000
2022-10-26,80.359518,83.708240,80.091218,81.402885,12482000
2022-10-27,82.317063,82.794037,80.071335,80.399254,8451900
2022-10-28,80.826540,83.390256,79.962037,83.231270,10388600
2022-10-31,82.833793,83.350507,81.333322,81.631432,10764700
2022-11-01,82.476075,83.628756,81.949422,82.297211,9908500
2022-11-02,82.237577,84.542932,80.597991,80.667549,12934500
2022-11-03,79.634113,81.810291,78.958405,80.121017,10138700
2022-11-04,81.233947,81.482369,77.547368,79.455246,13883800
2022-11-07,79.584430,80.101152,78.302580,78.620560,9308100
2022-11-08,79.236636,80.756976,78.382064,79.355881,10745500
2022-11-09,78.849099,79.206827,76.623241,76.712669,11783600
2022-11-10,80.260135,82.992775,79.574496,82.595306,21049000
2022-11-11,82.525748,85.129204,81.969278,84.224953,14700300
2022-11-14,83.986463,85.496872,83.330633,83.539307,11365900
2022-11-15,85.377619,85.953959,82.247502,83.320686,13946800
2022-11-16,83.131909,83.608875,80.816615,80.975601,10411700
2022-11-17,79.862668,80.677492,78.918661,80.031593,10604700
2022-11-18,81.214083,81.532063,79.922286,80.498627,7246400
2022-11-21,80.220401,80.488694,79.037911,79.365829,5159800
2022-11-22,80.011721,80.588062,78.163469,80.458885,7885500
2022-11-23,80.488701,81.601634,79.872612,80.488701,7289500
2022-11-25,80.478752,80.866289,79.524812,80.548309,2701200
2022-11-28,80.210454,81.333319,78.769603,79.147209,7277000
2022-11-29,79.345944,80.299883,78.859039,79.475128,6806700
2022-11-30,80.498630,83.251142,79.803045,83.092155,12840800
2022-12-01,83.012662,83.539316,81.830172,82.565498,9124800
2022-12-02,81.482378,85.298134,81.402881,85.119278,10969100
2022-12-05,84.850985,84.960291,81.472445,82.356827,9022600
2022-12-06,81.561876,81.859978,79.673868,80.081276,9204500
2022-12-07,80.538377,81.263764,79.882539,80.578117,7224400
2022-12-08,81.253821,81.790413,79.683800,81.065025,6416700
2022-12-09,80.617868,80.846419,79.027969,79.027969,7940800
2022-12-12,78.859043,81.144527,78.352260,81.015343,7911800
2022-12-13,83.092164,83.469762,80.717251,82.297211,9379400
2022-12-14,82.257458,83.648622,81.442634,82.565498,9443900
2022-12-15,81.512179,82.028900,79.922280,80.180641,7662000
2022-12-16,79.624166,80.786786,78.819282,80.448929,9165000
2022-12-19,81.512186,81.730798,78.312511,78.799423,9267100
2022-12-20,78.421814,80.617862,78.262828,80.270073,6843600
2022-12-21,80.717239,82.873539,79.892477,82.058716,10908300
2022-12-22,81.303523,82.336959,80.280026,82.297211,6886300
2022-12-23,82.177949,82.495929,79.773227,80.369438,6954700
2022-12-27,80.130947,80.468804,77.954769,78.044205,8818800
2022-12-28,78.113777,79.355887,77.616934,78.332390,10239900
2022-12-29,78.878908,82.684732,78.471500,81.750664,12613900
2022-12-30,81.045154,82.605243,80.369446,82.476067,10351500
2023-01-03,83.400194,83.559180,80.508560,81.015343,9332300
2023-01-04,81.661232,83.052396,81.333314,82.714539,9338000
2023-01-05,82.327003,82.476058,81.243887,81.999084,6577500
2023-01-06,82.237587,83.459818,80.637749,82.635063,9968000
2023-01-09,83.191528,83.280956,80.598002,80.756989,12849200
2023-01-10,80.637753,83.052414,80.588065,83.052414,8036900
2023-01-11,83.529364,83.996398,81.710922,83.847343,8987700
2023-01-12,84.185208,87.414693,82.813915,87.365005,13978900
2023-01-13,86.460746,89.064202,85.794969,87.325249,18809400
2023-01-17,87.235836,87.374952,85.745305,86.311707,12748100
2023-01-18,86.927791,88.338826,85.149090,85.238518,14982700
2023-01-19,84.930474,85.288202,83.628746,84.354134,8904000
2023-01-20,85.228565,86.599858,84.453490,86.440865,9741900
2023-01-23,86.470687,87.394816,85.645932,86.609810,9306200
2023-01-24,86.589935,88.736304,85.715493,88.259331,10480200
2023-01-25,87.494181,88.348753,86.430936,88.338814,7401600
2023-01-26,89.034388,89.431865,87.126510,88.030762,6976000
2023-01-27,88.000974,89.441826,87.832049,88.825737,7826500
2023-01-30,88.150024,88.438194,85.993724,86.550186,7239000
2023-01-31,86.848283,88.547487,86.848283,88.338814,6684700
2023-02-01,88.358699,90.097653,87.066910,89.173523,10961500
2023-02-02,89.958537,92.015471,89.392136,91.389450,13400100
2023-02-03,90.107590,91.399387,89.372263,89.819420,7437100
2023-02-06,89.223202,90.206950,88.467997,89.133766,6568400
2023-02-07,89.113896,89.918780,87.603494,89.749855,7517500
2023-02-08,89.551115,89.600795,86.550174,86.639610,9722300
2023-02-09,87.305386,87.851917,85.228575,85.546555,8771200
2023-02-10,85.089460,85.635991,84.105712,85.079529,7801700
2023-02-13,84.841018,85.794957,83.698284,85.019882,6890900
2023-02-14,84.662160,86.242127,83.906963,85.337868,8631800
2023-02-15,84.731740,85.576381,84.234896,85.516754,5765300
2023-02-16,84.970220,85.516744,83.996403,84.234886,10302400
2023-02-17,84.244815,86.470672,83.688352,86.252068,8704300
2023-02-21,85.288186,85.546539,82.227627,82.247498,9188000
2023-02-22,82.366770,83.439954,82.197845,83.102097,6949700
2023-02-23,83.628747,83.797672,81.760609,82.943100,8283100
2023-02-24,81.889795,82.088530,80.866291,80.955727,8666500
2023-02-27,82.078568,82.565473,81.343242,81.611534,8233500
2023-02-28,81.492317,82.784106,81.402881,82.327011,7071500
2023-03-01,82.297201,83.221330,81.949411,82.575432,7193700
2023-03-02,81.760604,82.307135,81.233950,81.899719,6494500
2023-03-03,82.177943,83.757910,81.551923,83.062325,6070800
2023-03-06,83.479703,83.539322,81.055103,81.651314,7358600
2023-03-07,81.581743,82.664866,81.194205,81.551933,6256700
2023-03-08,81.422757,81.551933,80.101150,80.717239,7125500
2023-03-09,81.025284,81.273706,77.676554,78.233025,11851600
2023-03-10,77.934915,78.083969,73.403702,75.182404,24423500
2023-03-13,74.516622,78.213140,74.516622,77.368507,20813600
2023-03-14,78.859039,79.425441,77.408256,78.531120,9655200
2023-03-15,77.368517,78.203211,76.553693,77.557320,9601300
2023-03-16,77.120087,78.481441,75.540120,77.736176,9459100
2023-03-17,76.672927,77.050526,75.261885,76.017090,11341500
2023-03-20,76.414564,76.613298,75.222134,76.295319,7987800
2023-03-21,76.831920,76.901478,75.361259,75.540123,7662100
2023-03-22,75.550069,75.639505,72.598815,72.668373,10854300
2023-03-23,73.572626,74.506695,72.151653,73.254646,12002600
2023-03-24,72.966483,74.039667,71.982734,73.721687,8176200
2023-03-27,74.218514,75.122766,73.751480,74.476868,6279700
2023-03-28,74.536504,75.083028,73.910476,73.980034,5125800
2023-03-29,74.745172,75.887914,74.059525,75.838226,6896900
2023-03-30,76.156212,76.235709,73.632245,74.198647,8545600
2023-03-31,74.725286,76.046892,74.427184,75.728912,7645200
2023-04-03,75.629562,77.060475,75.550066,76.573563,7563900
2023-04-04,76.692809,76.861735,74.278148,75.092972,8889500
2023-04-05,74.675616,75.758731,74.417255,74.904160,8013100
2023-04-06,74.794867,76.543759,74.437146,76.384773,8640300
2023-04-10,76.255584,76.255584,75.083032,75.669312,7567000
2023-04-11,75.788549,76.861733,75.768679,76.394699,7462700
2023-04-12,77.239334,77.398320,75.430823,75.569939,7329200
2023-04-13,75.838221,79.494990,75.619608,78.928589,14018600
2023-04-14,78.918658,78.938536,76.831916,77.696426,7304100
2023-04-17,78.948472,81.611555,78.650371,81.313454,12173000
2023-04-18,81.859972,81.979217,80.051461,80.816605,11116300
2023-04-19,80.150835,82.277326,80.051461,81.830162,6871700
2023-04-20,81.045153,81.114711,79.882540,80.111092,7835400
2023-04-21,80.160765,81.939467,80.071337,81.750664,8059200
2023-04-24,81.671184,81.780490,79.832856,80.707306,5920100
2023-04-25,80.756977,81.482372,79.008092,79.504936,5793900
2023-04-26,79.246590,79.932237,78.103848,78.849113,6016500
2023-04-27,78.878899,78.998145,77.706348,78.302567,6321900
2023-04-28,78.223087,80.419136,77.477822,79.693741,6369800
2023-05-01,79.793110,82.148144,79.425443,81.551933,9141700
2023-05-02,81.144532,81.551940,78.968354,79.226715,10490100
2023-05-03,80.568172,83.916893,80.389308,82.684723,14800700
2023-05-04,82.605242,83.916909,81.532065,83.449883,8997200
2023-05-05,84.383946,85.526688,84.026218,84.841042,8658100
2023-05-08,85.059643,85.059643,83.598922,84.463432,6058400
2023-05-09,83.837419,86.063277,83.410133,85.367699,7112100
2023-05-10,87.027159,87.414697,85.814859,86.729050,9594900
2023-05-11,86.450812,86.868159,85.079526,85.467064,7088600
2023-05-12,85.834717,85.963901,84.155390,84.890717,5848900
2023-05-15,85.178902,87.971162,85.029848,86.997353,8743200
2023-05-16,85.218643,85.357759,83.837418,84.493248,13491000
2023-05-17,84.691993,85.238517,83.141836,85.198769,7569600
2023-05-18,84.870860,84.940418,82.674804,84.195152,11373100
2023-05-19,84.841040,85.626054,84.423693,84.831108,7618300
2023-05-22,85.347819,87.345133,85.308070,86.917847,6478600
2023-05-23,87.007279,89.262954,86.818484,86.937721,9984100
2023-05-24,86.202390,86.351445,84.513125,85.248451,7244700
2023-05-25,85.069600,85.129219,82.088537,83.022606,9143200
2023-05-26,83.151773,83.936788,82.545623,83.777794,4570000
2023-05-30,84.075918,85.049728,82.128291,82.615196,6058600
2023-05-31,82.664856,84.960271,82.416434,83.390244,6271500
2023-06-01,83.767863,84.960285,82.595312,84.542938,7106300
2023-06-02,85.327952,85.884415,84.195149,85.884415,5284200
2023-06-05,85.457119,86.729037,85.387561,86.162636,5653700
2023-06-06,86.430940,87.722730,85.735355,87.563744,5971200
2023-06-07,87.593564,88.328891,86.460761,87.653183,6099700
2023-06-08,87.553805,88.110267,86.738981,87.563744,4840700
2023-06-09,88.080461,88.269264,86.659487,87.106651,7334300
2023-06-12,87.881726,89.610741,87.186141,88.050652,7391100
2023-06-13,88.408382,90.336139,88.358695,89.660431,8260600
2023-06-14,89.938665,90.276515,87.275582,88.328888,7813000
2023-06-15,87.812168,88.974780,87.355072,88.626991,6896000
2023-06-16,89.282824,89.521307,86.947660,87.116585,7856700
2023-06-20,86.791625,87.616416,85.837653,87.089745,7364800
2023-06-21,86.702194,87.248744,85.340793,86.612762,6781700
2023-06-22,86.473649,86.940700,85.748237,86.046349,4725300
2023-06-23,85.469983,85.529604,84.426572,84.585571,7666600
2023-06-26,84.158281,84.347082,82.459018,82.647820,7183300
2023-06-27,82.697503,82.846563,81.514972,82.399384,7836500
2023-06-28,82.399386,83.462668,81.842904,83.452736,5504300
2023-06-29,83.164554,83.422916,81.962152,82.101273,6458100
2023-06-30,82.707438,83.403040,82.170827,82.677620,5054100
2023-07-03,82.627946,82.995618,81.982026,82.419266,3696400
2023-07-05,82.359627,82.965797,81.842895,82.488815,4866300
2023-07-06,81.743527,81.912458,80.322505,81.206917,6326400
2023-07-07,81.355987,82.329830,81.037996,81.266548,4560600
2023-07-10,81.236732,83.880034,81.018112,83.701164,7450600
2023-07-11,83.383172,83.611724,82.637881,83.303673,6084700
2023-07-12,84.655141,84.754511,83.591859,84.247711,5869700
2023-07-13,84.466329,84.873758,83.999279,84.148338,4414600
2023-07-14,84.535889,84.535889,82.806816,83.889969,5012000
2023-07-17,84.625334,86.284847,84.257654,85.221565,8746300
2023-07-18,85.271238,86.155650,84.903566,85.042686,5447000
2023-07-19,85.469996,86.235158,85.102316,85.221565,5443900
2023-07-20,84.903576,85.171878,83.591864,83.800545,6492500
2023-07-21,84.366971,85.142073,83.631619,84.436531,5811200
2023-07-24,84.545829,84.814131,82.518636,82.896248,6626300
2023-07-25,82.856498,83.412988,82.498758,82.637886,4973500
2023-07-26,82.528572,82.816745,82.101272,82.528572,4680900
2023-07-27,83.035370,83.035370,80.898874,81.256607,7208500
2023-07-28,81.982025,83.522297,81.832966,83.283798,8988400
2023-07-31,83.432858,83.909848,82.995618,83.760788,4838100
2023-08-01,83.114862,83.204301,82.131080,82.777000,6814700
2023-08-02,82.121153,82.578264,81.038000,81.544792,5613800
2023-08-03,81.157248,81.862790,80.720016,80.759758,5236300
2023-08-04,81.246678,81.773350,80.620629,80.710068,5883800
2023-08-07,80.491448,80.590818,78.046894,78.195953,9728800
2023-08-08,78.195936,79.120097,77.808385,78.831917,8215600
2023-08-09,79.159865,79.756096,78.255575,78.762375,6415400
2023-08-10,78.891560,80.461642,78.732569,79.438110,7304100
2023-08-11,79.199592,80.014443,78.901480,79.368530,4316300
2023-08-14,78.732562,79.746154,77.788522,79.527534,6561500
2023-08-15,79.438097,79.785898,78.563617,79.318848,5217600
2023-08-16,78.951169,79.219478,77.341345,77.589775,7103600
2023-08-17,77.778578,77.778578,76.427123,76.466866,6465300
2023-08-18,75.691766,77.550028,75.433404,77.043228,6872600
2023-08-21,76.983605,78.474187,76.347624,77.897827,5762600
2023-08-22,78.116451,78.583502,77.202229,77.877960,5176000
2023-08-23,78.464254,79.348666,78.275445,78.364883,4803700
2023-08-24,78.344998,78.444376,77.082975,77.331406,5394700
2023-08-25,77.569904,78.682875,76.804742,78.195953,6600700
2023-08-28,78.672924,79.308905,77.967383,78.434433,4429300
2023-08-29,78.364882,79.199605,77.838211,78.792183,5864100
2023-08-30,78.841864,79.358603,78.513942,79.179733,5459800
2023-08-31,79.358603,79.646784,78.643123,78.702744,5015900
2023-09-01,79.239363,80.710075,79.239363,80.620636,7991900
2023-09-05,80.342388,80.779628,79.010805,79.149925,6794900
2023-09-06,79.259231,79.736213,78.384752,79.388412,5194800
2023-09-07,78.722622,78.941242,77.877960,78.265511,5004600
2023-09-08,78.245628,78.732557,77.728896,78.156197,4977800
2023-09-11,78.504006,78.712687,77.927646,78.335075,5223000
2023-09-12,78.265514,79.358606,78.116454,78.633186,6200100
2023-09-13,78.812055,79.815715,77.748773,77.798462,6953400
2023-09-14,78.096575,78.315195,77.271792,77.718964,5145600
2023-09-15,77.629531,77.828272,76.248258,76.625870,8027900
2023-09-18,76.506616,76.953795,75.115404,75.473145,7252800
2023-09-19,75.552628,75.731498,75.025957,75.512878,7411300
2023-09-20,75.721568,75.741446,73.813624,73.873245,9377400
2023-09-21,73.147850,73.545341,72.362809,73.237282,10706000
2023-09-22,73.485713,73.754022,72.352870,72.501930,10313000
2023-09-25,72.044821,72.094510,71.140531,71.428711,7223200
2023-09-26,72.173991,74.032253,72.114370,72.750351,12772500
2023-09-27,73.336650,74.290621,72.650979,73.525452,9762600
2023-09-28,73.545322,73.545322,72.134232,73.306824,10428800
2023-09-29,73.932887,74.211128,72.352866,72.561546,10415700
2023-10-02,72.521794,72.521794,69.908301,70.206421,11773900
2023-10-03,69.868565,70.415115,69.252462,70.107063,11448800
2023-10-04,69.958001,70.156742,68.656220,69.441261,12868500
2023-10-05,69.192824,71.925558,69.103393,71.697006,13608900
2023-10-06,71.140523,72.223684,70.743041,71.776512,9677800
2023-10-09,71.170348,71.398900,70.007688,71.210098,9387400
2023-10-10,70.693352,72.034874,70.514482,71.647324,9503300
2023-10-11,71.796369,72.501910,70.226287,70.872208,9061100
2023-10-12,70.772847,70.882157,68.050053,68.288544,12711400
2023-10-13,68.517097,69.312077,67.881116,69.163017,12892000
2023-10-16,69.172949,70.434972,68.278598,69.769180,9651200
2023-10-17,69.262396,71.021287,69.153086,69.858635,9660100
2023-10-18,69.500891,69.530701,67.811560,68.059990,9369300
2023-10-19,68.099739,68.218988,66.489915,66.668777,12490800
2023-10-20,66.718452,67.473682,66.161971,66.499832,9210200
2023-10-23,65.804242,66.122232,64.969512,65.049011,10621800
2023-10-24,65.635314,66.907276,65.635314,66.668777,8836600
2023-10-25,65.883741,66.152042,65.049011,65.088760,7727800
2023-10-26,65.178204,66.221615,64.800592,65.764503,10562700
2023-10-27,65.983110,65.983110,63.647866,63.717426,14361300
2023-10-30,64.323597,65.337190,64.194409,64.780708,9575600
2023-10-31,64.045348,65.963231,63.399431,65.814178,16209700
2023-11-01,66.052673,67.225264,65.694932,67.175575,13408500
2023-11-02,67.940746,68.328297,67.503506,67.831436,12267900
2023-11-03,69.023887,71.627440,68.914577,71.011330,21082600
2023-11-06,71.319394,71.528083,69.272330,69.441261,11110600
2023-11-07,69.679757,71.170339,69.172957,71.070961,12723200
2023-11-08,71.031219,71.229961,68.705907,68.994087,11677800
2023-11-09,69.600241,69.639991,65.973157,66.171898,12529200
2023-11-10,66.569390,66.758199,65.088747,66.529640,10564700
2023-11-13,65.943353,66.857574,64.581952,66.857574,11836700
2023-11-14,69.252449,70.524411,69.192821,70.464790,18577900
2023-11-15,70.415112,72.859666,70.166681,70.653603,15130200
2023-11-16,70.862289,71.041159,68.884785,69.689697,11621000
2023-11-17,70.305800,72.422424,70.017620,72.203812,13854700
2023-11-20,72.342925,74.042187,71.985184,73.028587,10967900
2023-11-21,72.382665,72.968965,71.528072,71.547943,9993900
2023-11-22,72.452244,72.939165,71.607574,72.342934,7312600
2023-11-24,72.323045,74.062058,72.323045,73.197525,4723000
2023-11-27,72.959027,73.038527,71.538005,72.770226,7398700
2023-11-28,72.491973,72.710593,71.647311,72.571472,8702600
2023-11-29,73.177657,74.906730,72.988847,73.386337,10526700
2023-11-30,75.145223,76.705366,74.727854,75.045845,13445600
2023-12-01,75.065731,77.351286,73.734140,77.341354,12766900
2023-12-04,77.152546,78.881620,76.725246,78.692818,12907000
2023-12-05,77.917701,78.941233,77.410901,78.305252,10916000
2023-12-06,78.831938,80.143651,78.096579,79.040619,11062900
2023-12-07,79.467908,80.292698,79.060478,80.014450,10164700
2023-12-08,79.706395,80.620617,78.722613,78.821983,9324800
2023-12-11,78.692813,78.752434,77.023361,78.364883,9709000
2023-12-12,78.414572,79.736216,77.291662,79.577225,8504800
2023-12-13,79.597094,83.502420,79.477852,83.422920,15700900
2023-12-14,84.734633,85.281183,83.542170,84.943321,17650000
2023-12-15,85.320929,86.245090,84.138398,85.181808,10971400
2023-12-18,84.788219,85.155959,83.406721,83.844032,8192600
2023-12-19,84.649080,86.179662,84.490063,85.970947,9867400
2023-12-20,85.573389,85.772170,82.074922,82.154434,12235300
2023-12-21,83.595565,84.649080,83.237766,84.152138,9554800
2023-12-22,85.672786,87.690376,85.474012,87.084106,13208600
2023-12-26,88.256882,89.330271,87.600916,88.912842,10117500
2023-12-27,89.807341,90.443426,89.012231,90.274467,10041600
2023-12-28,90.443426,91.457184,89.479358,90.304283,10621300
2023-12-29,90.165135,90.185010,88.714066,88.743881,9038400
2024-01-02,87.889152,91.168972,87.382269,89.678146,11785600
2024-01-03,89.022177,89.220950,87.074165,87.660553,11249900
2024-01-04,88.028293,89.548934,87.581049,88.902908,9405400
2024-01-05,87.938830,88.982404,86.428123,88.753815,11413500
2024-01-08,87.909036,92.928153,86.984723,92.848640,21270500
2024-01-09,91.914389,93.743132,91.437322,93.027534,12928500
2024-01-10,93.166656,93.703354,90.980115,91.964058,13334500
2024-01-11,90.940379,91.119278,88.743896,89.916679,16280100
2024-01-12,90.572630,92.063456,89.638385,89.866974,10300800
2024-01-16,89.042047,89.091744,87.700305,88.515289,10901000
2024-01-17,87.471722,87.938849,86.587166,87.799698,9087000
2024-01-18,88.237001,88.237001,85.583333,86.527519,11942200
2024-01-19,86.775998,87.034410,85.474012,86.517593,13253000
2024-01-22,87.153688,88.664388,86.795889,88.465614,10794700
2024-01-23,89.350166,89.797410,87.213314,88.684265,9311300
2024-01-24,89.707953,89.857037,87.143731,87.183487,11295900
2024-01-25,88.097860,88.982416,87.521406,87.958717,10104700
2024-01-26,88.396025,89.181194,87.422016,87.700302,8264800
2024-01-29,87.630733,90.383795,86.736236,90.244652,11009000
2024-01-30,89.827204,89.847086,87.650604,88.227051,10848600
2024-01-31,88.038224,89.638377,86.895256,86.895256,15669600
2024-02-01,87.541294,89.091750,86.706427,88.425850,11745700
2024-02-02,87.571097,87.839442,86.199540,87.431953,15486500
2024-02-05,86.646790,88.227062,85.861621,87.869270,11164600
2024-02-06,87.372323,89.330267,86.756112,89.211006,9819300
2024-02-07,89.002293,89.101680,87.461770,87.531342,10885800
2024-02-08,87.789768,89.201081,87.471725,88.674324,8545600
2024-02-09,89.409796,90.761479,88.853223,90.483192,8492000
2024-02-12,90.622324,92.649847,90.155197,92.530579,9732500
2024-02-13,89.598630,89.857042,87.352450,88.177376,17368600
2024-02-14,89.538984,90.880733,88.843269,90.582565,9983900
2024-02-15,91.516823,93.107035,91.099393,92.699539,10686000
2024-02-16,91.974014,93.613924,91.516829,92.580284,11007300
2024-02-20,92.182719,93.266049,91.079508,91.814980,8947500
2024-02-21,91.397559,92.321871,90.751533,91.904442,6704900
2024-02-22,92.202593,94.399083,91.646021,93.574158,10809600
2024-02-23,93.842511,94.915907,93.425081,94.170494,8854700
2024-02-26,94.071109,96.933492,93.882269,96.744652,12172200
2024-02-27,99.229370,102.588703,98.275243,102.260719,23103300
2024-02-28,101.634566,102.886854,100.511472,100.909027,16741400
2024-02-29,102.061927,102.529053,97.768349,97.818039,20721700
2024-03-01,98.831813,102.191138,98.503830,100.909027,16319200
2024-03-04,102.817272,102.827213,99.398317,100.113914,13935200
2024-03-05,99.587156,100.879208,98.116213,98.851685,13539400
2024-03-06,100.004594,100.322637,98.722483,99.507652,9390300
2024-03-07,99.686550,99.944954,98.146027,98.185783,7479800
2024-03-08,99.457963,100.849402,97.321111,98.344810,11121000
2024-03-11,98.086402,99.030589,95.889920,96.237778,9126400
2024-03-12,96.058878,96.337164,94.826464,95.611626,10485600
2024-03-13,95.671268,96.893741,95.293587,96.506126,6543900
2024-03-14,95.959484,96.416670,92.381496,93.872322,16208200
2024-03-15,93.425081,95.194193,93.206425,94.130737,12508200
2024-03-18,93.991603,94.667444,92.272180,92.381508,11472200
2024-03-19,92.073402,94.041296,91.586401,93.276001,10926800
2024-03-20,92.928129,95.015284,91.954120,94.577980,13234500
2024-03-21,95.909797,96.893739,94.577996,94.617744,9802000
2024-03-22,94.637613,94.796631,92.928132,92.987762,10423100
2024-03-25,92.798934,93.892204,91.934252,92.103210,8751000
2024-03-26,93.305817,93.882271,92.093285,92.123100,10801400
2024-03-27,92.977831,94.339447,91.884553,94.329514,12279400
2024-03-28,94.617733,95.303515,93.484706,94.309631,10295300
2024-04-01,93.763002,93.961783,91.844813,93.276001,11690600
2024-04-02,91.536695,91.616207,89.817280,90.125381,14841800
2024-04-03,89.558880,90.850932,89.071879,90.483192,9102300
2024-04-04,91.208703,91.934242,88.743876,88.942650,10070300
2024-04-05,88.415901,90.572627,87.392202,89.628441,10380300
2024-04-08,89.916663,90.055806,89.002292,89.847092,7237000
2024-04-09,90.115445,91.208716,89.807343,91.079514,8593500
2024-04-10,88.435788,89.499243,88.068048,89.399849,17369900
2024-04-11,90.582575,91.049701,89.330279,90.721718,9971700
2024-04-12,90.473238,90.473238,86.785930,87.610855,14306200
2024-04-15,87.650619,87.938846,85.185784,85.821869,12332200
2024-04-16,85.155967,85.961010,84.609328,85.086395,11287900
2024-04-17,85.662853,85.772181,84.032884,84.132271,11923600
2024-04-18,83.883793,84.420491,82.870027,82.969421,11417300
2024-04-19,82.532109,83.863910,80.762998,82.323395,13784300
2024-04-22,82.989299,84.261469,81.975541,83.237770,10695400
2024-04-23,83.863918,85.782115,83.694960,84.172028,12939300
2024-04-24,84.748465,84.897549,83.188068,83.426605,8788900
2024-04-25,81.945714,82.233941,80.643729,81.717125,14389600
2024-04-26,82.074925,83.357036,81.130730,82.979355,10452800
2024-04-29,83.943419,85.871556,83.834091,84.996933,10494600
2024-04-30,84.191893,85.265290,83.704892,84.102448,7508600
2024-05-01,84.301225,89.042048,84.181956,86.795876,17126900
2024-05-02,87.889151,88.435791,86.378451,87.799698,10230200
2024-05-03,90.423548,91.139138,89.230883,89.429665,11242700
2024-05-06,90.035942,90.443438,89.071881,90.026009,8622200
2024-05-07,90.443421,90.453362,89.002292,89.876907,7631900
2024-05-08,89.111619,89.350149,87.779810,88.564980,12044900
2024-05-09,88.634572,89.052002,87.740075,88.435799,7548500
2024-05-10,89.568815,89.936547,87.143736,87.600922,8808400
2024-05-13,88.515292,90.204899,88.455661,89.330276,11000300
2024-05-14,90.324156,91.725536,89.688071,90.224770,10806600
2024-05-15,92.142974,93.276001,91.715603,92.043587,12054000
2024-05-16,92.053527,92.232427,90.850929,92.023705,7735900
2024-05-17,91.954115,92.480880,90.294331,90.622314,7394300
2024-05-20,90.821094,91.874616,90.344034,91.705650,5595900
2024-05-21,91.298161,92.123086,90.324151,91.009933,6266200
2024-05-22,90.860857,92.590220,90.741596,91.606270,7861700
2024-05-23,91.626146,91.834861,88.117738,88.773697,9692200
2024-05-24,88.922782,89.618498,88.117739,88.286697,6723000
2024-05-28,90.125385,90.383797,87.660550,88.584862,9057800
2024-05-29,87.223248,87.412081,86.448020,86.944962,9561900
2024-05-30,87.471715,88.594801,87.074160,88.415901,9141600
2024-05-31,88.714072,89.906729,87.958718,88.584862,9718900
2024-06-03,89.340229,92.411335,88.704144,90.860870,13040200
2024-06-04,90.880741,91.735482,90.045875,90.612389,7963300
2024-06-05,90.940371,93.753064,90.264530,93.544350,10287800
2024-06-06,94.011475,94.011475,92.172792,92.252304,7032800
2024-06-07,90.930426,91.924310,90.363913,90.831039,8582700
2024-06-10,89.857038,91.487006,88.833331,91.427368,8423600
2024-06-11,90.652146,92.232425,90.274473,91.894501,5864300
2024-06-12,94.418969,94.816524,92.620041,93.246185,11437900
2024-06-13,93.057345,94.021414,92.510713,93.246185,5595200
2024-06-14,92.083332,92.560392,90.691893,91.188835,9218500
2024-06-17,90.681960,90.950313,89.529059,90.035934,6692400
2024-06-18,90.075687,90.194956,88.733945,89.151375,6722900
2024-06-20,88.843276,90.065756,88.147560,89.340218,6797300
2024-06-21,90.324154,92.083332,90.075683,91.814980,12826400
2024-06-24,92.844942,94.098791,92.586208,93.282791,9090200
2024-06-25,93.242971,93.700734,92.546388,92.625999,5509600
2024-06-26,92.466784,92.466784,91.212935,91.740349,7102100
2024-06-27,91.939373,92.626010,90.954204,92.407082,6570900
2024-06-28,92.884737,92.884737,91.372154,92.257812,7872600
2024-07-01,92.188162,93.979385,91.989140,92.586212,7437200
2024-07-02,91.969226,92.247859,90.595959,90.914398,6498600
2024-07-03,91.202990,91.730404,90.098404,90.426796,4682000
2024-07-05,90.416843,91.471670,89.839670,91.262695,5557900
2024-07-08,92.407078,93.223078,91.989128,92.775276,9007600
2024-07-09,92.934498,94.078890,92.397131,93.909721,7651400
2024-07-10,94.307761,95.014305,93.810200,95.014305,5002800
2024-07-11,96.357722,98.298208,96.178600,97.482208,14609800
2024-07-12,98.397721,99.502308,97.820556,98.477333,9005900
2024-07-15,98.616642,99.920257,98.178793,99.412743,9186400
2024-07-16,100.198895,101.880647,100.019773,101.353233,8840000
2024-07-17,99.979970,101.512460,98.546991,99.313240,9853200
2024-07-18,99.233622,100.348155,96.536841,97.064255,12775900
2024-07-19,97.243383,97.641434,96.586599,97.034409,5348400
2024-07-22,97.730978,98.537025,96.795560,98.407661,5848300
2024-07-23,98.079286,99.761045,97.780754,99.273438,6722200
2024-07-24,98.497241,99.681432,98.298212,98.556946,6088100
2024-07-25,99.223663,102.049815,98.835566,100.487473,12543100
2024-07-26,101.502502,102.577236,100.467573,101.044746,8299100
2024-07-29,101.004949,101.403000,99.054510,99.780945,7364400
2024-07-30,100.009816,100.577036,97.830496,98.507179,6956000
2024-07-31,98.885336,100.736265,97.701138,98.576843,9550400
2024-08-01,99.044550,99.880457,97.730988,98.188744,8222800
2024-08-02,95.611376,96.387571,94.158498,95.999474,15611200
2024-08-05,90.556163,94.138604,90.556163,92.974312,15788200
2024-08-06,93.750504,95.690998,92.506601,93.979385,9591600
2024-08-07,95.601435,95.601435,91.670703,91.909531,10704300
2024-08-08,92.506600,94.656069,92.018993,94.536652,7419000
2024-08-09,94.924750,95.591481,94.337632,95.074020,4384400
2024-08-12,95.173536,95.899979,94.049050,95.342705,4766600
2024-08-13,95.661134,96.715970,95.382501,96.477135,7230600
2024-08-14,96.725909,96.735863,95.143668,95.621323,4798600
2024-08-15,96.845339,97.760850,96.238314,97.233437,6346800
2024-08-16,97.223471,97.621521,96.288061,97.293129,4717900
2024-08-19,97.203572,100.387961,96.984644,100.358109,6426300
2024-08-20,100.119283,100.616844,99.154013,100.338211,5546100
2024-08-21,100.606890,101.860747,100.298404,101.323380,6482400
2024-08-22,101.582106,101.621911,99.452544,99.651566,7016500
2024-08-23,100.139180,101.512454,99.611766,101.014893,7626600
2024-08-26,101.542310,101.741331,100.786015,101.203964,5653000
2024-08-27,100.915380,101.393034,99.382890,100.577034,5293600
2024-08-28,100.129233,100.736259,99.502301,100.049622,5093000
2024-08-29,100.507389,101.900562,100.059587,100.417831,5732700
2024-08-30,100.776059,101.363185,99.362987,100.766113,5282100
2024-09-03,100.606889,102.238889,97.999672,98.178795,9086700
2024-09-04,97.810608,99.094317,97.173730,98.039482,6944700
2024-09-05,98.198696,98.407670,96.964746,97.601624,5735500
2024-09-06,97.890223,98.427590,94.964560,96.049240,8019300
2024-09-09,96.556746,98.158894,96.347771,97.412552,5876800
2024-09-10,97.402608,97.770806,96.198510,97.621536,4635900
2024-09-11,97.392643,98.646492,96.487078,98.417618,5267400
2024-09-12,98.397721,99.213721,97.482210,98.576843,5702200
2024-09-13,98.915177,100.905422,98.785807,100.716347,6389100
2024-09-16,101.064644,101.452741,100.019770,100.786011,7126900
2024-09-17,100.925335,101.950310,99.890407,100.457626,9199300
2024-09-18,100.517335,102.467774,99.840651,100.318306,11433200
2024-09-19,102.189139,103.015085,101.353232,101.930405,13107200
2024-09-20,101.711475,101.860745,100.497424,101.114403,7655300
2024-09-23,101.268682,101.646882,98.601360,98.720795,9997200
2024-09-24,98.810353,98.979547,97.307494,98.243050,7906800
2024-09-25,98.432151,98.730728,97.198019,97.287590,8469500
2024-09-26,98.153483,98.641163,96.959155,97.725517,6764900
2024-09-27,98.332623,98.880017,97.785222,97.964371,6116200
2024-09-30,97.635933,99.178604,97.307492,98.332626,6828900
2024-10-01,98.143533,98.322682,96.192806,97.506561,11106900
2024-10-02,96.899442,97.795186,96.073366,97.625984,8488100
2024-10-03,97.058681,97.625984,96.063411,96.182846,5961100
2024-10-04,97.148262,97.566273,96.212706,97.048737,5972400
2024-10-07,97.407029,97.466743,95.466249,95.874313,5678800
2024-10-08,96.242561,97.297552,95.645401,96.640671,5414700
2024-10-09,96.600860,96.690439,95.525975,95.854408,6049400
2024-10-10,95.068146,95.774794,94.630232,95.764839,6752900
2024-10-11,95.764834,98.322676,95.366724,98.213196,7486100
2024-10-14,97.815085,98.750641,97.536411,98.601349,5538500
2024-10-15,98.561551,99.477197,97.805144,98.840225,7379400
2024-10-16,98.979553,100.084303,98.581452,99.775772,6478800
2024-10-17,99.755878,100.064409,98.800412,98.830276,8155300
2024-10-18,99.049219,99.696146,98.671019,99.357758,4477200
2024-10-21,98.949696,99.238325,97.188072,97.685707,6895300
2024-10-22,97.227879,97.934520,96.998964,97.805130,5222200
2024-10-23,97.407028,97.805130,95.655351,96.212700,8293600
2024-10-24,96.680490,97.775285,96.421718,96.789970,4408300
2024-10-25,97.168162,98.382392,96.660580,96.690437,6256100
2024-10-28,97.616045,99.039281,97.407039,98.024101,6178200
2024-10-29,97.934526,98.243057,97.178119,98.093765,6183700
2024-10-30,97.785228,98.989503,97.516509,97.954422,4733100
2024-10-31,97.466751,97.655855,96.381903,96.571007,8177800
2024-11-01,97.128354,98.830272,96.889492,98.800407,6877500
2024-11-04,98.372441,99.596626,97.426938,98.750648,6426700
2024-11-05,98.243059,100.153975,97.735470,100.144028,7170600
2024-11-06,102.791437,102.821293,100.273406,101.955414,17003400
2024-11-07,102.512758,103.398547,102.054935,102.522713,8157100
2024-11-08,102.393326,103.736946,102.074840,103.687180,9431100
2024-11-11,104.294294,104.971078,102.861104,103.040253,10158900
2024-11-12,101.955409,102.681951,99.915103,100.034538,9782700
2024-11-13,100.989996,101.945454,99.526949,99.536903,8092400
2024-11-14,99.298040,99.696150,96.411765,96.501335,15029400
2024-11-15,96.451578,96.451578,91.206503,91.395607,30310200
2024-11-18,91.704135,92.301295,90.649152,91.524986,12508300
2024-11-19,90.808393,92.769075,90.241089,92.729263,12751900
2024-11-20,92.938260,93.724524,91.962900,93.565285,10534700
2024-11-21,93.664809,94.988519,92.301287,93.853912,11717000
2024-11-22,94.331652,96.152997,93.714589,95.784744,9684700
2024-11-25,97.168159,98.561538,97.068634,97.168159,13456000
2024-11-26,97.337372,98.452069,96.481439,98.382401,8258500
2024-11-27,98.611308,99.726006,98.233101,99.526955,7695300
2024-11-29,99.307989,99.765813,98.770543,99.148750,4062400
2024-12-02,98.820323,99.168666,98.073871,98.840225,13563200
2024-12-03,98.571502,98.860132,97.108455,97.227890,6550000
2024-12-04,97.227890,99.118896,96.849683,98.322685,7246400
2024-12-05,97.616035,98.243052,96.541142,96.869583,8467600
2024-12-06,97.357265,99.258233,97.168161,98.671021,6493000
2024-12-09,98.750651,99.437390,97.576233,97.775284,6341100
2024-12-10,97.944482,98.143533,96.640674,96.959160,5465700
2024-12-11,97.207977,97.506561,95.953943,96.511292,5788300
2024-12-12,95.725024,96.252516,93.704628,93.754387,9518000
2024-12-13,93.525479,94.023114,92.201769,92.958176,12305400
2024-12-16,92.958177,95.068144,92.500354,94.311745,8476200
2024-12-17,93.535433,94.849188,93.505568,94.142540,5638800
2024-12-18,94.092778,94.252017,88.588939,89.504585,16072700
2024-12-19,89.604115,90.032081,88.210736,89.385155,11752200
2024-12-20,88.947245,91.534944,88.917380,90.848206,10338000
2024-12-23,90.851178,91.518029,89.935502,91.458313,7620200
2024-12-24,91.508092,91.667336,90.472977,91.547905,3540600
2024-12-26,90.881051,92.413817,90.592412,92.214760,5601100
2024-12-27,91.518032,92.413806,90.134563,90.920853,8741800
2024-12-30,90.005184,90.184339,88.960114,89.467720,6641000
2024-12-31,89.965376,90.642182,88.950171,89.636925,6817100
2025-01-02,90.522737,92.065458,90.174382,91.100014,8207900
2025-01-03,91.259265,92.373998,91.209497,91.975883,5857000
2025-01-06,92.164992,92.792038,91.577768,91.776825,5169300
2025-01-07,92.115227,93.956535,91.985833,92.433723,9850200
2025-01-08,92.563111,92.712408,91.149784,91.876350,7529900
2025-01-10,89.995236,90.164436,88.422657,89.019844,12953300
2025-01-13,88.084251,88.771012,86.302659,88.711288,13193300
2025-01-14,89.497571,89.497571,85.994111,86.252892,13113500
2025-01-15,88.283300,89.189028,87.178514,88.134010,13214800
2025-01-16,88.313170,88.422646,86.919745,87.477112,6917100
2025-01-17,88.233546,88.442558,87.437301,87.556740,7383900
2025-01-21,88.263403,90.224150,88.263403,90.084808,8509700
2025-01-22,90.094756,91.169684,89.855886,90.781517,8844900
2025-01-23,90.443117,92.792031,89.497575,92.543205,9747100
2025-01-24,92.413810,93.150331,91.318979,92.025642,9262800
2025-01-27,91.597657,93.986384,91.577755,92.174934,10946600
2025-01-28,92.324239,93.180199,91.617575,92.742264,9152700
2025-01-29,92.254564,93.359350,91.448364,92.145081,9893700
2025-01-30,92.742261,93.906763,92.135126,93.100571,8348000
2025-01-31,93.429025,94.344701,91.926116,92.234657,7842300
2025-02-03,90.154482,92.105273,90.035043,90.990532,9024300
2025-02-04,90.771557,92.752214,90.642171,92.135124,8870600
2025-02-05,92.513340,94.454184,92.443670,94.255119,8222900
2025-02-06,94.145636,94.235217,92.841792,92.931374,6611300
2025-02-07,92.493442,93.160292,90.532695,90.811378,11884700
2025-02-10,91.408557,91.408557,89.686688,89.915604,8979600
2025-02-11,89.009873,89.238795,88.134009,88.631660,8781400
2025-02-12,87.646317,89.597109,87.487073,89.547348,10824600
2025-02-13,89.865841,90.472976,88.771010,90.343582,7275300
2025-02-14,90.811384,92.184906,90.244062,90.980591,10421300
2025-02-18,91.408554,92.682547,90.542646,90.900955,9041200
2025-02-19,90.672032,92.284424,90.602361,92.095314,8159900
2025-02-20,92.075411,92.453623,91.050251,92.284424,6885800
2025-02-21,93.060758,93.419067,91.109966,91.269211,8783400
2025-02-24,91.010437,91.209495,89.318419,89.686684,8647800
2025-02-25,89.557294,89.716539,87.268096,88.273354,10912700
2025-02-26,88.522187,89.408006,87.427349,87.835426,7271500
2025-02-27,87.895141,89.318424,86.631111,86.690826,8172700
2025-02-28,86.093649,88.492331,85.814966,88.293266,7942700
2025-03-03,88.323117,88.950162,84.730075,85.197868,9620900
2025-03-04,84.381716,86.591288,83.675052,85.725372,14202800
2025-03-05,85.944360,87.477126,85.416851,87.407455,10911900
2025-03-06,86.053829,87.855323,85.864719,86.651009,9153000
2025-03-07,86.372324,88.024529,85.655705,86.889885,9490700
2025-03-10,85.824914,87.088945,85.088385,85.834862,10803100
2025-03-11,85.416836,86.551480,83.794496,85.765190,10649500
2025-03-12,86.372328,87.317870,85.944348,86.740593,7704900
2025-03-13,86.641068,87.795614,85.038630,85.566139,6373000
2025-03-14,86.282752,87.208384,86.083687,86.720680,6390100
2025-03-17,86.362365,88.442551,85.984153,87.875229,6338900
2025-03-18,86.860021,86.899834,85.357120,85.765190,7291700
2025-03-19,85.586038,87.337772,85.486509,87.049133,5806300
2025-03-20,86.242936,87.715979,86.133452,86.183212,6743300
2025-03-21,85.785093,87.098891,85.347157,86.710724,6513900
2025-03-24,87.372647,88.557127,87.263157,88.407822,5032300
2025-03-25,88.417775,88.507353,85.939324,86.675896,7040000
2025-03-26,86.576357,86.675892,84.356703,84.685173,8225500
2025-03-27,84.943959,85.780065,84.695119,85.133080,6493600
2025-03-28,85.003691,85.113181,83.580326,84.008331,7003100
2025-03-31,81.131741,81.281047,78.961858,80.723640,16660900
2025-04-01,80.484754,80.663919,77.508632,77.797287,17353200
2025-04-02,77.349371,80.494710,76.981086,80.216003,14091000
2025-04-03,77.837101,78.932002,77.160256,77.777382,10860200
2025-04-04,76.075311,76.752155,72.910068,73.318169,23865800
2025-04-07,70.670513,75.507960,68.918678,72.651276,23621800
2025-04-08,74.801261,75.119775,68.560353,69.476089,21546100
2025-04-09,67.734210,75.607499,66.350661,74.532509,36123800
2025-04-10,72.432300,72.910076,68.321468,71.277687,23889300
2025-04-11,71.257779,74.034833,70.740195,73.985069,16114000
2025-04-14,75.647312,76.582952,74.014923,76.184807,13241500
2025-04-15,76.055413,77.200070,75.239211,76.184807,8744300
2025-04-16,75.736886,75.886191,73.596869,74.781342,9355000
2025-04-17,74.542462,75.806573,74.223947,75.577637,10436500
2025-04-21,74.831121,76.961190,74.323486,75.159592,11913700
2025-04-22,76.154948,77.458866,76.035502,77.279701,14041800
2025-04-23,79.320191,80.793319,78.653295,78.732925,14631300
2025-04-24,79.031542,80.554441,78.285023,80.514626,11296500
2025-04-25,79.748200,80.335458,78.902138,79.877594,8244700
2025-04-28,80.345401,81.728950,79.967159,80.992386,6974300
2025-04-29,80.614154,81.977799,80.036851,81.500023,9301500
2025-04-30,80.723650,82.863674,80.504670,82.565063,9587200
2025-05-01,82.565050,83.112501,80.554428,82.117142,9292300
2025-05-02,83.112503,83.849067,82.863663,83.112503,9684600
2025-05-05,82.803944,82.993057,81.669235,82.266449,6374300
2025-05-06,81.470164,81.549795,76.722303,76.811882,32491300
2025-05-07,77.239883,77.528538,76.204708,76.991043,12918800
2025-05-08,76.702401,78.912100,75.328807,77.677856,16479300
2025-05-09,77.787342,79.180847,75.945928,76.035507,11445300
2025-05-12,77.687802,79.698424,77.498681,79.081299,19550400
2025-05-13,78.912092,79.071353,76.841743,77.190125,15782000
2025-05-14,77.259786,78.095884,75.547767,76.015587,13920500
2025-05-15,76.005646,77.299617,75.358661,77.219986,11089500
2025-05-16,77.508633,78.812551,76.971138,78.653290,10103000
2025-05-19,77.797286,79.499350,77.787330,79.350044,7045500
2025-05-20,79.300272,81.320851,78.961854,81.022247,13967400
2025-05-21,80.116474,80.982439,78.434321,78.961861,13135900
2025-05-22,78.613489,79.399816,78.095898,78.882233,7778900
2025-05-23,77.687799,78.912087,77.638028,78.673203,6078200
2025-05-27,79.588932,79.877588,78.673204,78.931999,15176400
2025-05-28,79.180836,79.608841,78.334775,78.404449,8407900
2025-05-29,78.932004,80.206062,77.916733,80.086617,8963700
2025-05-30,79.260463,79.419724,77.697749,78.822510,15780500
2025-06-02,79.827817,81.350723,79.121112,80.862991,13023100
2025-06-03,81.091928,82.445617,80.126428,81.957886,12771400
2025-06-04,82.017614,83.032877,81.838449,82.097244,8291000
2025-06-05,81.957884,82.943296,81.042156,82.176865,8085900
2025-06-06,82.833806,84.058094,82.833806,83.868980,10003500
2025-06-09,84.645360,84.973830,83.022927,83.878929,11540800
2025-06-10,84.296988,85.561092,83.948607,84.884247,12066900
2025-06-11,85.391878,85.541184,83.918743,83.978470,12058300
2025-06-12,83.520605,84.366659,83.102548,83.968513,8451100
2025-06-13,82.535207,83.809266,82.395857,83.212051,11206500
2025-06-16,83.321527,83.530552,82.007653,82.983109,9199000
2025-06-17,82.445617,83.162277,81.629423,81.719002,11632800
2025-06-18,81.928031,83.032881,81.141696,82.276413,9008100
2025-06-20,82.724319,82.903484,81.310911,81.997704,8489200
2025-06-23,82.124128,82.462575,80.531419,81.895172,11661300
2025-06-24,82.601941,83.786514,81.984763,83.438110,9675700
2025-06-25,83.408252,83.467977,82.104223,82.890617,7246400
2025-06-26,83.079753,83.537656,82.432713,83.298752,9316800
2025-06-27,83.219114,83.746698,82.153989,82.631805,11032700
2025-06-30,82.880660,83.368426,82.313258,82.552162,8503400
2025-07-01,82.084307,84.483330,81.666222,82.701485,11537600
2025-07-02,82.621849,84.881503,82.333169,84.403694,10887400
2025-07-03,84.622699,85.070645,84.035383,84.851646,4956000
2025-07-07,84.483327,84.742137,82.641750,83.199203,8494300
2025-07-08,83.318650,84.971091,83.069789,84.324051,9617300
2025-07-09,85.249822,87.509484,85.150279,87.469666,14875400
2025-07-10,87.469662,88.206289,86.643442,87.977333,9903200
2025-07-11,87.180989,87.509487,86.304993,86.623535,7716800
2025-07-14,86.434402,88.146567,86.344808,87.867836,6410900
2025-07-15,88.295883,88.325752,85.299602,85.518600,12109600
2025-07-16,86.076036,87.489564,86.046174,87.419884,13045500
2025-07-17,87.519435,88.335699,87.300436,87.718529,8903900
2025-07-18,87.867841,88.654243,85.687824,85.876953,14199700
2025-07-21,86.085996,87.141165,85.269733,85.478775,9134900
2025-07-22,85.289643,86.444354,85.110462,86.334862,8446500
2025-07-23,87.220797,88.305827,86.444344,87.818062,12211700
2025-07-24,87.867838,88.156517,86.862445,87.091393,10815700
2025-07-25,87.171027,87.469664,86.334858,87.210846,9111500
2025-07-28,87.290483,87.778248,85.677861,86.175583,12818500
2025-07-29,86.255228,86.424452,85.050742,85.448914,11511500
2025-07-30,86.494124,87.409931,85.319500,85.847084,11644000
2025-07-31,85.707727,87.071488,84.941239,85.269737,11802100
2025-08-01,84.443511,85.647997,84.005513,85.538498,9334100
2025-08-04,85.518588,86.563800,84.582869,86.424438,7662100
2025-08-05,86.135758,87.021703,85.269727,86.454300,8943700
2025-08-06,85.787370,85.986456,84.592840,85.737595,11585000
2025-08-07,85.339418,85.498685,84.134924,84.931282,9802700
2025-08-08,85.030823,85.568363,84.652557,85.040779,6667100
2025-08-11,84.622700,85.578326,84.423607,84.772018,6216000
2025-08-12,85.090553,86.643443,84.981053,86.523987,9684500
2025-08-13,87.081438,89.390868,86.872388,89.112137,14986100
2025-08-14,88.086837,89.490417,88.066932,89.161919,11579800
2025-08-15,89.361003,90.326585,89.092237,90.266861,10672400
2025-08-18,90.187226,90.923853,89.709417,89.799004,6353200
2025-08-19,89.261463,89.351057,88.196338,88.395432,8271800
2025-08-20,88.146561,88.962825,87.778244,88.813507,7956400
2025-08-21,88.206293,89.619822,87.828027,89.510323,8439100
2025-08-22,89.878641,91.560944,89.550142,90.505768,9891300
2025-08-25,90.465942,90.764578,88.196331,88.385468,8513200
2025-08-26,88.664197,89.540185,88.305837,89.490417,6180600
2025-08-27,89.380917,90.067776,89.231599,89.878639,5737100
2025-08-28,89.968226,90.714809,89.619822,89.878639,4462900
2025-08-29,89.828858,90.266856,88.923008,89.440636,5049800
2025-09-02,90.874081,93.083967,90.684944,92.456833,14515200
2025-09-03,92.645961,94.427806,92.188057,93.223320,9128600
2025-09-04,93.163592,93.541866,92.068605,93.044144,7801200
2025-09-05,93.293007,95.214214,93.273094,95.035034,13163100
2025-09-08,94.547268,94.646811,93.372644,93.999771,10459300
2025-09-09,93.969912,94.557221,93.233286,94.547272,6725100
2025-09-10,94.736394,94.855850,93.074004,93.472183,10477300
2025-09-11,93.561784,95.303811,93.382604,95.263992,7953900
2025-09-12,94.985258,95.214213,93.661315,93.691185,9366000
2025-09-15,93.651374,94.019683,92.217932,93.004333,9160400
2025-09-16,93.103870,93.701135,92.835103,93.312912,6439800
2025-09-17,93.631453,95.373480,93.064050,93.342773,15125300
2025-09-18,94.358129,96.289292,94.278492,96.239517,9284900
2025-09-19,96.548111,96.597886,94.935496,95.164444,7144100
2025-09-22,95.579651,97.242518,94.932428,96.884056,11373600
2025-09-23,96.674947,97.332130,96.206963,96.356316,7122400
2025-09-24,96.844230,97.650764,96.565428,97.023460,9202600
2025-09-25,96.336413,96.565433,95.330728,95.450218,9148300
2025-09-26,95.868414,97.581062,95.450211,97.531273,12363300
2025-09-29,97.909657,99.064694,97.591025,98.975082,9957300
2025-09-30,98.994995,100.100251,98.447351,99.771660,12913900
2025-10-01,99.682046,101.713327,99.682046,100.956573,9736200
2025-10-02,101.205508,102.161403,100.578203,102.151443,8601200
2025-10-03,102.549734,103.654990,102.350592,103.157127,12886500
2025-10-06,103.674904,104.063236,103.007763,103.196953,7956100
2025-10-07,103.416017,103.605207,102.111619,103.236786,6746400
2025-10-08,103.854139,106.074602,103.296528,104.989265,11850000
2025-10-09,105.407469,106.801486,105.317850,106.064644,12143500
2025-10-10,106.552553,106.622253,103.684859,104.541183,16973100
2025-10-13,104.670632,105.407466,104.003490,104.819984,10190500
2025-10-14,103.684866,105.556834,102.987861,104.670639,7819800
2025-10-15,105.058964,108.155670,104.919563,107.906738,11955900
2025-10-16,109.221097,110.485665,106.532635,107.448708,17515100
2025-10-17,107.040452,108.374720,106.044727,107.339172,9981100
2025-10-20,108.364775,110.067464,107.876864,109.699043,8697800
2025-10-21,109.659215,110.067466,108.613708,109.091652,6792800
2025-10-22,108.404606,109.091651,106.104476,106.861229,10679200
2025-10-23,106.920966,107.428788,106.044731,107.100197,6341400
2025-10-24,108.285113,108.474303,107.598060,107.926651,5692700
2025-10-27,109.539728,111.361900,109.420239,111.112968,13303700
2025-10-28,110.973565,111.949379,110.346261,111.521217,9438100
2025-10-29,111.441560,112.128612,109.748830,110.485664,8714900
2025-10-30,110.117246,112.726048,109.758791,111.431610,9328800
2025-10-31,111.381815,112.526901,110.366171,112.228180,11962400
2025-11-03,110.505581,111.451516,107.428786,109.390366,15230300
2025-11-04,107.866909,109.718959,107.538318,107.578148,13665400
2025-11-05,107.130071,109.380412,106.861229,108.743149,9127700
2025-11-06,108.802881,109.609423,108.205447,108.822800,11352600
2025-11-07,107.876865,108.504176,105.845592,108.494217,15136300
2025-11-10,109.808575,110.565328,108.812850,109.619385,11453400
2025-11-11,109.410279,113.662030,109.061777,113.522629,13743200
2025-11-12,113.223908,114.468565,112.895317,113.622200,12302600
2025-11-13,112.745967,113.871134,111.391780,111.431610,14770400
2025-11-14,110.704725,114.866856,110.635024,113.522629,14433900
2025-11-17,113.024770,115.683354,112.576689,114.339127,12401800
2025-11-18,113.442973,115.404553,112.765880,114.687630,9910700
2025-11-19,114.319209,115.026173,112.984940,114.010536,10309600
2025-11-20,115.653481,117.396000,113.253780,113.343399,13951600
2025-11-21,113.333433,117.127143,113.084501,116.151337,11618700
2025-11-24,116.708946,119.277919,116.609375,119.068817,9908800
2025-11-25,119.327700,120.890996,119.048898,120.851166,10532400
2025-11-26,121.030399,122.942189,120.442917,122.324837,8946600
2025-11-28,122.504065,122.752997,121.966373,122.633514,4255500
2025-12-01,121.329104,121.448594,119.228124,119.337654,10987500
2025-12-02,119.287874,119.745906,117.216764,117.953598,22047200
2025-12-03,118.252328,121.438646,118.232409,121.309204,10792000
2025-12-04,120.701808,123.081591,120.263687,122.723129,10978100
2025-12-05,123.240900,123.649151,122.165523,122.882446,7524500
2025-12-08,124.615007,125.331930,122.882447,123.131378,9670300
2025-12-09,122.553856,123.469921,120.612187,120.671936,9640500
2025-12-10,120.711773,122.115741,120.144209,121.528267,9219200
2025-12-11,121.488426,123.220985,121.279324,122.494102,7018100
2025-12-12,122.484156,123.081589,121.378900,122.603638,7792700
2025-12-15,122.882443,123.997651,121.697528,122.314873,7533000
2025-12-16,121.677616,122.294969,120.462838,121.488434,7972000
2025-12-17,121.667661,122.464236,120.293555,120.423004,7928000
2025-12-18,120.592275,121.508340,119.078768,119.496979,7083800
2025-12-19,120.223856,123.499793,120.223856,122.902359,13016100
2025-12-22,123.199065,126.375947,122.799456,125.786530,10518300
2025-12-23,125.336965,126.236084,124.557732,124.767525,6775100
2025-12-24,125.316990,126.306017,124.957343,126.176147,3303100
2025-12-26,125.766541,125.876433,124.058219,124.857437,5653900
2025-12-29,123.908369,124.297986,122.969288,123.268997,7372200
2025-12-30,123.019242,123.249020,121.221004,121.550682,7879400
2025-12-31,121.390839,122.679574,120.831383,121.810425,7327700
2026-01-02,122.150090,122.429822,120.122082,121.400826,8840800
2026-01-05,121.211016,121.620610,118.164004,120.032173,11833100
2026-01-06,119.872329,122.070176,119.642559,121.970268,8364800
2026-01-07,122.829424,128.993372,122.629624,126.306015,19350100
2026-01-08,124.747542,125.356945,122.240002,123.588676,14907800
2026-01-09,125.077217,125.886428,124.028252,124.377907,9956800
2026-01-12,123.858418,124.048227,121.440786,123.808464,10175000
2026-01-13,123.239021,124.168109,121.750485,123.728539,8421700
2026-01-14,123.658613,126.765564,123.338927,126.695633,10927700
2026-01-15,126.375943,127.095238,124.058219,124.228050,10400500
2026-01-16,124.477806,125.556749,123.518749,124.058220,9758200
2026-01-20,122.299941,125.287015,121.151068,125.167130,10780000
2026-01-21,125.097202,128.164184,124.767524,128.054291,8406000
2026-01-22,128.154197,131.960458,128.064289,131.440979,9726200
2026-01-23,130.801594,131.540874,127.734613,127.914429,11376600
2026-01-26,126.685638,128.363999,125.786527,127.734612,6799300
2026-01-27,127.744597,129.802567,127.404927,128.403946,6965800
2026-01-28,128.483878,128.583786,125.676636,125.816498,8477500
2026-01-29,125.806504,127.225110,125.287017,126.615707,6083400
2026-01-30,126.046268,127.015318,123.668605,124.627663,10206300
2026-02-02,123.928354,127.424921,123.908369,127.225113,5748400
2026-02-03,127.165171,129.572803,125.856458,127.524818,8920200
2026-02-04,127.744601,128.194164,123.288976,125.167130,12029000
2026-02-05,124.108176,126.495832,120.162045,120.601616,14456700
2026-02-06,122.729522,125.746565,122.669583,125.386917,9603100
2026-02-09,125.077217,126.216098,123.708565,125.986328,5285300
2026-02-10,125.676635,126.925409,125.057240,125.217079,5884200
2026-02-11,125.157143,125.446859,121.570667,124.527763,7805400
2026-02-12,125.037266,125.486821,122.110139,123.059204,6850000
2026-02-13,123.478789,125.976338,122.379870,122.739517,8805000
2026-02-17,122.579667,125.336962,121.980257,124.507774,7777600
2026-02-18,123.988285,126.246071,123.788484,125.476822,6237900
2026-02-19,124.627661,126.665661,123.308956,126.615707,9191400
2026-02-20,124.697593,125.476826,122.819439,124.657631,13356300
2026-02-23,125.316984,128.164179,125.017275,126.845482,10952000
2026-02-24,127.235103,129.512865,126.985348,129.033340,9478000
2026-02-25,129.123255,131.051355,127.964389,128.154205,9733900
2026-02-26,127.374961,127.704639,124.877412,127.544792,9223800
2026-02-27,125.946366,127.374964,125.636673,127.245094,5937500
2026-03-02,124.507773,127.185145,124.028248,126.425896,9334600
2026-03-03,123.438822,125.177121,121.860377,123.378883,13501200
2026-03-04,124.327951,126.965362,123.169093,126.296021,8470000
2026-03-05,124.647638,125.456849,122.599653,123.778496,10130700
2026-03-06,121.650579,124.028250,120.731483,123.878395,11373300
2026-03-09,124.078196,127.394940,123.478786,126.995338,12194300
2026-03-10,126.565759,128.983384,126.565759,127.305031,10042000
2026-03-11,126.545774,127.534809,125.297000,126.256058,7379400
2026-03-12,124.627664,124.727565,121.690545,122.499756,11524800
2026-03-13,123.308955,124.787507,120.851368,121.710526,10405300
2026-03-16,123.179088,124.407877,122.979279,123.788490,7354200
2026-03-17,123.698575,125.067234,123.548720,124.068214,5898900
2026-03-18,123.079181,123.229035,120.941280,120.991234,9336100
2026-03-19,120.172037,123.239026,119.572627,122.210037,11717300
2026-03-20,121.580645,123.398860,119.412775,120.192009,12186700
2026-03-23,121.730505,123.159103,120.831386,121.580650,8366700
2026-03-24,120.142063,120.511695,118.074093,119.422768,10280000
2026-03-25,121.121098,124.877412,120.981235,123.798470,11469100
2026-03-26,122.399844,125.516787,122.399844,123.778496,11477100
2026-03-27,123.119139,123.568703,119.392802,119.472717,10706300
2026-03-30,119.612586,120.491720,118.164004,118.663513,9306200
2026-03-31,122.759494,127.824522,122.619632,127.604744,18482500
2026-04-01,128.663690,131.321085,127.904441,128.423935,20031500
2026-04-02,125.536775,129.822561,125.446859,128.833542,9896100
2026-04-06,129.023338,130.411975,128.533829,128.673691,6290400
2026-04-07,127.844506,129.093280,126.246077,128.723648,9788800
2026-04-08,132.290134,133.139307,129.662709,130.521866,7511800
2026-04-09,129.572804,132.020398,129.422957,131.690735,5596600
2026-04-10,131.960460,132.140291,128.633724,129.313065,10034300
2026-04-13,130.172218,133.468985,130.062325,131.920502,7851900
2026-04-14,133.069366,136.266225,132.899534,135.586899,11046900
2026-04-15,136.236254,137.365151,134.318139,136.316177,8563800
2026-04-16,136.006490,136.496014,134.577899,135.327164,6839900
2026-04-17,137.634901,139.053506,137.075452,138.534012,10212700
2026-04-20,137.854678,138.494049,136.865643,137.654861,6034000
2026-04-21,137.844678,138.114417,135.656823,136.256241,6756500
2026-04-22,137.804726,138.543990,136.346151,137.175339,4641000
2026-04-23,136.685825,137.984538,133.458982,134.358109,7785000
2026-04-24,134.398066,134.757714,131.840579,133.149292,6790700
2026-04-27,133.309148,135.726773,132.499944,132.909531,6658700
2026-04-28,132.100315,134.308154,130.941464,131.031372,7649700
2026-04-29,129.922472,130.481920,127.634716,128.773590,9033100
2026-04-30,129.662704,131.710697,129.193179,131.201202,7917900
2026-05-01,130.491900,131.331088,128.863509,130.292099,8261100
2026-05-04,129.862527,133.638819,129.672711,133.369080,8114200
2026-05-05,135.017450,136.236255,131.830591,133.658783,8702600
2026-05-06,134.777695,137.814707,134.118339,137.544968,8468600
2026-05-07,136.665851,137.035483,131.830601,133.528931,10692800
2026-05-08,133.738708,135.746747,133.139306,134.577896,11783800
2026-05-11,135.107384,137.964580,134.018441,134.617859,9991800
2026-05-12,134.288170,135.357128,133.129304,134.777695,5994100
2026-05-13,134.487977,136.236261,133.558896,135.716782,7037200
2026-05-14,136.126364,136.775735,133.409030,134.717758,5197100
2026-05-15,133.079377,133.538917,130.172227,130.561844,9438200
2026-05-18,130.771620,131.371038,126.575742,127.544792,8076600
2026-05-19,127.155182,128.004355,124.947350,126.665665,12027000
2026-05-20,127.684657,131.940489,127.684657,131.580841,10734400
2026-05-21,130.511880,133.299137,129.542830,132.649780,6852700
2026-05-22,132.360072,134.158294,131.341068,131.530884,6467700
2026-05-26,132.340096,133.548901,131.261154,133.219238,5928300
2026-05-27,133.488958,135.896598,133.169280,134.318146,7576700
2026-05-28,134.098360,136.426077,132.999448,135.856644,6861000
2026-05-29,136.346153,137.215310,135.477011,136.555954,6734800
2026-06-01,135.486991,135.526961,132.110316,133.488953,7929300
2026-06-02,131.410996,131.840583,127.444896,127.634712,14202400
2026-06-03,127.444897,129.862529,126.995341,129.702682,8097300
2026-06-04,130.312081,134.348112,130.312081,133.289154,7324200
2026-06-05,132.639793,133.189257,128.054283,128.543808,8408400
2026-06-08,130.082315,130.931472,127.724621,128.304047,6472300
2026-06-09,131.001405,132.260164,127.434899,131.251160,11868500
2026-06-10,130.312085,133.488959,128.663694,128.723648,8127300
2026-06-11,129.013357,133.289159,128.324031,132.609833,10176700
2026-06-12,132.849580,135.407067,132.829610,133.658783,7822900
2026-06-15,135.616879,136.635883,134.418059,136.266235,5269900
2026-06-16,136.296203,137.225299,134.038425,135.207275,6925500
2026-06-17,136.386115,141.680921,136.226269,139.253296,17203400
2026-06-18,141.860744,143.319319,138.563977,140.582001,9569900
2026-06-22,143.529999,146.770004,143.250000,145.860001,16738700
2026-06-23,144.110001,148.759995,144.110001,147.029999,10610000
2026-06-24,147.320007,151.779999,147.320007,149.710007,13716000
2026-06-25,149.889999,154.699997,149.889999,151.589996,12268600
2026-06-26,151.229996,155.929993,151.199997,155.380005,11014400
2026-06-29,155.500000,158.330002,154.369995,158.309998,12227900
2026-06-30,158.809998,160.009995,157.520004,158.250000,9017700
2026-07-01,157.929993,159.000000,156.190002,156.550003,7575200
2026-07-02,157.509995,160.820007,156.479996,160.460007,9683200
2026-07-06,160.229996,161.559998,158.669998,160.809998,7470600
2026-07-07,162.039993,164.350006,159.350006,163.869995,9548200
2026-07-08,162.229996,164.139999,159.460007,162.970001,10792500
2026-07-09,162.800003,165.710007,162.800003,164.279999,7532000
2026-07-10,163.889999,164.229996,156.270004,159.029999,12260000
2026-07-13,157.229996,157.289993,153.869995,155.339996,11350500
2026-07-14,155.720001,156.320007,153.750000,155.449997,8187600
2026-07-15,154.250000,156.330002,152.899994,156.220001,5608900
2026-07-16,155.020004,155.649994,150.929993,152.000000,9850600
2026-07-17,149.570007,155.470001,149.149994,154.259995,11569600
